2025-08-15 10:23:45,597 - pyiron_log - INFO - Assigning a channel with the label a to the io key add1139838738801312__a
2025-08-15 10:23:45,598 - pyiron_log - INFO - Assigning a channel with the label a to the io key add3139835949260944__a
2025-08-15 10:23:45,598 - pyiron_log - INFO - Assigning a channel with the label a to the io key add5__a
2025-08-15 10:23:45,598 - pyiron_log - INFO - Assigning a channel with the label a to the io key add6__a
2025-08-15 10:23:45,598 - pyiron_log - INFO - Assigning a channel with the label c to the io key macro139835949263200__c
2025-08-15 10:23:45,598 - pyiron_log - INFO - Assigning a channel with the label a to the io key add1139838738801312__a
2025-08-15 10:23:45,599 - pyiron_log - INFO - Assigning a channel with the label a to the io key add3139835949260944__a
2025-08-15 10:23:45,599 - pyiron_log - INFO - Assigning a channel with the label a to the io key add5__a
2025-08-15 10:23:45,599 - pyiron_log - INFO - Assigning a channel with the label a to the io key add6__a
2025-08-15 10:23:45,599 - pyiron_log - INFO - Assigning a channel with the label c to the io key macro139835949263200__c
2025-08-15 10:23:45,599 - pyiron_log - INFO - Assigning a channel with the label a to the io key add1139838738801312__a
2025-08-15 10:23:45,599 - pyiron_log - INFO - Assigning a channel with the label a to the io key add3139835949260944__a
2025-08-15 10:23:45,599 - pyiron_log - INFO - Assigning a channel with the label a to the io key add5__a
2025-08-15 10:23:45,599 - pyiron_log - INFO - Assigning a channel with the label a to the io key add6__a
2025-08-15 10:23:45,599 - pyiron_log - INFO - Assigning a channel with the label c to the io key macro139835949263200__c
2025-08-15 10:23:45,599 - pyiron_log - INFO - Assigning a channel with the label a to the io key add1139838738801312__a
2025-08-15 10:23:45,599 - pyiron_log - INFO - Assigning a channel with the label a to the io key add3139835949260944__a
2025-08-15 10:23:45,599 - pyiron_log - INFO - Assigning a channel with the label a to the io key add5__a
2025-08-15 10:23:45,599 - pyiron_log - INFO - Assigning a channel with the label a to the io key add6__a
2025-08-15 10:23:45,599 - pyiron_log - INFO - Assigning a channel with the label c to the io key macro139835949263200__c
2025-08-15 10:23:45,599 - pyiron_log - INFO - Assigning a channel with the label a to the io key add1139838738801312__a
2025-08-15 10:23:45,599 - pyiron_log - INFO - Assigning a channel with the label a to the io key add3139835949260944__a
2025-08-15 10:23:45,599 - pyiron_log - INFO - Assigning a channel with the label a to the io key add5__a
2025-08-15 10:23:45,599 - pyiron_log - INFO - Assigning a channel with the label a to the io key add6__a
2025-08-15 10:23:45,599 - pyiron_log - INFO - Assigning a channel with the label c to the io key macro139835949263200__c
2025-08-15 10:23:45,599 - pyiron_log - INFO - Assigning a channel with the label a to the io key add1139838738801312__a
2025-08-15 10:23:45,599 - pyiron_log - INFO - Assigning a channel with the label a to the io key add3139835949260944__a
2025-08-15 10:23:45,599 - pyiron_log - INFO - Assigning a channel with the label a to the io key add5__a
2025-08-15 10:23:45,599 - pyiron_log - INFO - Assigning a channel with the label a to the io key add6__a
2025-08-15 10:23:45,599 - pyiron_log - INFO - Assigning a channel with the label c to the io key macro139835949263200__c
2025-08-15 10:24:02,793 - pyiron_log - INFO - Assigning a channel with the label a to the io key add1139838738801312__a
2025-08-15 10:24:02,793 - pyiron_log - INFO - Assigning a channel with the label a to the io key add3139835949260944__a
2025-08-15 10:24:02,793 - pyiron_log - INFO - Assigning a channel with the label a to the io key add5__a
2025-08-15 10:24:02,793 - pyiron_log - INFO - Assigning a channel with the label a to the io key add6__a
2025-08-15 10:24:02,793 - pyiron_log - INFO - Assigning a channel with the label c to the io key macro139835949263200__c
2025-08-15 10:24:02,793 - pyiron_log - INFO - Assigning a channel with the label a to the io key add1139838738801312__a
2025-08-15 10:24:02,793 - pyiron_log - INFO - Assigning a channel with the label a to the io key add3139835949260944__a
2025-08-15 10:24:02,793 - pyiron_log - INFO - Assigning a channel with the label a to the io key add5__a
2025-08-15 10:24:02,793 - pyiron_log - INFO - Assigning a channel with the label a to the io key add6__a
2025-08-15 10:24:02,793 - pyiron_log - INFO - Assigning a channel with the label c to the io key macro139835949263200__c
2025-08-15 10:24:02,793 - pyiron_log - INFO - Assigning a channel with the label a to the io key add1139838738801312__a
2025-08-15 10:24:02,793 - pyiron_log - INFO - Assigning a channel with the label a to the io key add3139835949260944__a
2025-08-15 10:24:02,793 - pyiron_log - INFO - Assigning a channel with the label a to the io key add5__a
2025-08-15 10:24:02,793 - pyiron_log - INFO - Assigning a channel with the label a to the io key add6__a
2025-08-15 10:24:02,793 - pyiron_log - INFO - Assigning a channel with the label c to the io key macro139835949263200__c
2025-08-15 10:24:02,793 - pyiron_log - INFO - Assigning a channel with the label a to the io key add1139838738801312__a
2025-08-15 10:24:02,793 - pyiron_log - INFO - Assigning a channel with the label a to the io key add3139835949260944__a
2025-08-15 10:24:02,793 - pyiron_log - INFO - Assigning a channel with the label a to the io key add5__a
2025-08-15 10:24:02,793 - pyiron_log - INFO - Assigning a channel with the label a to the io key add6__a
2025-08-15 10:24:02,793 - pyiron_log - INFO - Assigning a channel with the label c to the io key macro139835949263200__c
2025-08-15 10:24:02,794 - pyiron_log - INFO - Assigning a channel with the label a to the io key add1139838738801312__a
2025-08-15 10:24:02,794 - pyiron_log - INFO - Assigning a channel with the label a to the io key add3139835949260944__a
2025-08-15 10:24:02,794 - pyiron_log - INFO - Assigning a channel with the label a to the io key add5__a
2025-08-15 10:24:02,794 - pyiron_log - INFO - Assigning a channel with the label a to the io key add6__a
2025-08-15 10:24:02,794 - pyiron_log - INFO - Assigning a channel with the label c to the io key macro139835949263200__c
2025-08-15 10:24:02,794 - pyiron_log - INFO - Assigning a channel with the label a to the io key add1139838738801312__a
2025-08-15 10:24:02,794 - pyiron_log - INFO - Assigning a channel with the label a to the io key add3139835949260944__a
2025-08-15 10:24:02,794 - pyiron_log - INFO - Assigning a channel with the label a to the io key add5__a
2025-08-15 10:24:02,794 - pyiron_log - INFO - Assigning a channel with the label a to the io key add6__a
2025-08-15 10:24:02,794 - pyiron_log - INFO - Assigning a channel with the label c to the io key macro139835949263200__c
2025-08-15 10:24:16,523 - pyiron_log - INFO - Assigning a channel with the label a to the io key add1139838738801312__a
2025-08-15 10:24:16,523 - pyiron_log - INFO - Assigning a channel with the label a to the io key add3139835949260944__a
2025-08-15 10:24:16,523 - pyiron_log - INFO - Assigning a channel with the label a to the io key add5__a
2025-08-15 10:24:16,523 - pyiron_log - INFO - Assigning a channel with the label a to the io key add6__a
2025-08-15 10:24:16,523 - pyiron_log - INFO - Assigning a channel with the label c to the io key macro139835949263200__c
2025-08-15 10:24:16,524 - pyiron_log - INFO - Assigning a channel with the label a to the io key add1139838738801312__a
2025-08-15 10:24:16,524 - pyiron_log - INFO - Assigning a channel with the label a to the io key add3139835949260944__a
2025-08-15 10:24:16,524 - pyiron_log - INFO - Assigning a channel with the label a to the io key add5__a
2025-08-15 10:24:16,524 - pyiron_log - INFO - Assigning a channel with the label a to the io key add6__a
2025-08-15 10:24:16,524 - pyiron_log - INFO - Assigning a channel with the label c to the io key macro139835949263200__c
2025-08-15 10:24:16,524 - pyiron_log - INFO - Assigning a channel with the label a to the io key add1139838738801312__a
2025-08-15 10:24:16,524 - pyiron_log - INFO - Assigning a channel with the label a to the io key add3139835949260944__a
2025-08-15 10:24:16,524 - pyiron_log - INFO - Assigning a channel with the label a to the io key add5__a
2025-08-15 10:24:16,524 - pyiron_log - INFO - Assigning a channel with the label a to the io key add6__a
2025-08-15 10:24:16,524 - pyiron_log - INFO - Assigning a channel with the label c to the io key macro139835949263200__c
2025-08-15 10:24:16,524 - pyiron_log - INFO - Assigning a channel with the label a to the io key add1139838738801312__a
2025-08-15 10:24:16,524 - pyiron_log - INFO - Assigning a channel with the label a to the io key add3139835949260944__a
2025-08-15 10:24:16,524 - pyiron_log - INFO - Assigning a channel with the label a to the io key add5__a
2025-08-15 10:24:16,524 - pyiron_log - INFO - Assigning a channel with the label a to the io key add6__a
2025-08-15 10:24:16,524 - pyiron_log - INFO - Assigning a channel with the label c to the io key macro139835949263200__c
2025-08-15 10:24:16,524 - pyiron_log - INFO - Assigning a channel with the label outp to the io key macro2__outp
2025-08-15 10:24:16,524 - pyiron_log - INFO - Assigning a channel with the label a+1 to the io key add4139835949731808__a+1
2025-08-15 10:25:25,803 - pyiron_log - INFO - Assigning a channel with the label a to the io key add1139838738801312__a
2025-08-15 10:25:25,803 - pyiron_log - INFO - Assigning a channel with the label a to the io key add3139835949260944__a
2025-08-15 10:25:25,803 - pyiron_log - INFO - Assigning a channel with the label a to the io key add5__a
2025-08-15 10:25:25,803 - pyiron_log - INFO - Assigning a channel with the label a to the io key add6__a
2025-08-15 10:25:25,803 - pyiron_log - INFO - Assigning a channel with the label c to the io key macro139835949263200__c
2025-08-15 10:25:25,804 - pyiron_log - INFO - Assigning a channel with the label a to the io key add1139838738801312__a
2025-08-15 10:25:25,804 - pyiron_log - INFO - Assigning a channel with the label a to the io key add3139835949260944__a
2025-08-15 10:25:25,804 - pyiron_log - INFO - Assigning a channel with the label a to the io key add5__a
2025-08-15 10:25:25,804 - pyiron_log - INFO - Assigning a channel with the label a to the io key add6__a
2025-08-15 10:25:25,804 - pyiron_log - INFO - Assigning a channel with the label c to the io key macro139835949263200__c
2025-08-15 10:25:25,804 - pyiron_log - INFO - Assigning a channel with the label a to the io key add1139838738801312__a
2025-08-15 10:25:25,804 - pyiron_log - INFO - Assigning a channel with the label a to the io key add3139835949260944__a
2025-08-15 10:25:25,804 - pyiron_log - INFO - Assigning a channel with the label a to the io key add5__a
2025-08-15 10:25:25,804 - pyiron_log - INFO - Assigning a channel with the label a to the io key add6__a
2025-08-15 10:25:25,804 - pyiron_log - INFO - Assigning a channel with the label c to the io key macro139835949263200__c
2025-08-15 10:25:25,804 - pyiron_log - INFO - Assigning a channel with the label a to the io key add1139838738801312__a
2025-08-15 10:25:25,804 - pyiron_log - INFO - Assigning a channel with the label a to the io key add3139835949260944__a
2025-08-15 10:25:25,804 - pyiron_log - INFO - Assigning a channel with the label a to the io key add5__a
2025-08-15 10:25:25,804 - pyiron_log - INFO - Assigning a channel with the label a to the io key add6__a
2025-08-15 10:25:25,804 - pyiron_log - INFO - Assigning a channel with the label c to the io key macro139835949263200__c
2025-08-15 10:25:25,804 - pyiron_log - INFO - Assigning a channel with the label outp to the io key macro2__outp
2025-08-15 10:25:25,804 - pyiron_log - INFO - Assigning a channel with the label a+1 to the io key add4139835949731808__a+1
2025-08-22 08:50:45,217 - pyiron_log - INFO - Assigning a channel with the label a to the io key add1140110891809728__a
2025-08-22 08:50:45,218 - pyiron_log - INFO - Assigning a channel with the label a to the io key add1140110891809728__a
2025-08-22 08:50:45,218 - pyiron_log - INFO - Assigning a channel with the label a to the io key add1140110891809728__a
2025-08-22 08:50:45,218 - pyiron_log - INFO - Assigning a channel with the label a to the io key add1140110891809728__a
2025-08-22 08:50:45,218 - pyiron_log - INFO - Assigning a channel with the label a to the io key add1140110891809728__a
2025-08-22 08:50:45,218 - pyiron_log - INFO - Assigning a channel with the label a to the io key add1140110891809728__a
2025-08-22 08:50:54,673 - pyiron_log - INFO - Assigning a channel with the label a to the io key add1140110891809728__a
2025-08-22 08:50:54,673 - pyiron_log - INFO - Assigning a channel with the label a to the io key add1140110891809728__a
2025-08-22 08:50:54,673 - pyiron_log - INFO - Assigning a channel with the label a to the io key add1140110891809728__a
2025-08-22 08:50:54,673 - pyiron_log - INFO - Assigning a channel with the label a to the io key add1140110891809728__a
2025-08-22 08:50:54,673 - pyiron_log - INFO - Assigning a channel with the label a to the io key add1140110891809728__a
2025-08-22 08:50:54,673 - pyiron_log - INFO - Assigning a channel with the label a to the io key add1140110891809728__a
2025-08-22 08:50:54,673 - pyiron_log - INFO - Assigning a channel with the label a+1 to the io key add2140110889804256__a+1
2025-08-22 08:51:57,823 - pyiron_log - INFO - Assigning a channel with the label a to the io key add1140715953179008__a
2025-08-22 08:51:57,824 - pyiron_log - INFO - Assigning a channel with the label a to the io key add3140715953545696__a
2025-08-22 08:51:57,824 - pyiron_log - INFO - Assigning a channel with the label a to the io key add5__a
2025-08-22 08:51:57,824 - pyiron_log - INFO - Assigning a channel with the label a to the io key add6__a
2025-08-22 08:51:57,824 - pyiron_log - INFO - Assigning a channel with the label c to the io key macro140715953548000__c
2025-08-22 08:51:57,824 - pyiron_log - INFO - Assigning a channel with the label a to the io key add1140715953179008__a
2025-08-22 08:51:57,824 - pyiron_log - INFO - Assigning a channel with the label a to the io key add3140715953545696__a
2025-08-22 08:51:57,824 - pyiron_log - INFO - Assigning a channel with the label a to the io key add5__a
2025-08-22 08:51:57,824 - pyiron_log - INFO - Assigning a channel with the label a to the io key add6__a
2025-08-22 08:51:57,824 - pyiron_log - INFO - Assigning a channel with the label c to the io key macro140715953548000__c
2025-08-22 08:51:57,824 - pyiron_log - INFO - Assigning a channel with the label a to the io key add1140715953179008__a
2025-08-22 08:51:57,824 - pyiron_log - INFO - Assigning a channel with the label a to the io key add3140715953545696__a
2025-08-22 08:51:57,824 - pyiron_log - INFO - Assigning a channel with the label a to the io key add5__a
2025-08-22 08:51:57,824 - pyiron_log - INFO - Assigning a channel with the label a to the io key add6__a
2025-08-22 08:51:57,824 - pyiron_log - INFO - Assigning a channel with the label c to the io key macro140715953548000__c
2025-08-22 08:51:57,824 - pyiron_log - INFO - Assigning a channel with the label a to the io key add1140715953179008__a
2025-08-22 08:51:57,824 - pyiron_log - INFO - Assigning a channel with the label a to the io key add3140715953545696__a
2025-08-22 08:51:57,824 - pyiron_log - INFO - Assigning a channel with the label a to the io key add5__a
2025-08-22 08:51:57,824 - pyiron_log - INFO - Assigning a channel with the label a to the io key add6__a
2025-08-22 08:51:57,824 - pyiron_log - INFO - Assigning a channel with the label c to the io key macro140715953548000__c
2025-08-22 08:51:57,824 - pyiron_log - INFO - Assigning a channel with the label a to the io key add1140715953179008__a
2025-08-22 08:51:57,824 - pyiron_log - INFO - Assigning a channel with the label a to the io key add3140715953545696__a
2025-08-22 08:51:57,824 - pyiron_log - INFO - Assigning a channel with the label a to the io key add5__a
2025-08-22 08:51:57,825 - pyiron_log - INFO - Assigning a channel with the label a to the io key add6__a
2025-08-22 08:51:57,825 - pyiron_log - INFO - Assigning a channel with the label c to the io key macro140715953548000__c
2025-08-22 08:51:57,825 - pyiron_log - INFO - Assigning a channel with the label a to the io key add1140715953179008__a
2025-08-22 08:51:57,825 - pyiron_log - INFO - Assigning a channel with the label a to the io key add3140715953545696__a
2025-08-22 08:51:57,826 - pyiron_log - INFO - Assigning a channel with the label a to the io key add5__a
2025-08-22 08:51:57,826 - pyiron_log - INFO - Assigning a channel with the label a to the io key add6__a
2025-08-22 08:51:57,826 - pyiron_log - INFO - Assigning a channel with the label c to the io key macro140715953548000__c
2025-08-22 08:51:57,826 - pyiron_log - INFO - Assigning a channel with the label outp to the io key macro2__outp
2025-08-22 08:51:57,826 - pyiron_log - INFO - Assigning a channel with the label a+1 to the io key add4140718609390704__a+1
2025-08-22 08:52:48,672 - pyiron_log - INFO - Assigning a channel with the label a to the io key add1140316988927216__a
2025-08-22 08:52:48,673 - pyiron_log - INFO - Assigning a channel with the label a to the io key add3140313986261136__a
2025-08-22 08:52:48,673 - pyiron_log - INFO - Assigning a channel with the label a to the io key add5__a
2025-08-22 08:52:48,673 - pyiron_log - INFO - Assigning a channel with the label a to the io key add6__a
2025-08-22 08:52:48,673 - pyiron_log - INFO - Assigning a channel with the label c to the io key macro140313986263344__c
2025-08-22 08:52:48,673 - pyiron_log - INFO - Assigning a channel with the label a to the io key add1140316988927216__a
2025-08-22 08:52:48,673 - pyiron_log - INFO - Assigning a channel with the label a to the io key add3140313986261136__a
2025-08-22 08:52:48,673 - pyiron_log - INFO - Assigning a channel with the label a to the io key add5__a
2025-08-22 08:52:48,673 - pyiron_log - INFO - Assigning a channel with the label a to the io key add6__a
2025-08-22 08:52:48,673 - pyiron_log - INFO - Assigning a channel with the label c to the io key macro140313986263344__c
2025-08-22 08:52:48,673 - pyiron_log - INFO - Assigning a channel with the label a to the io key add1140316988927216__a
2025-08-22 08:52:48,673 - pyiron_log - INFO - Assigning a channel with the label a to the io key add3140313986261136__a
2025-08-22 08:52:48,673 - pyiron_log - INFO - Assigning a channel with the label a to the io key add5__a
2025-08-22 08:52:48,673 - pyiron_log - INFO - Assigning a channel with the label a to the io key add6__a
2025-08-22 08:52:48,673 - pyiron_log - INFO - Assigning a channel with the label c to the io key macro140313986263344__c
2025-08-22 08:52:48,673 - pyiron_log - INFO - Assigning a channel with the label a to the io key add1140316988927216__a
2025-08-22 08:52:48,673 - pyiron_log - INFO - Assigning a channel with the label a to the io key add3140313986261136__a
2025-08-22 08:52:48,673 - pyiron_log - INFO - Assigning a channel with the label a to the io key add5__a
2025-08-22 08:52:48,673 - pyiron_log - INFO - Assigning a channel with the label a to the io key add6__a
2025-08-22 08:52:48,673 - pyiron_log - INFO - Assigning a channel with the label c to the io key macro140313986263344__c
2025-08-22 08:52:48,673 - pyiron_log - INFO - Assigning a channel with the label a to the io key add1140316988927216__a
2025-08-22 08:52:48,673 - pyiron_log - INFO - Assigning a channel with the label a to the io key add3140313986261136__a
2025-08-22 08:52:48,673 - pyiron_log - INFO - Assigning a channel with the label a to the io key add5__a
2025-08-22 08:52:48,673 - pyiron_log - INFO - Assigning a channel with the label a to the io key add6__a
2025-08-22 08:52:48,673 - pyiron_log - INFO - Assigning a channel with the label c to the io key macro140313986263344__c
2025-08-22 08:52:48,673 - pyiron_log - INFO - Assigning a channel with the label a to the io key add1140316988927216__a
2025-08-22 08:52:48,673 - pyiron_log - INFO - Assigning a channel with the label a to the io key add3140313986261136__a
2025-08-22 08:52:48,673 - pyiron_log - INFO - Assigning a channel with the label a to the io key add5__a
2025-08-22 08:52:48,674 - pyiron_log - INFO - Assigning a channel with the label a to the io key add6__a
2025-08-22 08:52:48,674 - pyiron_log - INFO - Assigning a channel with the label c to the io key macro140313986263344__c
2025-08-22 08:52:48,674 - pyiron_log - INFO - Assigning a channel with the label outp to the io key macro2__outp
2025-08-22 08:52:48,674 - pyiron_log - INFO - Assigning a channel with the label a+1 to the io key add4__a+1
2025-08-22 08:52:52,878 - pyiron_log - INFO - Assigning a channel with the label a to the io key add1140316988927216__a
2025-08-22 08:52:52,879 - pyiron_log - INFO - Assigning a channel with the label a to the io key add3140313986261136__a
2025-08-22 08:52:52,879 - pyiron_log - INFO - Assigning a channel with the label a to the io key add5__a
2025-08-22 08:52:52,879 - pyiron_log - INFO - Assigning a channel with the label a to the io key add6__a
2025-08-22 08:52:52,879 - pyiron_log - INFO - Assigning a channel with the label c to the io key macro140313986263344__c
2025-08-22 08:52:52,879 - pyiron_log - INFO - Assigning a channel with the label a to the io key add1140316988927216__a
2025-08-22 08:52:52,879 - pyiron_log - INFO - Assigning a channel with the label a to the io key add3140313986261136__a
2025-08-22 08:52:52,879 - pyiron_log - INFO - Assigning a channel with the label a to the io key add5__a
2025-08-22 08:52:52,879 - pyiron_log - INFO - Assigning a channel with the label a to the io key add6__a
2025-08-22 08:52:52,879 - pyiron_log - INFO - Assigning a channel with the label c to the io key macro140313986263344__c
2025-08-22 08:52:52,879 - pyiron_log - INFO - Assigning a channel with the label a to the io key add1140316988927216__a
2025-08-22 08:52:52,879 - pyiron_log - INFO - Assigning a channel with the label a to the io key add3140313986261136__a
2025-08-22 08:52:52,879 - pyiron_log - INFO - Assigning a channel with the label a to the io key add5__a
2025-08-22 08:52:52,879 - pyiron_log - INFO - Assigning a channel with the label a to the io key add6__a
2025-08-22 08:52:52,879 - pyiron_log - INFO - Assigning a channel with the label c to the io key macro140313986263344__c
2025-08-22 08:52:52,879 - pyiron_log - INFO - Assigning a channel with the label a to the io key add1140316988927216__a
2025-08-22 08:52:52,879 - pyiron_log - INFO - Assigning a channel with the label a to the io key add3140313986261136__a
2025-08-22 08:52:52,879 - pyiron_log - INFO - Assigning a channel with the label a to the io key add5__a
2025-08-22 08:52:52,879 - pyiron_log - INFO - Assigning a channel with the label a to the io key add6__a
2025-08-22 08:52:52,879 - pyiron_log - INFO - Assigning a channel with the label c to the io key macro140313986263344__c
2025-08-22 08:52:52,879 - pyiron_log - INFO - Assigning a channel with the label outp to the io key macro2__outp
2025-08-22 08:52:52,880 - pyiron_log - INFO - Assigning a channel with the label a+1 to the io key add4140313986731856__a+1
2025-08-22 08:53:02,050 - pyiron_log - INFO - Assigning a channel with the label a to the io key add1140316988927216__a
2025-08-22 08:53:02,050 - pyiron_log - INFO - Assigning a channel with the label a to the io key add3140313986261136__a
2025-08-22 08:53:02,050 - pyiron_log - INFO - Assigning a channel with the label a to the io key add5__a
2025-08-22 08:53:02,050 - pyiron_log - INFO - Assigning a channel with the label a to the io key add6__a
2025-08-22 08:53:02,050 - pyiron_log - INFO - Assigning a channel with the label c to the io key macro140313986263344__c
2025-08-22 08:53:02,050 - pyiron_log - INFO - Assigning a channel with the label a to the io key add1140316988927216__a
2025-08-22 08:53:02,050 - pyiron_log - INFO - Assigning a channel with the label a to the io key add3140313986261136__a
2025-08-22 08:53:02,050 - pyiron_log - INFO - Assigning a channel with the label a to the io key add5__a
2025-08-22 08:53:02,050 - pyiron_log - INFO - Assigning a channel with the label a to the io key add6__a
2025-08-22 08:53:02,050 - pyiron_log - INFO - Assigning a channel with the label c to the io key macro140313986263344__c
2025-08-22 08:53:02,050 - pyiron_log - INFO - Assigning a channel with the label a to the io key add1140316988927216__a
2025-08-22 08:53:02,050 - pyiron_log - INFO - Assigning a channel with the label a to the io key add3140313986261136__a
2025-08-22 08:53:02,051 - pyiron_log - INFO - Assigning a channel with the label a to the io key add5__a
2025-08-22 08:53:02,051 - pyiron_log - INFO - Assigning a channel with the label a to the io key add6__a
2025-08-22 08:53:02,051 - pyiron_log - INFO - Assigning a channel with the label c to the io key macro140313986263344__c
2025-08-22 08:53:02,051 - pyiron_log - INFO - Assigning a channel with the label a to the io key add1140316988927216__a
2025-08-22 08:53:02,051 - pyiron_log - INFO - Assigning a channel with the label a to the io key add3140313986261136__a
2025-08-22 08:53:02,051 - pyiron_log - INFO - Assigning a channel with the label a to the io key add5__a
2025-08-22 08:53:02,051 - pyiron_log - INFO - Assigning a channel with the label a to the io key add6__a
2025-08-22 08:53:02,051 - pyiron_log - INFO - Assigning a channel with the label c to the io key macro140313986263344__c
2025-08-22 08:53:02,051 - pyiron_log - INFO - Assigning a channel with the label outp to the io key macro2__outp
2025-08-22 08:53:02,051 - pyiron_log - INFO - Assigning a channel with the label a+1 to the io key add4140313986731856__a+1
2025-08-22 08:56:03,351 - pyiron_log - INFO - Assigning a channel with the label a to the io key add1140185373003840__a
2025-08-22 08:56:03,351 - pyiron_log - INFO - Assigning a channel with the label a to the io key add3__a
2025-08-22 08:56:03,351 - pyiron_log - INFO - Assigning a channel with the label a to the io key add5__a
2025-08-22 08:56:03,351 - pyiron_log - INFO - Assigning a channel with the label a to the io key add6__a
2025-08-22 08:56:03,351 - pyiron_log - INFO - Assigning a channel with the label c to the io key macro__c
2025-08-22 08:56:03,352 - pyiron_log - INFO - Assigning a channel with the label a to the io key add1140185373003840__a
2025-08-22 08:56:03,352 - pyiron_log - INFO - Assigning a channel with the label a to the io key add3__a
2025-08-22 08:56:03,352 - pyiron_log - INFO - Assigning a channel with the label a to the io key add5__a
2025-08-22 08:56:03,352 - pyiron_log - INFO - Assigning a channel with the label a to the io key add6__a
2025-08-22 08:56:03,352 - pyiron_log - INFO - Assigning a channel with the label c to the io key macro__c
2025-08-22 08:56:03,352 - pyiron_log - INFO - Assigning a channel with the label a to the io key add1140185373003840__a
2025-08-22 08:56:03,352 - pyiron_log - INFO - Assigning a channel with the label a to the io key add3__a
2025-08-22 08:56:03,352 - pyiron_log - INFO - Assigning a channel with the label a to the io key add5__a
2025-08-22 08:56:03,352 - pyiron_log - INFO - Assigning a channel with the label a to the io key add6__a
2025-08-22 08:56:03,352 - pyiron_log - INFO - Assigning a channel with the label c to the io key macro__c
2025-08-22 08:56:03,352 - pyiron_log - INFO - Assigning a channel with the label a to the io key add1140185373003840__a
2025-08-22 08:56:03,352 - pyiron_log - INFO - Assigning a channel with the label a to the io key add3__a
2025-08-22 08:56:03,352 - pyiron_log - INFO - Assigning a channel with the label a to the io key add5__a
2025-08-22 08:56:03,352 - pyiron_log - INFO - Assigning a channel with the label a to the io key add6__a
2025-08-22 08:56:03,352 - pyiron_log - INFO - Assigning a channel with the label c to the io key macro__c
2025-08-22 08:56:03,352 - pyiron_log - INFO - Assigning a channel with the label a to the io key add1140185373003840__a
2025-08-22 08:56:03,352 - pyiron_log - INFO - Assigning a channel with the label a to the io key add3__a
2025-08-22 08:56:03,352 - pyiron_log - INFO - Assigning a channel with the label a to the io key add5__a
2025-08-22 08:56:03,352 - pyiron_log - INFO - Assigning a channel with the label a to the io key add6__a
2025-08-22 08:56:03,352 - pyiron_log - INFO - Assigning a channel with the label c to the io key macro__c
2025-08-22 08:56:03,352 - pyiron_log - INFO - Assigning a channel with the label a to the io key add1140185373003840__a
2025-08-22 08:56:03,352 - pyiron_log - INFO - Assigning a channel with the label a to the io key add3__a
2025-08-22 08:56:03,352 - pyiron_log - INFO - Assigning a channel with the label a to the io key add5__a
2025-08-22 08:56:03,352 - pyiron_log - INFO - Assigning a channel with the label a to the io key add6__a
2025-08-22 08:56:03,352 - pyiron_log - INFO - Assigning a channel with the label c to the io key macro__c
2025-08-22 08:56:03,352 - pyiron_log - INFO - Assigning a channel with the label outp to the io key macro2__outp
2025-08-22 08:56:03,352 - pyiron_log - INFO - Assigning a channel with the label a+1 to the io key add4__a+1
2025-08-22 08:56:11,218 - pyiron_log - INFO - Assigning a channel with the label a to the io key add1140185373003840__a
2025-08-22 08:56:11,218 - pyiron_log - INFO - Assigning a channel with the label a to the io key add3140185371025936__a
2025-08-22 08:56:11,218 - pyiron_log - INFO - Assigning a channel with the label a to the io key add5__a
2025-08-22 08:56:11,218 - pyiron_log - INFO - Assigning a channel with the label a to the io key add6__a
2025-08-22 08:56:11,218 - pyiron_log - INFO - Assigning a channel with the label c to the io key macro140185371028240__c
2025-08-22 08:56:11,218 - pyiron_log - INFO - Assigning a channel with the label a to the io key add1140185373003840__a
2025-08-22 08:56:11,219 - pyiron_log - INFO - Assigning a channel with the label a to the io key add3140185371025936__a
2025-08-22 08:56:11,219 - pyiron_log - INFO - Assigning a channel with the label a to the io key add5__a
2025-08-22 08:56:11,219 - pyiron_log - INFO - Assigning a channel with the label a to the io key add6__a
2025-08-22 08:56:11,219 - pyiron_log - INFO - Assigning a channel with the label c to the io key macro140185371028240__c
2025-08-22 08:56:11,219 - pyiron_log - INFO - Assigning a channel with the label a to the io key add1140185373003840__a
2025-08-22 08:56:11,219 - pyiron_log - INFO - Assigning a channel with the label a to the io key add3140185371025936__a
2025-08-22 08:56:11,219 - pyiron_log - INFO - Assigning a channel with the label a to the io key add5__a
2025-08-22 08:56:11,219 - pyiron_log - INFO - Assigning a channel with the label a to the io key add6__a
2025-08-22 08:56:11,219 - pyiron_log - INFO - Assigning a channel with the label c to the io key macro140185371028240__c
2025-08-22 08:56:11,219 - pyiron_log - INFO - Assigning a channel with the label a to the io key add1140185373003840__a
2025-08-22 08:56:11,219 - pyiron_log - INFO - Assigning a channel with the label a to the io key add3140185371025936__a
2025-08-22 08:56:11,219 - pyiron_log - INFO - Assigning a channel with the label a to the io key add5__a
2025-08-22 08:56:11,219 - pyiron_log - INFO - Assigning a channel with the label a to the io key add6__a
2025-08-22 08:56:11,219 - pyiron_log - INFO - Assigning a channel with the label c to the io key macro140185371028240__c
2025-08-22 08:56:11,219 - pyiron_log - INFO - Assigning a channel with the label a to the io key add1140185373003840__a
2025-08-22 08:56:11,219 - pyiron_log - INFO - Assigning a channel with the label a to the io key add3140185371025936__a
2025-08-22 08:56:11,219 - pyiron_log - INFO - Assigning a channel with the label a to the io key add5__a
2025-08-22 08:56:11,219 - pyiron_log - INFO - Assigning a channel with the label a to the io key add6__a
2025-08-22 08:56:11,219 - pyiron_log - INFO - Assigning a channel with the label c to the io key macro140185371028240__c
2025-08-22 08:56:11,219 - pyiron_log - INFO - Assigning a channel with the label a to the io key add1140185373003840__a
2025-08-22 08:56:11,219 - pyiron_log - INFO - Assigning a channel with the label a to the io key add3140185371025936__a
2025-08-22 08:56:11,219 - pyiron_log - INFO - Assigning a channel with the label a to the io key add5__a
2025-08-22 08:56:11,219 - pyiron_log - INFO - Assigning a channel with the label a to the io key add6__a
2025-08-22 08:56:11,219 - pyiron_log - INFO - Assigning a channel with the label c to the io key macro140185371028240__c
2025-08-22 08:56:11,219 - pyiron_log - INFO - Assigning a channel with the label outp to the io key macro2__outp
2025-08-22 08:56:11,220 - pyiron_log - INFO - Assigning a channel with the label a+1 to the io key add4__a+1
2025-08-22 08:56:18,479 - pyiron_log - INFO - Assigning a channel with the label a to the io key add1140185373003840__a
2025-08-22 08:56:18,479 - pyiron_log - INFO - Assigning a channel with the label a to the io key add3140185371025936__a
2025-08-22 08:56:18,479 - pyiron_log - INFO - Assigning a channel with the label a to the io key add5__a
2025-08-22 08:56:18,479 - pyiron_log - INFO - Assigning a channel with the label a to the io key add6__a
2025-08-22 08:56:18,479 - pyiron_log - INFO - Assigning a channel with the label c to the io key macro140185371028240__c
2025-08-22 08:56:18,479 - pyiron_log - INFO - Assigning a channel with the label a to the io key add1140185373003840__a
2025-08-22 08:56:18,479 - pyiron_log - INFO - Assigning a channel with the label a to the io key add3140185371025936__a
2025-08-22 08:56:18,479 - pyiron_log - INFO - Assigning a channel with the label a to the io key add5__a
2025-08-22 08:56:18,479 - pyiron_log - INFO - Assigning a channel with the label a to the io key add6__a
2025-08-22 08:56:18,479 - pyiron_log - INFO - Assigning a channel with the label c to the io key macro140185371028240__c
2025-08-22 08:56:18,479 - pyiron_log - INFO - Assigning a channel with the label a to the io key add1140185373003840__a
2025-08-22 08:56:18,479 - pyiron_log - INFO - Assigning a channel with the label a to the io key add3140185371025936__a
2025-08-22 08:56:18,479 - pyiron_log - INFO - Assigning a channel with the label a to the io key add5__a
2025-08-22 08:56:18,479 - pyiron_log - INFO - Assigning a channel with the label a to the io key add6__a
2025-08-22 08:56:18,479 - pyiron_log - INFO - Assigning a channel with the label c to the io key macro140185371028240__c
2025-08-22 08:56:18,479 - pyiron_log - INFO - Assigning a channel with the label a to the io key add1140185373003840__a
2025-08-22 08:56:18,479 - pyiron_log - INFO - Assigning a channel with the label a to the io key add3140185371025936__a
2025-08-22 08:56:18,479 - pyiron_log - INFO - Assigning a channel with the label a to the io key add5__a
2025-08-22 08:56:18,479 - pyiron_log - INFO - Assigning a channel with the label a to the io key add6__a
2025-08-22 08:56:18,479 - pyiron_log - INFO - Assigning a channel with the label c to the io key macro140185371028240__c
2025-08-22 08:56:18,479 - pyiron_log - INFO - Assigning a channel with the label outp to the io key macro2__outp
2025-08-22 08:56:18,479 - pyiron_log - INFO - Assigning a channel with the label a+1 to the io key add4140185371022000__a+1
2025-08-22 08:57:52,932 - pyiron_log - INFO - Assigning a channel with the label a to the io key add1140705913538272__a
2025-08-22 08:57:52,932 - pyiron_log - INFO - Assigning a channel with the label a to the io key add3140705886576736__a
2025-08-22 08:57:52,932 - pyiron_log - INFO - Assigning a channel with the label a to the io key add5__a
2025-08-22 08:57:52,932 - pyiron_log - INFO - Assigning a channel with the label a to the io key add6__a
2025-08-22 08:57:52,932 - pyiron_log - INFO - Assigning a channel with the label c to the io key macro140705886578992__c
2025-08-22 08:57:52,932 - pyiron_log - INFO - Assigning a channel with the label a to the io key add1140705913538272__a
2025-08-22 08:57:52,932 - pyiron_log - INFO - Assigning a channel with the label a to the io key add3140705886576736__a
2025-08-22 08:57:52,932 - pyiron_log - INFO - Assigning a channel with the label a to the io key add5__a
2025-08-22 08:57:52,932 - pyiron_log - INFO - Assigning a channel with the label a to the io key add6__a
2025-08-22 08:57:52,932 - pyiron_log - INFO - Assigning a channel with the label c to the io key macro140705886578992__c
2025-08-22 08:57:52,932 - pyiron_log - INFO - Assigning a channel with the label a to the io key add1140705913538272__a
2025-08-22 08:57:52,932 - pyiron_log - INFO - Assigning a channel with the label a to the io key add3140705886576736__a
2025-08-22 08:57:52,932 - pyiron_log - INFO - Assigning a channel with the label a to the io key add5__a
2025-08-22 08:57:52,932 - pyiron_log - INFO - Assigning a channel with the label a to the io key add6__a
2025-08-22 08:57:52,933 - pyiron_log - INFO - Assigning a channel with the label c to the io key macro140705886578992__c
2025-08-22 08:57:52,933 - pyiron_log - INFO - Assigning a channel with the label a to the io key add1140705913538272__a
2025-08-22 08:57:52,933 - pyiron_log - INFO - Assigning a channel with the label a to the io key add3140705886576736__a
2025-08-22 08:57:52,933 - pyiron_log - INFO - Assigning a channel with the label a to the io key add5__a
2025-08-22 08:57:52,933 - pyiron_log - INFO - Assigning a channel with the label a to the io key add6__a
2025-08-22 08:57:52,933 - pyiron_log - INFO - Assigning a channel with the label c to the io key macro140705886578992__c
2025-08-22 08:57:52,933 - pyiron_log - INFO - Assigning a channel with the label a to the io key add1140705913538272__a
2025-08-22 08:57:52,933 - pyiron_log - INFO - Assigning a channel with the label a to the io key add3140705886576736__a
2025-08-22 08:57:52,933 - pyiron_log - INFO - Assigning a channel with the label a to the io key add5__a
2025-08-22 08:57:52,933 - pyiron_log - INFO - Assigning a channel with the label a to the io key add6__a
2025-08-22 08:57:52,933 - pyiron_log - INFO - Assigning a channel with the label c to the io key macro140705886578992__c
2025-08-22 08:57:52,933 - pyiron_log - INFO - Assigning a channel with the label a to the io key add1140705913538272__a
2025-08-22 08:57:52,933 - pyiron_log - INFO - Assigning a channel with the label a to the io key add3140705886576736__a
2025-08-22 08:57:52,933 - pyiron_log - INFO - Assigning a channel with the label a to the io key add5__a
2025-08-22 08:57:52,933 - pyiron_log - INFO - Assigning a channel with the label a to the io key add6__a
2025-08-22 08:57:52,933 - pyiron_log - INFO - Assigning a channel with the label c to the io key macro140705886578992__c
2025-08-22 08:57:52,933 - pyiron_log - INFO - Assigning a channel with the label outp to the io key macro2__outp
2025-08-22 08:57:52,933 - pyiron_log - INFO - Assigning a channel with the label a+1 to the io key add4140705887063216__a+1
2025-08-22 08:58:06,755 - pyiron_log - INFO - Assigning a channel with the label a to the io key add1140705913538272__a
2025-08-22 08:58:06,755 - pyiron_log - INFO - Assigning a channel with the label a to the io key add3140705886576736__a
2025-08-22 08:58:06,755 - pyiron_log - INFO - Assigning a channel with the label a to the io key add5__a
2025-08-22 08:58:06,756 - pyiron_log - INFO - Assigning a channel with the label a to the io key add6__a
2025-08-22 08:58:06,756 - pyiron_log - INFO - Assigning a channel with the label c to the io key macro140705886578992__c
2025-08-22 08:58:06,756 - pyiron_log - INFO - Assigning a channel with the label a to the io key add1140705913538272__a
2025-08-22 08:58:06,756 - pyiron_log - INFO - Assigning a channel with the label a to the io key add3140705886576736__a
2025-08-22 08:58:06,756 - pyiron_log - INFO - Assigning a channel with the label a to the io key add5__a
2025-08-22 08:58:06,756 - pyiron_log - INFO - Assigning a channel with the label a to the io key add6__a
2025-08-22 08:58:06,756 - pyiron_log - INFO - Assigning a channel with the label c to the io key macro140705886578992__c
2025-08-22 08:58:06,756 - pyiron_log - INFO - Assigning a channel with the label a to the io key add1140705913538272__a
2025-08-22 08:58:06,756 - pyiron_log - INFO - Assigning a channel with the label a to the io key add3140705886576736__a
2025-08-22 08:58:06,756 - pyiron_log - INFO - Assigning a channel with the label a to the io key add5__a
2025-08-22 08:58:06,756 - pyiron_log - INFO - Assigning a channel with the label a to the io key add6__a
2025-08-22 08:58:06,756 - pyiron_log - INFO - Assigning a channel with the label c to the io key macro140705886578992__c
2025-08-22 08:58:06,756 - pyiron_log - INFO - Assigning a channel with the label a to the io key add1140705913538272__a
2025-08-22 08:58:06,756 - pyiron_log - INFO - Assigning a channel with the label a to the io key add3140705886576736__a
2025-08-22 08:58:06,757 - pyiron_log - INFO - Assigning a channel with the label a to the io key add5__a
2025-08-22 08:58:06,757 - pyiron_log - INFO - Assigning a channel with the label a to the io key add6__a
2025-08-22 08:58:06,757 - pyiron_log - INFO - Assigning a channel with the label c to the io key macro140705886578992__c
2025-08-22 08:58:06,757 - pyiron_log - INFO - Assigning a channel with the label outp to the io key macro2__outp
2025-08-22 08:58:06,757 - pyiron_log - INFO - Assigning a channel with the label a+1 to the io key add4140705887063216__a+1
2025-08-22 08:58:37,229 - pyiron_log - INFO - Assigning a channel with the label a to the io key add1140644494769904__a
2025-08-22 08:58:37,229 - pyiron_log - INFO - Assigning a channel with the label a to the io key add3140644492779232__a
2025-08-22 08:58:37,229 - pyiron_log - INFO - Assigning a channel with the label a to the io key add5__a
2025-08-22 08:58:37,229 - pyiron_log - INFO - Assigning a channel with the label a to the io key add6__a
2025-08-22 08:58:37,229 - pyiron_log - INFO - Assigning a channel with the label c to the io key macro140644492781584__c
2025-08-22 08:58:37,229 - pyiron_log - INFO - Assigning a channel with the label a to the io key add1140644494769904__a
2025-08-22 08:58:37,229 - pyiron_log - INFO - Assigning a channel with the label a to the io key add3140644492779232__a
2025-08-22 08:58:37,229 - pyiron_log - INFO - Assigning a channel with the label a to the io key add5__a
2025-08-22 08:58:37,229 - pyiron_log - INFO - Assigning a channel with the label a to the io key add6__a
2025-08-22 08:58:37,229 - pyiron_log - INFO - Assigning a channel with the label c to the io key macro140644492781584__c
2025-08-22 08:58:37,229 - pyiron_log - INFO - Assigning a channel with the label a to the io key add1140644494769904__a
2025-08-22 08:58:37,229 - pyiron_log - INFO - Assigning a channel with the label a to the io key add3140644492779232__a
2025-08-22 08:58:37,229 - pyiron_log - INFO - Assigning a channel with the label a to the io key add5__a
2025-08-22 08:58:37,229 - pyiron_log - INFO - Assigning a channel with the label a to the io key add6__a
2025-08-22 08:58:37,229 - pyiron_log - INFO - Assigning a channel with the label c to the io key macro140644492781584__c
2025-08-22 08:58:37,229 - pyiron_log - INFO - Assigning a channel with the label a to the io key add1140644494769904__a
2025-08-22 08:58:37,229 - pyiron_log - INFO - Assigning a channel with the label a to the io key add3140644492779232__a
2025-08-22 08:58:37,229 - pyiron_log - INFO - Assigning a channel with the label a to the io key add5__a
2025-08-22 08:58:37,230 - pyiron_log - INFO - Assigning a channel with the label a to the io key add6__a
2025-08-22 08:58:37,230 - pyiron_log - INFO - Assigning a channel with the label c to the io key macro140644492781584__c
2025-08-22 08:58:37,230 - pyiron_log - INFO - Assigning a channel with the label a to the io key add1140644494769904__a
2025-08-22 08:58:37,230 - pyiron_log - INFO - Assigning a channel with the label a to the io key add3140644492779232__a
2025-08-22 08:58:37,230 - pyiron_log - INFO - Assigning a channel with the label a to the io key add5__a
2025-08-22 08:58:37,230 - pyiron_log - INFO - Assigning a channel with the label a to the io key add6__a
2025-08-22 08:58:37,230 - pyiron_log - INFO - Assigning a channel with the label c to the io key macro140644492781584__c
2025-08-22 08:58:37,230 - pyiron_log - INFO - Assigning a channel with the label a to the io key add1140644494769904__a
2025-08-22 08:58:37,230 - pyiron_log - INFO - Assigning a channel with the label a to the io key add3140644492779232__a
2025-08-22 08:58:37,230 - pyiron_log - INFO - Assigning a channel with the label a to the io key add5__a
2025-08-22 08:58:37,230 - pyiron_log - INFO - Assigning a channel with the label a to the io key add6__a
2025-08-22 08:58:37,230 - pyiron_log - INFO - Assigning a channel with the label c to the io key macro140644492781584__c
2025-08-22 08:58:37,230 - pyiron_log - INFO - Assigning a channel with the label outp to the io key macro2__outp
2025-08-22 08:58:37,230 - pyiron_log - INFO - Assigning a channel with the label a+1 to the io key add4140644493266144__a+1
2025-08-22 09:49:17,256 - pyiron_log - INFO - Assigning a channel with the label a to the io key add1140309891218416__a
2025-08-22 09:49:17,256 - pyiron_log - INFO - Assigning a channel with the label a to the io key add3140309889229808__a
2025-08-22 09:49:17,256 - pyiron_log - INFO - Assigning a channel with the label a to the io key add5__a
2025-08-22 09:49:17,256 - pyiron_log - INFO - Assigning a channel with the label a to the io key add6__a
2025-08-22 09:49:17,256 - pyiron_log - INFO - Assigning a channel with the label c to the io key macro140309889232160__c
2025-08-22 09:49:17,256 - pyiron_log - INFO - Assigning a channel with the label a to the io key add1140309891218416__a
2025-08-22 09:49:17,256 - pyiron_log - INFO - Assigning a channel with the label a to the io key add3140309889229808__a
2025-08-22 09:49:17,256 - pyiron_log - INFO - Assigning a channel with the label a to the io key add5__a
2025-08-22 09:49:17,256 - pyiron_log - INFO - Assigning a channel with the label a to the io key add6__a
2025-08-22 09:49:17,256 - pyiron_log - INFO - Assigning a channel with the label c to the io key macro140309889232160__c
2025-08-22 09:49:17,256 - pyiron_log - INFO - Assigning a channel with the label a to the io key add1140309891218416__a
2025-08-22 09:49:17,256 - pyiron_log - INFO - Assigning a channel with the label a to the io key add3140309889229808__a
2025-08-22 09:49:17,256 - pyiron_log - INFO - Assigning a channel with the label a to the io key add5__a
2025-08-22 09:49:17,256 - pyiron_log - INFO - Assigning a channel with the label a to the io key add6__a
2025-08-22 09:49:17,256 - pyiron_log - INFO - Assigning a channel with the label c to the io key macro140309889232160__c
2025-08-22 09:49:17,256 - pyiron_log - INFO - Assigning a channel with the label a to the io key add1140309891218416__a
2025-08-22 09:49:17,256 - pyiron_log - INFO - Assigning a channel with the label a to the io key add3140309889229808__a
2025-08-22 09:49:17,256 - pyiron_log - INFO - Assigning a channel with the label a to the io key add5__a
2025-08-22 09:49:17,256 - pyiron_log - INFO - Assigning a channel with the label a to the io key add6__a
2025-08-22 09:49:17,256 - pyiron_log - INFO - Assigning a channel with the label c to the io key macro140309889232160__c
2025-08-22 09:49:17,256 - pyiron_log - INFO - Assigning a channel with the label a to the io key add1140309891218416__a
2025-08-22 09:49:17,256 - pyiron_log - INFO - Assigning a channel with the label a to the io key add3140309889229808__a
2025-08-22 09:49:17,256 - pyiron_log - INFO - Assigning a channel with the label a to the io key add5__a
2025-08-22 09:49:17,256 - pyiron_log - INFO - Assigning a channel with the label a to the io key add6__a
2025-08-22 09:49:17,257 - pyiron_log - INFO - Assigning a channel with the label c to the io key macro140309889232160__c
2025-08-22 09:49:17,257 - pyiron_log - INFO - Assigning a channel with the label a to the io key add1140309891218416__a
2025-08-22 09:49:17,257 - pyiron_log - INFO - Assigning a channel with the label a to the io key add3140309889229808__a
2025-08-22 09:49:17,257 - pyiron_log - INFO - Assigning a channel with the label a to the io key add5__a
2025-08-22 09:49:17,257 - pyiron_log - INFO - Assigning a channel with the label a to the io key add6__a
2025-08-22 09:49:17,257 - pyiron_log - INFO - Assigning a channel with the label c to the io key macro140309889232160__c
2025-08-22 09:50:57,020 - pyiron_log - INFO - Assigning a channel with the label a to the io key add1140240887813264__a
2025-08-22 09:50:57,021 - pyiron_log - INFO - Assigning a channel with the label a to the io key add3140237963584256__a
2025-08-22 09:50:57,021 - pyiron_log - INFO - Assigning a channel with the label a to the io key add5__a
2025-08-22 09:50:57,021 - pyiron_log - INFO - Assigning a channel with the label a to the io key add6__a
2025-08-22 09:50:57,022 - pyiron_log - INFO - Assigning a channel with the label c to the io key macro140237963586560__c
2025-08-22 09:50:57,022 - pyiron_log - INFO - Assigning a channel with the label a to the io key add1140240887813264__a
2025-08-22 09:50:57,022 - pyiron_log - INFO - Assigning a channel with the label a to the io key add3140237963584256__a
2025-08-22 09:50:57,022 - pyiron_log - INFO - Assigning a channel with the label a to the io key add5__a
2025-08-22 09:50:57,022 - pyiron_log - INFO - Assigning a channel with the label a to the io key add6__a
2025-08-22 09:50:57,022 - pyiron_log - INFO - Assigning a channel with the label c to the io key macro140237963586560__c
2025-08-22 09:50:57,022 - pyiron_log - INFO - Assigning a channel with the label a to the io key add1140240887813264__a
2025-08-22 09:50:57,022 - pyiron_log - INFO - Assigning a channel with the label a to the io key add3140237963584256__a
2025-08-22 09:50:57,022 - pyiron_log - INFO - Assigning a channel with the label a to the io key add5__a
2025-08-22 09:50:57,022 - pyiron_log - INFO - Assigning a channel with the label a to the io key add6__a
2025-08-22 09:50:57,022 - pyiron_log - INFO - Assigning a channel with the label c to the io key macro140237963586560__c
2025-08-22 09:50:57,023 - pyiron_log - INFO - Assigning a channel with the label a to the io key add1140240887813264__a
2025-08-22 09:50:57,023 - pyiron_log - INFO - Assigning a channel with the label a to the io key add3140237963584256__a
2025-08-22 09:50:57,023 - pyiron_log - INFO - Assigning a channel with the label a to the io key add5__a
2025-08-22 09:50:57,023 - pyiron_log - INFO - Assigning a channel with the label a to the io key add6__a
2025-08-22 09:50:57,023 - pyiron_log - INFO - Assigning a channel with the label c to the io key macro140237963586560__c
2025-08-22 09:50:57,023 - pyiron_log - INFO - Assigning a channel with the label a to the io key add1140240887813264__a
2025-08-22 09:50:57,023 - pyiron_log - INFO - Assigning a channel with the label a to the io key add3140237963584256__a
2025-08-22 09:50:57,023 - pyiron_log - INFO - Assigning a channel with the label a to the io key add5__a
2025-08-22 09:50:57,023 - pyiron_log - INFO - Assigning a channel with the label a to the io key add6__a
2025-08-22 09:50:57,023 - pyiron_log - INFO - Assigning a channel with the label c to the io key macro140237963586560__c
2025-08-22 09:50:57,023 - pyiron_log - INFO - Assigning a channel with the label a to the io key add1140240887813264__a
2025-08-22 09:50:57,023 - pyiron_log - INFO - Assigning a channel with the label a to the io key add3140237963584256__a
2025-08-22 09:50:57,023 - pyiron_log - INFO - Assigning a channel with the label a to the io key add5__a
2025-08-22 09:50:57,023 - pyiron_log - INFO - Assigning a channel with the label a to the io key add6__a
2025-08-22 09:50:57,023 - pyiron_log - INFO - Assigning a channel with the label c to the io key macro140237963586560__c
2025-08-22 09:50:57,024 - pyiron_log - INFO - Assigning a channel with the label outp to the io key macro2__outp
2025-08-22 09:50:57,024 - pyiron_log - INFO - Assigning a channel with the label a+1 to the io key add4140237964054832__a+1
2025-08-29 10:21:52,936 - pyiron_log - INFO - Assigning a channel with the label a to the io key add1140265120936880__a
2025-08-29 10:21:52,937 - pyiron_log - INFO - Assigning a channel with the label a to the io key add3140262197305536__a
2025-08-29 10:21:52,937 - pyiron_log - INFO - Assigning a channel with the label a to the io key add5__a
2025-08-29 10:21:52,937 - pyiron_log - INFO - Assigning a channel with the label a to the io key add6__a
2025-08-29 10:21:52,937 - pyiron_log - INFO - Assigning a channel with the label c to the io key macro140262197307792__c
2025-08-29 10:21:52,937 - pyiron_log - INFO - Assigning a channel with the label a to the io key add1140265120936880__a
2025-08-29 10:21:52,937 - pyiron_log - INFO - Assigning a channel with the label a to the io key add3140262197305536__a
2025-08-29 10:21:52,938 - pyiron_log - INFO - Assigning a channel with the label a to the io key add5__a
2025-08-29 10:21:52,938 - pyiron_log - INFO - Assigning a channel with the label a to the io key add6__a
2025-08-29 10:21:52,938 - pyiron_log - INFO - Assigning a channel with the label c to the io key macro140262197307792__c
2025-08-29 10:21:52,938 - pyiron_log - INFO - Assigning a channel with the label a to the io key add1140265120936880__a
2025-08-29 10:21:52,938 - pyiron_log - INFO - Assigning a channel with the label a to the io key add3140262197305536__a
2025-08-29 10:21:52,938 - pyiron_log - INFO - Assigning a channel with the label a to the io key add5__a
2025-08-29 10:21:52,938 - pyiron_log - INFO - Assigning a channel with the label a to the io key add6__a
2025-08-29 10:21:52,938 - pyiron_log - INFO - Assigning a channel with the label c to the io key macro140262197307792__c
2025-08-29 10:21:52,938 - pyiron_log - INFO - Assigning a channel with the label a to the io key add1140265120936880__a
2025-08-29 10:21:52,938 - pyiron_log - INFO - Assigning a channel with the label a to the io key add3140262197305536__a
2025-08-29 10:21:52,938 - pyiron_log - INFO - Assigning a channel with the label a to the io key add5__a
2025-08-29 10:21:52,938 - pyiron_log - INFO - Assigning a channel with the label a to the io key add6__a
2025-08-29 10:21:52,938 - pyiron_log - INFO - Assigning a channel with the label c to the io key macro140262197307792__c
2025-08-29 10:21:52,938 - pyiron_log - INFO - Assigning a channel with the label a to the io key add1140265120936880__a
2025-08-29 10:21:52,938 - pyiron_log - INFO - Assigning a channel with the label a to the io key add3140262197305536__a
2025-08-29 10:21:52,938 - pyiron_log - INFO - Assigning a channel with the label a to the io key add5__a
2025-08-29 10:21:52,938 - pyiron_log - INFO - Assigning a channel with the label a to the io key add6__a
2025-08-29 10:21:52,938 - pyiron_log - INFO - Assigning a channel with the label c to the io key macro140262197307792__c
2025-08-29 10:21:52,939 - pyiron_log - INFO - Assigning a channel with the label a to the io key add1140265120936880__a
2025-08-29 10:21:52,939 - pyiron_log - INFO - Assigning a channel with the label a to the io key add3140262197305536__a
2025-08-29 10:21:52,939 - pyiron_log - INFO - Assigning a channel with the label a to the io key add5__a
2025-08-29 10:21:52,939 - pyiron_log - INFO - Assigning a channel with the label a to the io key add6__a
2025-08-29 10:21:52,939 - pyiron_log - INFO - Assigning a channel with the label c to the io key macro140262197307792__c
2025-08-29 10:21:52,939 - pyiron_log - INFO - Assigning a channel with the label outp to the io key macro2__outp
2025-08-29 10:21:52,939 - pyiron_log - INFO - Assigning a channel with the label a+1 to the io key add4__a+1
2025-09-01 09:17:14,808 - pyiron_log - INFO - Assigning a channel with the label a to the io key add1140649545658304__a
2025-09-01 09:17:14,809 - pyiron_log - INFO - Assigning a channel with the label a to the io key add3140649545661712__a
2025-09-01 09:17:14,809 - pyiron_log - INFO - Assigning a channel with the label a to the io key add5__a
2025-09-01 09:17:14,809 - pyiron_log - INFO - Assigning a channel with the label a to the io key add6__a
2025-09-01 09:17:14,809 - pyiron_log - INFO - Assigning a channel with the label c to the io key macro140646755735728__c
2025-09-01 09:17:14,809 - pyiron_log - INFO - Assigning a channel with the label a to the io key add1140649545658304__a
2025-09-01 09:17:14,809 - pyiron_log - INFO - Assigning a channel with the label a to the io key add3140649545661712__a
2025-09-01 09:17:14,809 - pyiron_log - INFO - Assigning a channel with the label a to the io key add5__a
2025-09-01 09:17:14,809 - pyiron_log - INFO - Assigning a channel with the label a to the io key add6__a
2025-09-01 09:17:14,809 - pyiron_log - INFO - Assigning a channel with the label c to the io key macro140646755735728__c
2025-09-01 09:17:14,809 - pyiron_log - INFO - Assigning a channel with the label a to the io key add1140649545658304__a
2025-09-01 09:17:14,809 - pyiron_log - INFO - Assigning a channel with the label a to the io key add3140649545661712__a
2025-09-01 09:17:14,810 - pyiron_log - INFO - Assigning a channel with the label a to the io key add5__a
2025-09-01 09:17:14,810 - pyiron_log - INFO - Assigning a channel with the label a to the io key add6__a
2025-09-01 09:17:14,810 - pyiron_log - INFO - Assigning a channel with the label c to the io key macro140646755735728__c
2025-09-01 09:17:14,810 - pyiron_log - INFO - Assigning a channel with the label a to the io key add1140649545658304__a
2025-09-01 09:17:14,810 - pyiron_log - INFO - Assigning a channel with the label a to the io key add3140649545661712__a
2025-09-01 09:17:14,810 - pyiron_log - INFO - Assigning a channel with the label a to the io key add5__a
2025-09-01 09:17:14,810 - pyiron_log - INFO - Assigning a channel with the label a to the io key add6__a
2025-09-01 09:17:14,810 - pyiron_log - INFO - Assigning a channel with the label c to the io key macro140646755735728__c
2025-09-01 09:17:14,810 - pyiron_log - INFO - Assigning a channel with the label a to the io key add1140649545658304__a
2025-09-01 09:17:14,810 - pyiron_log - INFO - Assigning a channel with the label a to the io key add3140649545661712__a
2025-09-01 09:17:14,810 - pyiron_log - INFO - Assigning a channel with the label a to the io key add5__a
2025-09-01 09:17:14,810 - pyiron_log - INFO - Assigning a channel with the label a to the io key add6__a
2025-09-01 09:17:14,810 - pyiron_log - INFO - Assigning a channel with the label c to the io key macro140646755735728__c
2025-09-01 09:17:14,810 - pyiron_log - INFO - Assigning a channel with the label a to the io key add1140649545658304__a
2025-09-01 09:17:14,810 - pyiron_log - INFO - Assigning a channel with the label a to the io key add3140649545661712__a
2025-09-01 09:17:14,810 - pyiron_log - INFO - Assigning a channel with the label a to the io key add5__a
2025-09-01 09:17:14,810 - pyiron_log - INFO - Assigning a channel with the label a to the io key add6__a
2025-09-01 09:17:14,810 - pyiron_log - INFO - Assigning a channel with the label c to the io key macro140646755735728__c
2025-09-01 09:17:14,810 - pyiron_log - INFO - Assigning a channel with the label outp to the io key macro2__outp
2025-09-01 09:17:14,810 - pyiron_log - INFO - Assigning a channel with the label a+1 to the io key add4140649545658784__a+1
2025-09-01 09:18:50,270 - pyiron_log - INFO - Assigning a channel with the label a to the io key add1__a
2025-09-01 09:18:50,271 - pyiron_log - INFO - Assigning a channel with the label a to the io key add3__a
2025-09-01 09:18:50,271 - pyiron_log - INFO - Assigning a channel with the label a to the io key add5140586522826256__a
2025-09-01 09:18:50,271 - pyiron_log - INFO - Assigning a channel with the label a to the io key add6140586522826880__a
2025-09-01 09:18:50,271 - pyiron_log - INFO - Assigning a channel with the label c to the io key macro__c
2025-09-01 09:18:50,271 - pyiron_log - INFO - Assigning a channel with the label a to the io key add1__a
2025-09-01 09:18:50,271 - pyiron_log - INFO - Assigning a channel with the label a to the io key add3__a
2025-09-01 09:18:50,271 - pyiron_log - INFO - Assigning a channel with the label a to the io key add5140586522826256__a
2025-09-01 09:18:50,271 - pyiron_log - INFO - Assigning a channel with the label a to the io key add6140586522826880__a
2025-09-01 09:18:50,271 - pyiron_log - INFO - Assigning a channel with the label c to the io key macro__c
2025-09-01 09:18:50,271 - pyiron_log - INFO - Assigning a channel with the label a to the io key add1__a
2025-09-01 09:18:50,271 - pyiron_log - INFO - Assigning a channel with the label a to the io key add3__a
2025-09-01 09:18:50,271 - pyiron_log - INFO - Assigning a channel with the label a to the io key add5140586522826256__a
2025-09-01 09:18:50,271 - pyiron_log - INFO - Assigning a channel with the label a to the io key add6140586522826880__a
2025-09-01 09:18:50,271 - pyiron_log - INFO - Assigning a channel with the label c to the io key macro__c
2025-09-01 09:18:50,271 - pyiron_log - INFO - Assigning a channel with the label a to the io key add1__a
2025-09-01 09:18:50,271 - pyiron_log - INFO - Assigning a channel with the label a to the io key add3__a
2025-09-01 09:18:50,271 - pyiron_log - INFO - Assigning a channel with the label a to the io key add5140586522826256__a
2025-09-01 09:18:50,271 - pyiron_log - INFO - Assigning a channel with the label a to the io key add6140586522826880__a
2025-09-01 09:18:50,271 - pyiron_log - INFO - Assigning a channel with the label c to the io key macro__c
2025-09-01 09:18:50,271 - pyiron_log - INFO - Assigning a channel with the label a to the io key add1__a
2025-09-01 09:18:50,272 - pyiron_log - INFO - Assigning a channel with the label a to the io key add3__a
2025-09-01 09:18:50,272 - pyiron_log - INFO - Assigning a channel with the label a to the io key add5140586522826256__a
2025-09-01 09:18:50,272 - pyiron_log - INFO - Assigning a channel with the label a to the io key add6140586522826880__a
2025-09-01 09:18:50,272 - pyiron_log - INFO - Assigning a channel with the label c to the io key macro__c
2025-09-01 09:18:50,272 - pyiron_log - INFO - Assigning a channel with the label a to the io key add1__a
2025-09-01 09:18:50,272 - pyiron_log - INFO - Assigning a channel with the label a to the io key add3__a
2025-09-01 09:18:50,272 - pyiron_log - INFO - Assigning a channel with the label a to the io key add5140586522826256__a
2025-09-01 09:18:50,272 - pyiron_log - INFO - Assigning a channel with the label a to the io key add6140586522826880__a
2025-09-01 09:18:50,272 - pyiron_log - INFO - Assigning a channel with the label c to the io key macro__c
2025-09-01 09:18:50,272 - pyiron_log - INFO - Assigning a channel with the label outp to the io key macro2140586522832784__outp
2025-09-01 09:18:50,272 - pyiron_log - INFO - Assigning a channel with the label a+1 to the io key add4__a+1
2025-09-01 09:19:02,498 - pyiron_log - INFO - Assigning a channel with the label a to the io key add1140589514044720__a
2025-09-01 09:19:02,498 - pyiron_log - INFO - Assigning a channel with the label a to the io key add3140586522825248__a
2025-09-01 09:19:02,498 - pyiron_log - INFO - Assigning a channel with the label a to the io key add5__a
2025-09-01 09:19:02,498 - pyiron_log - INFO - Assigning a channel with the label a to the io key add6__a
2025-09-01 09:19:02,499 - pyiron_log - INFO - Assigning a channel with the label c to the io key macro140586522827552__c
2025-09-01 09:19:02,499 - pyiron_log - INFO - Assigning a channel with the label a to the io key add1140589514044720__a
2025-09-01 09:19:02,499 - pyiron_log - INFO - Assigning a channel with the label a to the io key add3140586522825248__a
2025-09-01 09:19:02,499 - pyiron_log - INFO - Assigning a channel with the label a to the io key add5__a
2025-09-01 09:19:02,499 - pyiron_log - INFO - Assigning a channel with the label a to the io key add6__a
2025-09-01 09:19:02,499 - pyiron_log - INFO - Assigning a channel with the label c to the io key macro140586522827552__c
2025-09-01 09:19:02,499 - pyiron_log - INFO - Assigning a channel with the label a to the io key add1140589514044720__a
2025-09-01 09:19:02,499 - pyiron_log - INFO - Assigning a channel with the label a to the io key add3140586522825248__a
2025-09-01 09:19:02,499 - pyiron_log - INFO - Assigning a channel with the label a to the io key add5__a
2025-09-01 09:19:02,499 - pyiron_log - INFO - Assigning a channel with the label a to the io key add6__a
2025-09-01 09:19:02,499 - pyiron_log - INFO - Assigning a channel with the label c to the io key macro140586522827552__c
2025-09-01 09:19:02,499 - pyiron_log - INFO - Assigning a channel with the label a to the io key add1140589514044720__a
2025-09-01 09:19:02,499 - pyiron_log - INFO - Assigning a channel with the label a to the io key add3140586522825248__a
2025-09-01 09:19:02,499 - pyiron_log - INFO - Assigning a channel with the label a to the io key add5__a
2025-09-01 09:19:02,499 - pyiron_log - INFO - Assigning a channel with the label a to the io key add6__a
2025-09-01 09:19:02,499 - pyiron_log - INFO - Assigning a channel with the label c to the io key macro140586522827552__c
2025-09-01 09:19:02,499 - pyiron_log - INFO - Assigning a channel with the label a to the io key add1140589514044720__a
2025-09-01 09:19:02,499 - pyiron_log - INFO - Assigning a channel with the label a to the io key add3140586522825248__a
2025-09-01 09:19:02,499 - pyiron_log - INFO - Assigning a channel with the label a to the io key add5__a
2025-09-01 09:19:02,499 - pyiron_log - INFO - Assigning a channel with the label a to the io key add6__a
2025-09-01 09:19:02,499 - pyiron_log - INFO - Assigning a channel with the label c to the io key macro140586522827552__c
2025-09-01 09:19:02,499 - pyiron_log - INFO - Assigning a channel with the label a to the io key add1140589514044720__a
2025-09-01 09:19:02,499 - pyiron_log - INFO - Assigning a channel with the label a to the io key add3140586522825248__a
2025-09-01 09:19:02,499 - pyiron_log - INFO - Assigning a channel with the label a to the io key add5__a
2025-09-01 09:19:02,499 - pyiron_log - INFO - Assigning a channel with the label a to the io key add6__a
2025-09-01 09:19:02,499 - pyiron_log - INFO - Assigning a channel with the label c to the io key macro140586522827552__c
2025-09-01 09:19:02,500 - pyiron_log - INFO - Assigning a channel with the label outp to the io key macro2__outp
2025-09-01 09:19:02,500 - pyiron_log - INFO - Assigning a channel with the label a+1 to the io key add4140586524468736__a+1
2025-09-01 09:19:48,914 - pyiron_log - INFO - Assigning a channel with the label a to the io key add1140589514044720__a
2025-09-01 09:19:48,914 - pyiron_log - INFO - Assigning a channel with the label a to the io key add3140586522825248__a
2025-09-01 09:19:48,915 - pyiron_log - INFO - Assigning a channel with the label a to the io key add5__a
2025-09-01 09:19:48,915 - pyiron_log - INFO - Assigning a channel with the label a to the io key add6__a
2025-09-01 09:19:48,915 - pyiron_log - INFO - Assigning a channel with the label c to the io key macro140586522827552__c
2025-09-01 09:19:48,915 - pyiron_log - INFO - Assigning a channel with the label a to the io key add1140589514044720__a
2025-09-01 09:19:48,915 - pyiron_log - INFO - Assigning a channel with the label a to the io key add3140586522825248__a
2025-09-01 09:19:48,915 - pyiron_log - INFO - Assigning a channel with the label a to the io key add5__a
2025-09-01 09:19:48,915 - pyiron_log - INFO - Assigning a channel with the label a to the io key add6__a
2025-09-01 09:19:48,915 - pyiron_log - INFO - Assigning a channel with the label c to the io key macro140586522827552__c
2025-09-01 09:19:48,915 - pyiron_log - INFO - Assigning a channel with the label a to the io key add1140589514044720__a
2025-09-01 09:19:48,915 - pyiron_log - INFO - Assigning a channel with the label a to the io key add3140586522825248__a
2025-09-01 09:19:48,915 - pyiron_log - INFO - Assigning a channel with the label a to the io key add5__a
2025-09-01 09:19:48,915 - pyiron_log - INFO - Assigning a channel with the label a to the io key add6__a
2025-09-01 09:19:48,915 - pyiron_log - INFO - Assigning a channel with the label c to the io key macro140586522827552__c
2025-09-01 09:19:48,915 - pyiron_log - INFO - Assigning a channel with the label a to the io key add1140589514044720__a
2025-09-01 09:19:48,915 - pyiron_log - INFO - Assigning a channel with the label a to the io key add3140586522825248__a
2025-09-01 09:19:48,915 - pyiron_log - INFO - Assigning a channel with the label a to the io key add5__a
2025-09-01 09:19:48,915 - pyiron_log - INFO - Assigning a channel with the label a to the io key add6__a
2025-09-01 09:19:48,915 - pyiron_log - INFO - Assigning a channel with the label c to the io key macro140586522827552__c
2025-09-01 09:19:48,915 - pyiron_log - INFO - Assigning a channel with the label a to the io key add1140589514044720__a
2025-09-01 09:19:48,915 - pyiron_log - INFO - Assigning a channel with the label a to the io key add3140586522825248__a
2025-09-01 09:19:48,915 - pyiron_log - INFO - Assigning a channel with the label a to the io key add5__a
2025-09-01 09:19:48,915 - pyiron_log - INFO - Assigning a channel with the label a to the io key add6__a
2025-09-01 09:19:48,915 - pyiron_log - INFO - Assigning a channel with the label c to the io key macro140586522827552__c
2025-09-01 09:19:48,915 - pyiron_log - INFO - Assigning a channel with the label a to the io key add1140589514044720__a
2025-09-01 09:19:48,915 - pyiron_log - INFO - Assigning a channel with the label a to the io key add3140586522825248__a
2025-09-01 09:19:48,915 - pyiron_log - INFO - Assigning a channel with the label a to the io key add5__a
2025-09-01 09:19:48,915 - pyiron_log - INFO - Assigning a channel with the label a to the io key add6__a
2025-09-01 09:19:48,915 - pyiron_log - INFO - Assigning a channel with the label c to the io key macro140586522827552__c
2025-09-01 09:19:48,916 - pyiron_log - INFO - Assigning a channel with the label outp to the io key macro2__outp
2025-09-01 09:19:48,916 - pyiron_log - INFO - Assigning a channel with the label a+1 to the io key add4140586524468736__a+1
2025-09-01 09:20:04,755 - pyiron_log - INFO - Assigning a channel with the label a to the io key add1140589514044720__a
2025-09-01 09:20:04,755 - pyiron_log - INFO - Assigning a channel with the label a to the io key add3140586522825248__a
2025-09-01 09:20:04,755 - pyiron_log - INFO - Assigning a channel with the label a to the io key add5__a
2025-09-01 09:20:04,755 - pyiron_log - INFO - Assigning a channel with the label a to the io key add6__a
2025-09-01 09:20:04,755 - pyiron_log - INFO - Assigning a channel with the label c to the io key macro140586522827552__c
2025-09-01 09:20:04,755 - pyiron_log - INFO - Assigning a channel with the label a to the io key add1140589514044720__a
2025-09-01 09:20:04,755 - pyiron_log - INFO - Assigning a channel with the label a to the io key add3140586522825248__a
2025-09-01 09:20:04,755 - pyiron_log - INFO - Assigning a channel with the label a to the io key add5__a
2025-09-01 09:20:04,755 - pyiron_log - INFO - Assigning a channel with the label a to the io key add6__a
2025-09-01 09:20:04,755 - pyiron_log - INFO - Assigning a channel with the label c to the io key macro140586522827552__c
2025-09-01 09:20:04,755 - pyiron_log - INFO - Assigning a channel with the label a to the io key add1140589514044720__a
2025-09-01 09:20:04,755 - pyiron_log - INFO - Assigning a channel with the label a to the io key add3140586522825248__a
2025-09-01 09:20:04,755 - pyiron_log - INFO - Assigning a channel with the label a to the io key add5__a
2025-09-01 09:20:04,755 - pyiron_log - INFO - Assigning a channel with the label a to the io key add6__a
2025-09-01 09:20:04,755 - pyiron_log - INFO - Assigning a channel with the label c to the io key macro140586522827552__c
2025-09-01 09:20:04,755 - pyiron_log - INFO - Assigning a channel with the label a to the io key add1140589514044720__a
2025-09-01 09:20:04,755 - pyiron_log - INFO - Assigning a channel with the label a to the io key add3140586522825248__a
2025-09-01 09:20:04,755 - pyiron_log - INFO - Assigning a channel with the label a to the io key add5__a
2025-09-01 09:20:04,755 - pyiron_log - INFO - Assigning a channel with the label a to the io key add6__a
2025-09-01 09:20:04,755 - pyiron_log - INFO - Assigning a channel with the label c to the io key macro140586522827552__c
2025-09-01 09:20:04,755 - pyiron_log - INFO - Assigning a channel with the label outp to the io key macro2__outp
2025-09-01 09:20:04,755 - pyiron_log - INFO - Assigning a channel with the label a+1 to the io key add4140586524468736__a+1
2025-09-01 09:20:07,712 - pyiron_log - INFO - Assigning a channel with the label a to the io key add1140589514044720__a
2025-09-01 09:20:07,712 - pyiron_log - INFO - Assigning a channel with the label a to the io key add3140586522825248__a
2025-09-01 09:20:07,712 - pyiron_log - INFO - Assigning a channel with the label a to the io key add5__a
2025-09-01 09:20:07,712 - pyiron_log - INFO - Assigning a channel with the label a to the io key add6__a
2025-09-01 09:20:07,712 - pyiron_log - INFO - Assigning a channel with the label c to the io key macro140586522827552__c
2025-09-01 09:20:07,712 - pyiron_log - INFO - Assigning a channel with the label a to the io key add1140589514044720__a
2025-09-01 09:20:07,713 - pyiron_log - INFO - Assigning a channel with the label a to the io key add3140586522825248__a
2025-09-01 09:20:07,713 - pyiron_log - INFO - Assigning a channel with the label a to the io key add5__a
2025-09-01 09:20:07,713 - pyiron_log - INFO - Assigning a channel with the label a to the io key add6__a
2025-09-01 09:20:07,713 - pyiron_log - INFO - Assigning a channel with the label c to the io key macro140586522827552__c
2025-09-01 09:20:07,713 - pyiron_log - INFO - Assigning a channel with the label a to the io key add1140589514044720__a
2025-09-01 09:20:07,713 - pyiron_log - INFO - Assigning a channel with the label a to the io key add3140586522825248__a
2025-09-01 09:20:07,713 - pyiron_log - INFO - Assigning a channel with the label a to the io key add5__a
2025-09-01 09:20:07,713 - pyiron_log - INFO - Assigning a channel with the label a to the io key add6__a
2025-09-01 09:20:07,713 - pyiron_log - INFO - Assigning a channel with the label c to the io key macro140586522827552__c
2025-09-01 09:20:07,713 - pyiron_log - INFO - Assigning a channel with the label a to the io key add1140589514044720__a
2025-09-01 09:20:07,713 - pyiron_log - INFO - Assigning a channel with the label a to the io key add3140586522825248__a
2025-09-01 09:20:07,713 - pyiron_log - INFO - Assigning a channel with the label a to the io key add5__a
2025-09-01 09:20:07,713 - pyiron_log - INFO - Assigning a channel with the label a to the io key add6__a
2025-09-01 09:20:07,713 - pyiron_log - INFO - Assigning a channel with the label c to the io key macro140586522827552__c
2025-09-01 09:20:07,713 - pyiron_log - INFO - Assigning a channel with the label outp to the io key macro2__outp
2025-09-01 09:20:07,713 - pyiron_log - INFO - Assigning a channel with the label a+1 to the io key add4140586524468736__a+1
2025-09-01 09:49:03,301 - pyiron_log - INFO - Assigning a channel with the label a to the io key add1140007905247456__a
2025-09-01 09:49:03,302 - pyiron_log - INFO - Assigning a channel with the label a to the io key add3140007903024800__a
2025-09-01 09:49:03,302 - pyiron_log - INFO - Assigning a channel with the label a to the io key add5__a
2025-09-01 09:49:03,302 - pyiron_log - INFO - Assigning a channel with the label a to the io key add6__a
2025-09-01 09:49:03,302 - pyiron_log - INFO - Assigning a channel with the label c to the io key macro140007903027104__c
2025-09-01 09:49:03,302 - pyiron_log - INFO - Assigning a channel with the label a to the io key add1140007905247456__a
2025-09-01 09:49:03,302 - pyiron_log - INFO - Assigning a channel with the label a to the io key add3140007903024800__a
2025-09-01 09:49:03,302 - pyiron_log - INFO - Assigning a channel with the label a to the io key add5__a
2025-09-01 09:49:03,302 - pyiron_log - INFO - Assigning a channel with the label a to the io key add6__a
2025-09-01 09:49:03,302 - pyiron_log - INFO - Assigning a channel with the label c to the io key macro140007903027104__c
2025-09-01 09:49:03,302 - pyiron_log - INFO - Assigning a channel with the label a to the io key add1140007905247456__a
2025-09-01 09:49:03,302 - pyiron_log - INFO - Assigning a channel with the label a to the io key add3140007903024800__a
2025-09-01 09:49:03,302 - pyiron_log - INFO - Assigning a channel with the label a to the io key add5__a
2025-09-01 09:49:03,302 - pyiron_log - INFO - Assigning a channel with the label a to the io key add6__a
2025-09-01 09:49:03,302 - pyiron_log - INFO - Assigning a channel with the label c to the io key macro140007903027104__c
2025-09-01 09:49:03,302 - pyiron_log - INFO - Assigning a channel with the label a to the io key add1140007905247456__a
2025-09-01 09:49:03,303 - pyiron_log - INFO - Assigning a channel with the label a to the io key add3140007903024800__a
2025-09-01 09:49:03,303 - pyiron_log - INFO - Assigning a channel with the label a to the io key add5__a
2025-09-01 09:49:03,303 - pyiron_log - INFO - Assigning a channel with the label a to the io key add6__a
2025-09-01 09:49:03,303 - pyiron_log - INFO - Assigning a channel with the label c to the io key macro140007903027104__c
2025-09-01 09:49:03,303 - pyiron_log - INFO - Assigning a channel with the label a to the io key add1140007905247456__a
2025-09-01 09:49:03,303 - pyiron_log - INFO - Assigning a channel with the label a to the io key add3140007903024800__a
2025-09-01 09:49:03,303 - pyiron_log - INFO - Assigning a channel with the label a to the io key add5__a
2025-09-01 09:49:03,303 - pyiron_log - INFO - Assigning a channel with the label a to the io key add6__a
2025-09-01 09:49:03,303 - pyiron_log - INFO - Assigning a channel with the label c to the io key macro140007903027104__c
2025-09-01 09:49:03,303 - pyiron_log - INFO - Assigning a channel with the label a to the io key add1140007905247456__a
2025-09-01 09:49:03,303 - pyiron_log - INFO - Assigning a channel with the label a to the io key add3140007903024800__a
2025-09-01 09:49:03,303 - pyiron_log - INFO - Assigning a channel with the label a to the io key add5__a
2025-09-01 09:49:03,303 - pyiron_log - INFO - Assigning a channel with the label a to the io key add6__a
2025-09-01 09:49:03,303 - pyiron_log - INFO - Assigning a channel with the label c to the io key macro140007903027104__c
2025-09-01 09:49:03,303 - pyiron_log - INFO - Assigning a channel with the label outp to the io key macro2__outp
2025-09-01 09:49:03,303 - pyiron_log - INFO - Assigning a channel with the label a+1 to the io key add4140007903102400__a+1
2025-09-01 09:49:09,478 - pyiron_log - INFO - Assigning a channel with the label a to the io key add1140007905247456__a
2025-09-01 09:49:09,478 - pyiron_log - INFO - Assigning a channel with the label a to the io key add3140007903024800__a
2025-09-01 09:49:09,478 - pyiron_log - INFO - Assigning a channel with the label a to the io key add5__a
2025-09-01 09:49:09,478 - pyiron_log - INFO - Assigning a channel with the label a to the io key add6__a
2025-09-01 09:49:09,478 - pyiron_log - INFO - Assigning a channel with the label c to the io key macro140007903027104__c
2025-09-01 09:49:09,478 - pyiron_log - INFO - Assigning a channel with the label a to the io key add1140007905247456__a
2025-09-01 09:49:09,478 - pyiron_log - INFO - Assigning a channel with the label a to the io key add3140007903024800__a
2025-09-01 09:49:09,478 - pyiron_log - INFO - Assigning a channel with the label a to the io key add5__a
2025-09-01 09:49:09,479 - pyiron_log - INFO - Assigning a channel with the label a to the io key add6__a
2025-09-01 09:49:09,479 - pyiron_log - INFO - Assigning a channel with the label c to the io key macro140007903027104__c
2025-09-01 09:49:09,479 - pyiron_log - INFO - Assigning a channel with the label a to the io key add1140007905247456__a
2025-09-01 09:49:09,479 - pyiron_log - INFO - Assigning a channel with the label a to the io key add3140007903024800__a
2025-09-01 09:49:09,479 - pyiron_log - INFO - Assigning a channel with the label a to the io key add5__a
2025-09-01 09:49:09,479 - pyiron_log - INFO - Assigning a channel with the label a to the io key add6__a
2025-09-01 09:49:09,479 - pyiron_log - INFO - Assigning a channel with the label c to the io key macro140007903027104__c
2025-09-01 09:49:09,479 - pyiron_log - INFO - Assigning a channel with the label a to the io key add1140007905247456__a
2025-09-01 09:49:09,479 - pyiron_log - INFO - Assigning a channel with the label a to the io key add3140007903024800__a
2025-09-01 09:49:09,479 - pyiron_log - INFO - Assigning a channel with the label a to the io key add5__a
2025-09-01 09:49:09,479 - pyiron_log - INFO - Assigning a channel with the label a to the io key add6__a
2025-09-01 09:49:09,479 - pyiron_log - INFO - Assigning a channel with the label c to the io key macro140007903027104__c
2025-09-01 09:49:09,479 - pyiron_log - INFO - Assigning a channel with the label outp to the io key macro2__outp
2025-09-01 09:49:09,479 - pyiron_log - INFO - Assigning a channel with the label a+1 to the io key add4140007903102400__a+1
2025-11-14 16:12:28,278 - pyiron_log - INFO - Assigning a channel with the label max_iterations to the io key fibLoop2140271611882640__max_iterations
2025-11-14 16:12:28,278 - pyiron_log - INFO - Assigning a channel with the label a to the io key add1140271610429712__a
2025-11-14 16:12:28,278 - pyiron_log - INFO - Assigning a channel with the label a to the io key add2140271610289792__a
2025-11-14 16:12:28,278 - pyiron_log - INFO - Assigning a channel with the label a to the io key add3140271610286528__a
2025-11-14 16:12:28,278 - pyiron_log - INFO - Assigning a channel with the label a to the io key add4140271610283456__a
2025-11-14 16:12:28,279 - pyiron_log - INFO - Assigning a channel with the label a to the io key macro1__a
2025-11-14 16:12:28,279 - pyiron_log - INFO - Assigning a channel with the label b to the io key macro1__b
2025-11-14 16:12:28,279 - pyiron_log - INFO - Assigning a channel with the label c to the io key macro1__c
2025-11-14 16:12:28,279 - pyiron_log - INFO - Assigning a channel with the label max_iterations to the io key fibLoop2140271611882640__max_iterations
2025-11-14 16:12:28,279 - pyiron_log - INFO - Assigning a channel with the label a to the io key add1140271610429712__a
2025-11-14 16:12:28,279 - pyiron_log - INFO - Assigning a channel with the label a to the io key add2140271610289792__a
2025-11-14 16:12:28,279 - pyiron_log - INFO - Assigning a channel with the label a to the io key add3140271610286528__a
2025-11-14 16:12:28,279 - pyiron_log - INFO - Assigning a channel with the label a to the io key add4140271610283456__a
2025-11-14 16:12:28,279 - pyiron_log - INFO - Assigning a channel with the label a to the io key macro1__a
2025-11-14 16:12:28,279 - pyiron_log - INFO - Assigning a channel with the label b to the io key macro1__b
2025-11-14 16:12:28,279 - pyiron_log - INFO - Assigning a channel with the label c to the io key macro1__c
2025-11-14 16:12:28,279 - pyiron_log - INFO - Assigning a channel with the label max_iterations to the io key fibLoop2140271611882640__max_iterations
2025-11-14 16:12:28,279 - pyiron_log - INFO - Assigning a channel with the label a to the io key add1140271610429712__a
2025-11-14 16:12:28,279 - pyiron_log - INFO - Assigning a channel with the label a to the io key add2140271610289792__a
2025-11-14 16:12:28,279 - pyiron_log - INFO - Assigning a channel with the label a to the io key add3140271610286528__a
2025-11-14 16:12:28,279 - pyiron_log - INFO - Assigning a channel with the label a to the io key add4140271610283456__a
2025-11-14 16:12:28,279 - pyiron_log - INFO - Assigning a channel with the label a to the io key macro1__a
2025-11-14 16:12:28,279 - pyiron_log - INFO - Assigning a channel with the label b to the io key macro1__b
2025-11-14 16:12:28,279 - pyiron_log - INFO - Assigning a channel with the label c to the io key macro1__c
2025-11-14 16:12:28,279 - pyiron_log - INFO - Assigning a channel with the label max_iterations to the io key fibLoop2140271611882640__max_iterations
2025-11-14 16:12:28,279 - pyiron_log - INFO - Assigning a channel with the label a to the io key add1140271610429712__a
2025-11-14 16:12:28,279 - pyiron_log - INFO - Assigning a channel with the label a to the io key add2140271610289792__a
2025-11-14 16:12:28,279 - pyiron_log - INFO - Assigning a channel with the label a to the io key add3140271610286528__a
2025-11-14 16:12:28,279 - pyiron_log - INFO - Assigning a channel with the label a to the io key add4140271610283456__a
2025-11-14 16:12:28,280 - pyiron_log - INFO - Assigning a channel with the label a to the io key macro1__a
2025-11-14 16:12:28,280 - pyiron_log - INFO - Assigning a channel with the label b to the io key macro1__b
2025-11-14 16:12:28,280 - pyiron_log - INFO - Assigning a channel with the label c to the io key macro1__c
2025-11-14 16:12:28,280 - pyiron_log - INFO - Assigning a channel with the label max_iterations to the io key fibLoop2140271611882640__max_iterations
2025-11-14 16:12:28,280 - pyiron_log - INFO - Assigning a channel with the label a to the io key add1140271610429712__a
2025-11-14 16:12:28,280 - pyiron_log - INFO - Assigning a channel with the label a to the io key add2140271610289792__a
2025-11-14 16:12:28,280 - pyiron_log - INFO - Assigning a channel with the label a to the io key add3140271610286528__a
2025-11-14 16:12:28,280 - pyiron_log - INFO - Assigning a channel with the label a to the io key add4140271610283456__a
2025-11-14 16:12:28,280 - pyiron_log - INFO - Assigning a channel with the label a to the io key macro1__a
2025-11-14 16:12:28,280 - pyiron_log - INFO - Assigning a channel with the label b to the io key macro1__b
2025-11-14 16:12:28,280 - pyiron_log - INFO - Assigning a channel with the label c to the io key macro1__c
2025-11-14 16:12:28,280 - pyiron_log - INFO - Assigning a channel with the label max_iterations to the io key fibLoop2140271611882640__max_iterations
2025-11-14 16:12:28,280 - pyiron_log - INFO - Assigning a channel with the label a to the io key add1140271610429712__a
2025-11-14 16:12:28,280 - pyiron_log - INFO - Assigning a channel with the label a to the io key add2140271610289792__a
2025-11-14 16:12:28,280 - pyiron_log - INFO - Assigning a channel with the label a to the io key add3140271610286528__a
2025-11-14 16:12:28,280 - pyiron_log - INFO - Assigning a channel with the label a to the io key add4140271610283456__a
2025-11-14 16:12:28,280 - pyiron_log - INFO - Assigning a channel with the label a to the io key macro1__a
2025-11-14 16:12:28,280 - pyiron_log - INFO - Assigning a channel with the label b to the io key macro1__b
2025-11-14 16:12:28,280 - pyiron_log - INFO - Assigning a channel with the label c to the io key macro1__c
2025-11-14 16:12:28,280 - pyiron_log - INFO - Assigning a channel with the label next to the io key fibLoop2140271611882640__next
2025-11-14 16:12:28,280 - pyiron_log - INFO - Assigning a channel with the label now to the io key fibLoop2140271611882640__now
2025-11-14 16:12:28,280 - pyiron_log - INFO - Assigning a channel with the label out_node to the io key macro1__out_node
2025-11-14 16:13:36,391 - pyiron_log - INFO - Assigning a channel with the label max_iterations to the io key fibLoop2139633830320352__max_iterations
2025-11-14 16:13:36,391 - pyiron_log - INFO - Assigning a channel with the label a to the io key add1139633831516768__a
2025-11-14 16:13:36,391 - pyiron_log - INFO - Assigning a channel with the label a to the io key add2139633830314640__a
2025-11-14 16:13:36,391 - pyiron_log - INFO - Assigning a channel with the label a to the io key add3139633830534640__a
2025-11-14 16:13:36,391 - pyiron_log - INFO - Assigning a channel with the label a to the io key add4139633830535216__a
2025-11-14 16:13:36,392 - pyiron_log - INFO - Assigning a channel with the label a to the io key macro1__a
2025-11-14 16:13:36,392 - pyiron_log - INFO - Assigning a channel with the label b to the io key macro1__b
2025-11-14 16:13:36,392 - pyiron_log - INFO - Assigning a channel with the label c to the io key macro1__c
2025-11-14 16:13:36,392 - pyiron_log - INFO - Assigning a channel with the label max_iterations to the io key fibLoop2139633830320352__max_iterations
2025-11-14 16:13:36,392 - pyiron_log - INFO - Assigning a channel with the label a to the io key add1139633831516768__a
2025-11-14 16:13:36,392 - pyiron_log - INFO - Assigning a channel with the label a to the io key add2139633830314640__a
2025-11-14 16:13:36,392 - pyiron_log - INFO - Assigning a channel with the label a to the io key add3139633830534640__a
2025-11-14 16:13:36,392 - pyiron_log - INFO - Assigning a channel with the label a to the io key add4139633830535216__a
2025-11-14 16:13:36,392 - pyiron_log - INFO - Assigning a channel with the label a to the io key macro1__a
2025-11-14 16:13:36,392 - pyiron_log - INFO - Assigning a channel with the label b to the io key macro1__b
2025-11-14 16:13:36,392 - pyiron_log - INFO - Assigning a channel with the label c to the io key macro1__c
2025-11-14 16:13:36,392 - pyiron_log - INFO - Assigning a channel with the label max_iterations to the io key fibLoop2139633830320352__max_iterations
2025-11-14 16:13:36,392 - pyiron_log - INFO - Assigning a channel with the label a to the io key add1139633831516768__a
2025-11-14 16:13:36,392 - pyiron_log - INFO - Assigning a channel with the label a to the io key add2139633830314640__a
2025-11-14 16:13:36,392 - pyiron_log - INFO - Assigning a channel with the label a to the io key add3139633830534640__a
2025-11-14 16:13:36,392 - pyiron_log - INFO - Assigning a channel with the label a to the io key add4139633830535216__a
2025-11-14 16:13:36,392 - pyiron_log - INFO - Assigning a channel with the label a to the io key macro1__a
2025-11-14 16:13:36,392 - pyiron_log - INFO - Assigning a channel with the label b to the io key macro1__b
2025-11-14 16:13:36,392 - pyiron_log - INFO - Assigning a channel with the label c to the io key macro1__c
2025-11-14 16:13:36,392 - pyiron_log - INFO - Assigning a channel with the label max_iterations to the io key fibLoop2139633830320352__max_iterations
2025-11-14 16:13:36,392 - pyiron_log - INFO - Assigning a channel with the label a to the io key add1139633831516768__a
2025-11-14 16:13:36,392 - pyiron_log - INFO - Assigning a channel with the label a to the io key add2139633830314640__a
2025-11-14 16:13:36,393 - pyiron_log - INFO - Assigning a channel with the label a to the io key add3139633830534640__a
2025-11-14 16:13:36,393 - pyiron_log - INFO - Assigning a channel with the label a to the io key add4139633830535216__a
2025-11-14 16:13:36,393 - pyiron_log - INFO - Assigning a channel with the label a to the io key macro1__a
2025-11-14 16:13:36,393 - pyiron_log - INFO - Assigning a channel with the label b to the io key macro1__b
2025-11-14 16:13:36,393 - pyiron_log - INFO - Assigning a channel with the label c to the io key macro1__c
2025-11-14 16:13:36,393 - pyiron_log - INFO - Assigning a channel with the label max_iterations to the io key fibLoop2139633830320352__max_iterations
2025-11-14 16:13:36,393 - pyiron_log - INFO - Assigning a channel with the label a to the io key add1139633831516768__a
2025-11-14 16:13:36,393 - pyiron_log - INFO - Assigning a channel with the label a to the io key add2139633830314640__a
2025-11-14 16:13:36,393 - pyiron_log - INFO - Assigning a channel with the label a to the io key add3139633830534640__a
2025-11-14 16:13:36,393 - pyiron_log - INFO - Assigning a channel with the label a to the io key add4139633830535216__a
2025-11-14 16:13:36,393 - pyiron_log - INFO - Assigning a channel with the label a to the io key macro1__a
2025-11-14 16:13:36,393 - pyiron_log - INFO - Assigning a channel with the label b to the io key macro1__b
2025-11-14 16:13:36,393 - pyiron_log - INFO - Assigning a channel with the label c to the io key macro1__c
2025-11-14 16:13:36,393 - pyiron_log - INFO - Assigning a channel with the label max_iterations to the io key fibLoop2139633830320352__max_iterations
2025-11-14 16:13:36,393 - pyiron_log - INFO - Assigning a channel with the label a to the io key add1139633831516768__a
2025-11-14 16:13:36,393 - pyiron_log - INFO - Assigning a channel with the label a to the io key add2139633830314640__a
2025-11-14 16:13:36,393 - pyiron_log - INFO - Assigning a channel with the label a to the io key add3139633830534640__a
2025-11-14 16:13:36,393 - pyiron_log - INFO - Assigning a channel with the label a to the io key add4139633830535216__a
2025-11-14 16:13:36,393 - pyiron_log - INFO - Assigning a channel with the label a to the io key macro1__a
2025-11-14 16:13:36,393 - pyiron_log - INFO - Assigning a channel with the label b to the io key macro1__b
2025-11-14 16:13:36,393 - pyiron_log - INFO - Assigning a channel with the label c to the io key macro1__c
2025-11-14 16:13:36,393 - pyiron_log - INFO - Assigning a channel with the label next to the io key fibLoop2139633830320352__next
2025-11-14 16:13:36,393 - pyiron_log - INFO - Assigning a channel with the label now to the io key fibLoop2139633830320352__now
2025-11-14 16:13:36,393 - pyiron_log - INFO - Assigning a channel with the label out_node to the io key macro1__out_node
2025-11-14 16:17:19,120 - pyiron_log - INFO - Assigning a channel with the label max_iterations to the io key fibLoop2139633830320352__max_iterations
2025-11-14 16:17:19,120 - pyiron_log - INFO - Assigning a channel with the label a to the io key add1139633831516768__a
2025-11-14 16:17:19,120 - pyiron_log - INFO - Assigning a channel with the label a to the io key add2139633830314640__a
2025-11-14 16:17:19,120 - pyiron_log - INFO - Assigning a channel with the label a to the io key add3139633830534640__a
2025-11-14 16:17:19,121 - pyiron_log - INFO - Assigning a channel with the label a to the io key add4139633830535216__a
2025-11-14 16:17:19,121 - pyiron_log - INFO - Assigning a channel with the label a to the io key macro1__a
2025-11-14 16:17:19,121 - pyiron_log - INFO - Assigning a channel with the label b to the io key macro1__b
2025-11-14 16:17:19,121 - pyiron_log - INFO - Assigning a channel with the label c to the io key macro1__c
2025-11-14 16:17:19,121 - pyiron_log - INFO - Assigning a channel with the label max_iterations to the io key fibLoop2139633830320352__max_iterations
2025-11-14 16:17:19,121 - pyiron_log - INFO - Assigning a channel with the label a to the io key add1139633831516768__a
2025-11-14 16:17:19,121 - pyiron_log - INFO - Assigning a channel with the label a to the io key add2139633830314640__a
2025-11-14 16:17:19,121 - pyiron_log - INFO - Assigning a channel with the label a to the io key add3139633830534640__a
2025-11-14 16:17:19,121 - pyiron_log - INFO - Assigning a channel with the label a to the io key add4139633830535216__a
2025-11-14 16:17:19,121 - pyiron_log - INFO - Assigning a channel with the label a to the io key macro1__a
2025-11-14 16:17:19,121 - pyiron_log - INFO - Assigning a channel with the label b to the io key macro1__b
2025-11-14 16:17:19,121 - pyiron_log - INFO - Assigning a channel with the label c to the io key macro1__c
2025-11-14 16:17:19,121 - pyiron_log - INFO - Assigning a channel with the label max_iterations to the io key fibLoop2139633830320352__max_iterations
2025-11-14 16:17:19,121 - pyiron_log - INFO - Assigning a channel with the label a to the io key add1139633831516768__a
2025-11-14 16:17:19,121 - pyiron_log - INFO - Assigning a channel with the label a to the io key add2139633830314640__a
2025-11-14 16:17:19,121 - pyiron_log - INFO - Assigning a channel with the label a to the io key add3139633830534640__a
2025-11-14 16:17:19,121 - pyiron_log - INFO - Assigning a channel with the label a to the io key add4139633830535216__a
2025-11-14 16:17:19,121 - pyiron_log - INFO - Assigning a channel with the label a to the io key macro1__a
2025-11-14 16:17:19,121 - pyiron_log - INFO - Assigning a channel with the label b to the io key macro1__b
2025-11-14 16:17:19,121 - pyiron_log - INFO - Assigning a channel with the label c to the io key macro1__c
2025-11-14 16:17:19,121 - pyiron_log - INFO - Assigning a channel with the label max_iterations to the io key fibLoop2139633830320352__max_iterations
2025-11-14 16:17:19,121 - pyiron_log - INFO - Assigning a channel with the label a to the io key add1139633831516768__a
2025-11-14 16:17:19,121 - pyiron_log - INFO - Assigning a channel with the label a to the io key add2139633830314640__a
2025-11-14 16:17:19,121 - pyiron_log - INFO - Assigning a channel with the label a to the io key add3139633830534640__a
2025-11-14 16:17:19,121 - pyiron_log - INFO - Assigning a channel with the label a to the io key add4139633830535216__a
2025-11-14 16:17:19,121 - pyiron_log - INFO - Assigning a channel with the label a to the io key macro1__a
2025-11-14 16:17:19,121 - pyiron_log - INFO - Assigning a channel with the label b to the io key macro1__b
2025-11-14 16:17:19,121 - pyiron_log - INFO - Assigning a channel with the label c to the io key macro1__c
2025-11-14 16:17:19,121 - pyiron_log - INFO - Assigning a channel with the label next to the io key fibLoop2139633830320352__next
2025-11-14 16:17:19,121 - pyiron_log - INFO - Assigning a channel with the label now to the io key fibLoop2139633830320352__now
2025-11-14 16:17:19,121 - pyiron_log - INFO - Assigning a channel with the label out_node to the io key macro1__out_node
2025-11-19 11:44:09,291 - pyiron_log - INFO - Fibonacci is already a node; appending an index to the node label instead: Fibonacci0
2025-11-19 12:07:22,201 - pyiron_log - INFO - Fibonacci is already a node; appending an index to the node label instead: Fibonacci0
2025-11-19 12:13:05,352 - pyiron_log - INFO - Fibonacci is already a node; appending an index to the node label instead: Fibonacci0
2025-11-19 12:19:12,930 - pyiron_log - INFO - Fibonacci is already a node; appending an index to the node label instead: Fibonacci0
2025-11-28 16:19:45,747 - pyiron_log - INFO - Fibonacci is already a node; appending an index to the node label instead: Fibonacci0
2025-11-28 16:19:51,144 - pyiron_log - INFO - Fibonacci is already a node; appending an index to the node label instead: Fibonacci1
2026-01-23 16:00:34,536 - pyiron_log - INFO - Fibonacci is already a node; appending an index to the node label instead: Fibonacci0
2026-01-23 16:09:41,235 - pyiron_log - INFO - Fibonacci is already a node; appending an index to the node label instead: Fibonacci0
2026-01-23 16:09:44,813 - pyiron_log - INFO - Fibonacci is already a node; appending an index to the node label instead: Fibonacci1
2026-01-23 16:15:46,315 - pyiron_log - INFO - Assigning a channel with the label max_iterations to the io key fibLoop140328628697904__max_iterations
2026-01-23 16:15:46,315 - pyiron_log - INFO - Assigning a channel with the label a to the io key add1140328624601712__a
2026-01-23 16:15:46,315 - pyiron_log - INFO - Assigning a channel with the label a to the io key add2140328624524224__a
2026-01-23 16:15:46,315 - pyiron_log - INFO - Assigning a channel with the label a to the io key add3140328526189568__a
2026-01-23 16:15:46,315 - pyiron_log - INFO - Assigning a channel with the label a to the io key add4140328526190096__a
2026-01-23 16:15:46,315 - pyiron_log - INFO - Assigning a channel with the label max_iterations to the io key fibLoop140328628697904__max_iterations
2026-01-23 16:15:46,315 - pyiron_log - INFO - Assigning a channel with the label a to the io key add1140328624601712__a
2026-01-23 16:15:46,315 - pyiron_log - INFO - Assigning a channel with the label a to the io key add2140328624524224__a
2026-01-23 16:15:46,315 - pyiron_log - INFO - Assigning a channel with the label a to the io key add3140328526189568__a
2026-01-23 16:15:46,315 - pyiron_log - INFO - Assigning a channel with the label a to the io key add4140328526190096__a
2026-01-23 16:15:46,315 - pyiron_log - INFO - Assigning a channel with the label max_iterations to the io key fibLoop140328628697904__max_iterations
2026-01-23 16:15:46,316 - pyiron_log - INFO - Assigning a channel with the label a to the io key add1140328624601712__a
2026-01-23 16:15:46,316 - pyiron_log - INFO - Assigning a channel with the label a to the io key add2140328624524224__a
2026-01-23 16:15:46,316 - pyiron_log - INFO - Assigning a channel with the label a to the io key add3140328526189568__a
2026-01-23 16:15:46,316 - pyiron_log - INFO - Assigning a channel with the label a to the io key add4140328526190096__a
2026-01-23 16:15:46,316 - pyiron_log - INFO - Assigning a channel with the label max_iterations to the io key fibLoop140328628697904__max_iterations
2026-01-23 16:15:46,316 - pyiron_log - INFO - Assigning a channel with the label a to the io key add1140328624601712__a
2026-01-23 16:15:46,316 - pyiron_log - INFO - Assigning a channel with the label a to the io key add2140328624524224__a
2026-01-23 16:15:46,316 - pyiron_log - INFO - Assigning a channel with the label a to the io key add3140328526189568__a
2026-01-23 16:15:46,317 - pyiron_log - INFO - Assigning a channel with the label a to the io key add4140328526190096__a
2026-01-23 16:15:46,317 - pyiron_log - INFO - Assigning a channel with the label max_iterations to the io key fibLoop140328628697904__max_iterations
2026-01-23 16:15:46,317 - pyiron_log - INFO - Assigning a channel with the label a to the io key add1140328624601712__a
2026-01-23 16:15:46,317 - pyiron_log - INFO - Assigning a channel with the label a to the io key add2140328624524224__a
2026-01-23 16:15:46,317 - pyiron_log - INFO - Assigning a channel with the label a to the io key add3140328526189568__a
2026-01-23 16:15:46,317 - pyiron_log - INFO - Assigning a channel with the label a to the io key add4140328526190096__a
2026-01-23 16:15:46,317 - pyiron_log - INFO - Assigning a channel with the label max_iterations to the io key fibLoop140328628697904__max_iterations
2026-01-23 16:15:46,317 - pyiron_log - INFO - Assigning a channel with the label a to the io key add1140328624601712__a
2026-01-23 16:15:46,317 - pyiron_log - INFO - Assigning a channel with the label a to the io key add2140328624524224__a
2026-01-23 16:15:46,317 - pyiron_log - INFO - Assigning a channel with the label a to the io key add3140328526189568__a
2026-01-23 16:15:46,317 - pyiron_log - INFO - Assigning a channel with the label a to the io key add4140328526190096__a
2026-01-23 16:15:46,317 - pyiron_log - INFO - Assigning a channel with the label next to the io key fibLoop140328628697904__next
2026-01-23 16:15:46,317 - pyiron_log - INFO - Assigning a channel with the label now to the io key fibLoop140328628697904__now
2026-01-23 16:20:45,718 - pyiron_log - INFO - Assigning a channel with the label test_obj to the io key fibLoop140328628697904__test_obj
2026-01-23 16:20:45,719 - pyiron_log - INFO - Assigning a channel with the label max_iterations to the io key fibLoop140328628697904__max_iterations
2026-01-23 16:20:45,719 - pyiron_log - INFO - Assigning a channel with the label a to the io key add2140328624524224__a
2026-01-23 16:20:45,719 - pyiron_log - INFO - Assigning a channel with the label a to the io key add3140328526189568__a
2026-01-23 16:20:45,719 - pyiron_log - INFO - Assigning a channel with the label a to the io key add4140328526190096__a
2026-01-23 16:20:45,719 - pyiron_log - INFO - Assigning a channel with the label test_obj to the io key fibLoop140328628697904__test_obj
2026-01-23 16:20:45,719 - pyiron_log - INFO - Assigning a channel with the label max_iterations to the io key fibLoop140328628697904__max_iterations
2026-01-23 16:20:45,719 - pyiron_log - INFO - Assigning a channel with the label a to the io key add2140328624524224__a
2026-01-23 16:20:45,719 - pyiron_log - INFO - Assigning a channel with the label a to the io key add3140328526189568__a
2026-01-23 16:20:45,719 - pyiron_log - INFO - Assigning a channel with the label a to the io key add4140328526190096__a
2026-01-23 16:20:45,719 - pyiron_log - INFO - Assigning a channel with the label test_obj to the io key fibLoop140328628697904__test_obj
2026-01-23 16:20:45,719 - pyiron_log - INFO - Assigning a channel with the label max_iterations to the io key fibLoop140328628697904__max_iterations
2026-01-23 16:20:45,719 - pyiron_log - INFO - Assigning a channel with the label a to the io key add2140328624524224__a
2026-01-23 16:20:45,719 - pyiron_log - INFO - Assigning a channel with the label a to the io key add3140328526189568__a
2026-01-23 16:20:45,719 - pyiron_log - INFO - Assigning a channel with the label a to the io key add4140328526190096__a
2026-01-23 16:20:45,719 - pyiron_log - INFO - Assigning a channel with the label test_obj to the io key fibLoop140328628697904__test_obj
2026-01-23 16:20:45,719 - pyiron_log - INFO - Assigning a channel with the label max_iterations to the io key fibLoop140328628697904__max_iterations
2026-01-23 16:20:45,719 - pyiron_log - INFO - Assigning a channel with the label a to the io key add2140328624524224__a
2026-01-23 16:20:45,719 - pyiron_log - INFO - Assigning a channel with the label a to the io key add3140328526189568__a
2026-01-23 16:20:45,719 - pyiron_log - INFO - Assigning a channel with the label a to the io key add4140328526190096__a
2026-01-23 16:20:45,719 - pyiron_log - INFO - Assigning a channel with the label test_obj to the io key fibLoop140328628697904__test_obj
2026-01-23 16:20:45,719 - pyiron_log - INFO - Assigning a channel with the label max_iterations to the io key fibLoop140328628697904__max_iterations
2026-01-23 16:20:45,719 - pyiron_log - INFO - Assigning a channel with the label a to the io key add2140328624524224__a
2026-01-23 16:20:45,719 - pyiron_log - INFO - Assigning a channel with the label a to the io key add3140328526189568__a
2026-01-23 16:20:45,719 - pyiron_log - INFO - Assigning a channel with the label a to the io key add4140328526190096__a
2026-01-23 16:20:45,719 - pyiron_log - INFO - Assigning a channel with the label test_obj to the io key fibLoop140328628697904__test_obj
2026-01-23 16:20:45,719 - pyiron_log - INFO - Assigning a channel with the label max_iterations to the io key fibLoop140328628697904__max_iterations
2026-01-23 16:20:45,719 - pyiron_log - INFO - Assigning a channel with the label a to the io key add2140328624524224__a
2026-01-23 16:20:45,720 - pyiron_log - INFO - Assigning a channel with the label a to the io key add3140328526189568__a
2026-01-23 16:20:45,720 - pyiron_log - INFO - Assigning a channel with the label a to the io key add4140328526190096__a
2026-01-23 16:20:45,720 - pyiron_log - INFO - Assigning a channel with the label next to the io key fibLoop140328628697904__next
2026-01-23 16:20:45,720 - pyiron_log - INFO - Assigning a channel with the label now to the io key fibLoop140328628697904__now
2026-01-23 16:20:51,008 - pyiron_log - INFO - Assigning a channel with the label test_obj to the io key fibLoop140328628697904__test_obj
2026-01-23 16:20:51,009 - pyiron_log - INFO - Assigning a channel with the label max_iterations to the io key fibLoop140328628697904__max_iterations
2026-01-23 16:20:51,009 - pyiron_log - INFO - Assigning a channel with the label a to the io key add2140328624524224__a
2026-01-23 16:20:51,009 - pyiron_log - INFO - Assigning a channel with the label a to the io key add3140328526189568__a
2026-01-23 16:20:51,009 - pyiron_log - INFO - Assigning a channel with the label a to the io key add4140328526190096__a
2026-01-23 16:20:51,009 - pyiron_log - INFO - Assigning a channel with the label test_obj to the io key fibLoop140328628697904__test_obj
2026-01-23 16:20:51,009 - pyiron_log - INFO - Assigning a channel with the label max_iterations to the io key fibLoop140328628697904__max_iterations
2026-01-23 16:20:51,009 - pyiron_log - INFO - Assigning a channel with the label a to the io key add2140328624524224__a
2026-01-23 16:20:51,009 - pyiron_log - INFO - Assigning a channel with the label a to the io key add3140328526189568__a
2026-01-23 16:20:51,009 - pyiron_log - INFO - Assigning a channel with the label a to the io key add4140328526190096__a
2026-01-23 16:20:51,009 - pyiron_log - INFO - Assigning a channel with the label test_obj to the io key fibLoop140328628697904__test_obj
2026-01-23 16:20:51,009 - pyiron_log - INFO - Assigning a channel with the label max_iterations to the io key fibLoop140328628697904__max_iterations
2026-01-23 16:20:51,009 - pyiron_log - INFO - Assigning a channel with the label a to the io key add2140328624524224__a
2026-01-23 16:20:51,009 - pyiron_log - INFO - Assigning a channel with the label a to the io key add3140328526189568__a
2026-01-23 16:20:51,009 - pyiron_log - INFO - Assigning a channel with the label a to the io key add4140328526190096__a
2026-01-23 16:20:51,009 - pyiron_log - INFO - Assigning a channel with the label test_obj to the io key fibLoop140328628697904__test_obj
2026-01-23 16:20:51,009 - pyiron_log - INFO - Assigning a channel with the label max_iterations to the io key fibLoop140328628697904__max_iterations
2026-01-23 16:20:51,009 - pyiron_log - INFO - Assigning a channel with the label a to the io key add2140328624524224__a
2026-01-23 16:20:51,009 - pyiron_log - INFO - Assigning a channel with the label a to the io key add3140328526189568__a
2026-01-23 16:20:51,009 - pyiron_log - INFO - Assigning a channel with the label a to the io key add4140328526190096__a
2026-01-23 16:20:51,009 - pyiron_log - INFO - Assigning a channel with the label next to the io key fibLoop140328628697904__next
2026-01-23 16:20:51,009 - pyiron_log - INFO - Assigning a channel with the label now to the io key fibLoop140328628697904__now
2026-01-30 11:58:38,978 - pyiron_log - INFO - LessThan is already a node; appending an index to the node label instead: LessThan0
2026-01-30 11:58:39,113 - pyiron_log - INFO - LessThan is already a node; appending an index to the node label instead: LessThan1
2026-01-30 13:17:00,114 - pyiron_log - INFO - Fibonacci is already a node; appending an index to the node label instead: Fibonacci0
2026-01-30 13:50:38,033 - pyiron_log - INFO - Fibonacci is already a node; appending an index to the node label instead: Fibonacci0
2026-01-30 13:53:02,205 - pyiron_log - INFO - Fibonacci is already a node; appending an index to the node label instead: Fibonacci0
2026-01-30 14:00:14,306 - pyiron_log - INFO - Fibonacci is already a node; appending an index to the node label instead: Fibonacci0
2026-01-30 14:04:11,977 - pyiron_log - INFO - LessThan is already a node; appending an index to the node label instead: LessThan0
2026-01-30 14:04:26,012 - pyiron_log - INFO - Fibonacci is already a node; appending an index to the node label instead: Fibonacci0
2026-01-30 14:06:37,335 - pyiron_log - INFO - new_loop is already a node; appending an index to the node label instead: new_loop0
2026-01-30 14:06:50,140 - pyiron_log - INFO - new_loop is already a node; appending an index to the node label instead: new_loop1
2026-01-30 14:08:09,264 - pyiron_log - INFO - Fibonacci is already a node; appending an index to the node label instead: Fibonacci0
2026-01-30 14:17:57,425 - pyiron_log - INFO - Fibonacci is already a node; appending an index to the node label instead: Fibonacci0
2026-01-30 14:19:18,886 - pyiron_log - INFO - Fibonacci is already a node; appending an index to the node label instead: Fibonacci0
2026-01-30 14:21:09,448 - pyiron_log - INFO - Fibonacci is already a node; appending an index to the node label instead: Fibonacci0
2026-01-30 14:25:23,350 - pyiron_log - INFO - Fibonacci is already a node; appending an index to the node label instead: Fibonacci0
2026-01-30 14:27:17,999 - pyiron_log - INFO - Fibonacci is already a node; appending an index to the node label instead: Fibonacci0
2026-01-30 14:30:47,796 - pyiron_log - INFO - Fibonacci is already a node; appending an index to the node label instead: Fibonacci0
2026-01-30 14:33:26,408 - pyiron_log - INFO - Fibonacci is already a node; appending an index to the node label instead: Fibonacci0
2026-01-30 14:35:06,284 - pyiron_log - INFO - Fibonacci is already a node; appending an index to the node label instead: Fibonacci0
2026-01-30 14:43:21,671 - pyiron_log - INFO - Fibonacci is already a node; appending an index to the node label instead: Fibonacci0
2026-01-30 14:44:45,449 - pyiron_log - INFO - Fibonacci is already a node; appending an index to the node label instead: Fibonacci0
2026-01-30 14:48:51,853 - pyiron_log - INFO - Fibonacci is already a node; appending an index to the node label instead: Fibonacci0
2026-01-30 14:56:57,220 - pyiron_log - INFO - Fibonacci is already a node; appending an index to the node label instead: Fibonacci0
2026-01-30 14:59:56,239 - pyiron_log - INFO - Fibonacci is already a node; appending an index to the node label instead: Fibonacci0
2026-01-30 15:24:19,037 - pyiron_log - INFO - Fibonacci is already a node; appending an index to the node label instead: Fibonacci0
2026-01-30 15:25:09,064 - pyiron_log - INFO - int_input is already a node; appending an index to the node label instead: int_input0
2026-01-30 15:25:09,426 - pyiron_log - INFO - int_input is already a node; appending an index to the node label instead: int_input1
2026-01-30 15:25:09,834 - pyiron_log - INFO - int_input is already a node; appending an index to the node label instead: int_input2
2026-01-30 15:26:14,785 - pyiron_log - INFO - Assigning a channel with the label max_iterations to the io key new_loop140248838877360__max_iterations
2026-01-30 15:26:14,785 - pyiron_log - INFO - Assigning a channel with the label a to the io key int_input140248840770800__a
2026-01-30 15:26:14,785 - pyiron_log - INFO - Assigning a channel with the label a to the io key int_input0140248840775504__a
2026-01-30 15:26:14,785 - pyiron_log - INFO - Assigning a channel with the label a to the io key int_input1140248840771952__a
2026-01-30 15:26:14,785 - pyiron_log - INFO - Assigning a channel with the label a to the io key int_input2140248840768928__a
2026-01-30 15:26:14,785 - pyiron_log - INFO - Assigning a channel with the label max_iterations to the io key new_loop140248838877360__max_iterations
2026-01-30 15:26:14,785 - pyiron_log - INFO - Assigning a channel with the label a to the io key int_input140248840770800__a
2026-01-30 15:26:14,785 - pyiron_log - INFO - Assigning a channel with the label a to the io key int_input0140248840775504__a
2026-01-30 15:26:14,785 - pyiron_log - INFO - Assigning a channel with the label a to the io key int_input1140248840771952__a
2026-01-30 15:26:14,785 - pyiron_log - INFO - Assigning a channel with the label a to the io key int_input2140248840768928__a
2026-01-30 15:26:14,785 - pyiron_log - INFO - Assigning a channel with the label max_iterations to the io key new_loop140248838877360__max_iterations
2026-01-30 15:26:14,785 - pyiron_log - INFO - Assigning a channel with the label a to the io key int_input140248840770800__a
2026-01-30 15:26:14,785 - pyiron_log - INFO - Assigning a channel with the label a to the io key int_input0140248840775504__a
2026-01-30 15:26:14,785 - pyiron_log - INFO - Assigning a channel with the label a to the io key int_input1140248840771952__a
2026-01-30 15:26:14,785 - pyiron_log - INFO - Assigning a channel with the label a to the io key int_input2140248840768928__a
2026-01-30 15:26:14,785 - pyiron_log - INFO - Assigning a channel with the label max_iterations to the io key new_loop140248838877360__max_iterations
2026-01-30 15:26:14,785 - pyiron_log - INFO - Assigning a channel with the label a to the io key int_input140248840770800__a
2026-01-30 15:26:14,785 - pyiron_log - INFO - Assigning a channel with the label a to the io key int_input0140248840775504__a
2026-01-30 15:26:14,785 - pyiron_log - INFO - Assigning a channel with the label a to the io key int_input1140248840771952__a
2026-01-30 15:26:14,785 - pyiron_log - INFO - Assigning a channel with the label a to the io key int_input2140248840768928__a
2026-01-30 15:26:14,785 - pyiron_log - INFO - Assigning a channel with the label max_iterations to the io key new_loop140248838877360__max_iterations
2026-01-30 15:26:14,786 - pyiron_log - INFO - Assigning a channel with the label a to the io key int_input140248840770800__a
2026-01-30 15:26:14,786 - pyiron_log - INFO - Assigning a channel with the label a to the io key int_input0140248840775504__a
2026-01-30 15:26:14,786 - pyiron_log - INFO - Assigning a channel with the label a to the io key int_input1140248840771952__a
2026-01-30 15:26:14,786 - pyiron_log - INFO - Assigning a channel with the label a to the io key int_input2140248840768928__a
2026-01-30 15:26:14,786 - pyiron_log - INFO - Assigning a channel with the label max_iterations to the io key new_loop140248838877360__max_iterations
2026-01-30 15:26:14,786 - pyiron_log - INFO - Assigning a channel with the label a to the io key int_input140248840770800__a
2026-01-30 15:26:14,786 - pyiron_log - INFO - Assigning a channel with the label a to the io key int_input0140248840775504__a
2026-01-30 15:26:14,786 - pyiron_log - INFO - Assigning a channel with the label a to the io key int_input1140248840771952__a
2026-01-30 15:26:14,786 - pyiron_log - INFO - Assigning a channel with the label a to the io key int_input2140248840768928__a
2026-01-30 15:26:14,786 - pyiron_log - INFO - Assigning a channel with the label next to the io key new_loop140248838877360__next
2026-01-30 15:26:14,787 - pyiron_log - INFO - Assigning a channel with the label now to the io key new_loop140248838877360__now
2026-01-30 15:26:29,999 - pyiron_log - INFO - Assigning a channel with the label test_obj to the io key new_loop140248838877360__test_obj
2026-01-30 15:26:29,999 - pyiron_log - INFO - Assigning a channel with the label max_iterations to the io key new_loop140248838877360__max_iterations
2026-01-30 15:26:29,999 - pyiron_log - INFO - Assigning a channel with the label a to the io key int_input0140248840775504__a
2026-01-30 15:26:29,999 - pyiron_log - INFO - Assigning a channel with the label a to the io key int_input1140248840771952__a
2026-01-30 15:26:29,999 - pyiron_log - INFO - Assigning a channel with the label a to the io key int_input2140248840768928__a
2026-01-30 15:26:30,000 - pyiron_log - INFO - Assigning a channel with the label test_obj to the io key new_loop140248838877360__test_obj
2026-01-30 15:26:30,000 - pyiron_log - INFO - Assigning a channel with the label max_iterations to the io key new_loop140248838877360__max_iterations
2026-01-30 15:26:30,000 - pyiron_log - INFO - Assigning a channel with the label a to the io key int_input0140248840775504__a
2026-01-30 15:26:30,000 - pyiron_log - INFO - Assigning a channel with the label a to the io key int_input1140248840771952__a
2026-01-30 15:26:30,000 - pyiron_log - INFO - Assigning a channel with the label a to the io key int_input2140248840768928__a
2026-01-30 15:26:30,000 - pyiron_log - INFO - Assigning a channel with the label test_obj to the io key new_loop140248838877360__test_obj
2026-01-30 15:26:30,000 - pyiron_log - INFO - Assigning a channel with the label max_iterations to the io key new_loop140248838877360__max_iterations
2026-01-30 15:26:30,000 - pyiron_log - INFO - Assigning a channel with the label a to the io key int_input0140248840775504__a
2026-01-30 15:26:30,000 - pyiron_log - INFO - Assigning a channel with the label a to the io key int_input1140248840771952__a
2026-01-30 15:26:30,000 - pyiron_log - INFO - Assigning a channel with the label a to the io key int_input2140248840768928__a
2026-01-30 15:26:30,000 - pyiron_log - INFO - Assigning a channel with the label test_obj to the io key new_loop140248838877360__test_obj
2026-01-30 15:26:30,000 - pyiron_log - INFO - Assigning a channel with the label max_iterations to the io key new_loop140248838877360__max_iterations
2026-01-30 15:26:30,000 - pyiron_log - INFO - Assigning a channel with the label a to the io key int_input0140248840775504__a
2026-01-30 15:26:30,000 - pyiron_log - INFO - Assigning a channel with the label a to the io key int_input1140248840771952__a
2026-01-30 15:26:30,000 - pyiron_log - INFO - Assigning a channel with the label a to the io key int_input2140248840768928__a
2026-01-30 15:26:30,000 - pyiron_log - INFO - Assigning a channel with the label test_obj to the io key new_loop140248838877360__test_obj
2026-01-30 15:26:30,000 - pyiron_log - INFO - Assigning a channel with the label max_iterations to the io key new_loop140248838877360__max_iterations
2026-01-30 15:26:30,000 - pyiron_log - INFO - Assigning a channel with the label a to the io key int_input0140248840775504__a
2026-01-30 15:26:30,000 - pyiron_log - INFO - Assigning a channel with the label a to the io key int_input1140248840771952__a
2026-01-30 15:26:30,000 - pyiron_log - INFO - Assigning a channel with the label a to the io key int_input2140248840768928__a
2026-01-30 15:26:30,000 - pyiron_log - INFO - Assigning a channel with the label test_obj to the io key new_loop140248838877360__test_obj
2026-01-30 15:26:30,000 - pyiron_log - INFO - Assigning a channel with the label max_iterations to the io key new_loop140248838877360__max_iterations
2026-01-30 15:26:30,000 - pyiron_log - INFO - Assigning a channel with the label a to the io key int_input0140248840775504__a
2026-01-30 15:26:30,000 - pyiron_log - INFO - Assigning a channel with the label a to the io key int_input1140248840771952__a
2026-01-30 15:26:30,000 - pyiron_log - INFO - Assigning a channel with the label a to the io key int_input2140248840768928__a
2026-01-30 15:26:30,000 - pyiron_log - INFO - Assigning a channel with the label next to the io key new_loop140248838877360__next
2026-01-30 15:26:30,000 - pyiron_log - INFO - Assigning a channel with the label now to the io key new_loop140248838877360__now
2026-01-30 15:27:20,574 - pyiron_log - INFO - Fibonacci is already a node; appending an index to the node label instead: Fibonacci0
2026-01-30 15:27:27,541 - pyiron_log - INFO - Fibonacci is already a node; appending an index to the node label instead: Fibonacci1
2026-01-30 15:28:08,811 - pyiron_log - INFO - Fibonacci is already a node; appending an index to the node label instead: Fibonacci0
2026-01-30 15:30:27,785 - pyiron_log - INFO - int_input is already a node; appending an index to the node label instead: int_input0
2026-01-30 15:30:28,369 - pyiron_log - INFO - int_input is already a node; appending an index to the node label instead: int_input1
2026-01-30 15:30:28,984 - pyiron_log - INFO - int_input is already a node; appending an index to the node label instead: int_input2
2026-01-30 15:31:13,595 - pyiron_log - INFO - Assigning a channel with the label test_obj to the io key new_loop140322054768496__test_obj
2026-01-30 15:31:13,595 - pyiron_log - INFO - Assigning a channel with the label max_iterations to the io key new_loop140322054768496__max_iterations
2026-01-30 15:31:13,595 - pyiron_log - INFO - Assigning a channel with the label a to the io key int_input__a
2026-01-30 15:31:13,595 - pyiron_log - INFO - Assigning a channel with the label a to the io key int_input0140322056316656__a
2026-01-30 15:31:13,596 - pyiron_log - INFO - Assigning a channel with the label a to the io key int_input1140322056321744__a
2026-01-30 15:31:13,596 - pyiron_log - INFO - Assigning a channel with the label a to the io key int_input2140322056322704__a
2026-01-30 15:31:13,596 - pyiron_log - INFO - Assigning a channel with the label test_obj to the io key new_loop140322054768496__test_obj
2026-01-30 15:31:13,596 - pyiron_log - INFO - Assigning a channel with the label max_iterations to the io key new_loop140322054768496__max_iterations
2026-01-30 15:31:13,596 - pyiron_log - INFO - Assigning a channel with the label a to the io key int_input__a
2026-01-30 15:31:13,596 - pyiron_log - INFO - Assigning a channel with the label a to the io key int_input0140322056316656__a
2026-01-30 15:31:13,596 - pyiron_log - INFO - Assigning a channel with the label a to the io key int_input1140322056321744__a
2026-01-30 15:31:13,596 - pyiron_log - INFO - Assigning a channel with the label a to the io key int_input2140322056322704__a
2026-01-30 15:31:13,596 - pyiron_log - INFO - Assigning a channel with the label test_obj to the io key new_loop140322054768496__test_obj
2026-01-30 15:31:13,596 - pyiron_log - INFO - Assigning a channel with the label max_iterations to the io key new_loop140322054768496__max_iterations
2026-01-30 15:31:13,596 - pyiron_log - INFO - Assigning a channel with the label a to the io key int_input__a
2026-01-30 15:31:13,596 - pyiron_log - INFO - Assigning a channel with the label a to the io key int_input0140322056316656__a
2026-01-30 15:31:13,596 - pyiron_log - INFO - Assigning a channel with the label a to the io key int_input1140322056321744__a
2026-01-30 15:31:13,596 - pyiron_log - INFO - Assigning a channel with the label a to the io key int_input2140322056322704__a
2026-01-30 15:31:13,596 - pyiron_log - INFO - Assigning a channel with the label test_obj to the io key new_loop140322054768496__test_obj
2026-01-30 15:31:13,596 - pyiron_log - INFO - Assigning a channel with the label max_iterations to the io key new_loop140322054768496__max_iterations
2026-01-30 15:31:13,596 - pyiron_log - INFO - Assigning a channel with the label a to the io key int_input__a
2026-01-30 15:31:13,596 - pyiron_log - INFO - Assigning a channel with the label a to the io key int_input0140322056316656__a
2026-01-30 15:31:13,596 - pyiron_log - INFO - Assigning a channel with the label a to the io key int_input1140322056321744__a
2026-01-30 15:31:13,596 - pyiron_log - INFO - Assigning a channel with the label a to the io key int_input2140322056322704__a
2026-01-30 15:31:13,596 - pyiron_log - INFO - Assigning a channel with the label test_obj to the io key new_loop140322054768496__test_obj
2026-01-30 15:31:13,596 - pyiron_log - INFO - Assigning a channel with the label max_iterations to the io key new_loop140322054768496__max_iterations
2026-01-30 15:31:13,596 - pyiron_log - INFO - Assigning a channel with the label a to the io key int_input__a
2026-01-30 15:31:13,596 - pyiron_log - INFO - Assigning a channel with the label a to the io key int_input0140322056316656__a
2026-01-30 15:31:13,596 - pyiron_log - INFO - Assigning a channel with the label a to the io key int_input1140322056321744__a
2026-01-30 15:31:13,596 - pyiron_log - INFO - Assigning a channel with the label a to the io key int_input2140322056322704__a
2026-01-30 15:31:13,596 - pyiron_log - INFO - Assigning a channel with the label test_obj to the io key new_loop140322054768496__test_obj
2026-01-30 15:31:13,596 - pyiron_log - INFO - Assigning a channel with the label max_iterations to the io key new_loop140322054768496__max_iterations
2026-01-30 15:31:13,596 - pyiron_log - INFO - Assigning a channel with the label a to the io key int_input__a
2026-01-30 15:31:13,596 - pyiron_log - INFO - Assigning a channel with the label a to the io key int_input0140322056316656__a
2026-01-30 15:31:13,596 - pyiron_log - INFO - Assigning a channel with the label a to the io key int_input1140322056321744__a
2026-01-30 15:31:13,596 - pyiron_log - INFO - Assigning a channel with the label a to the io key int_input2140322056322704__a
2026-01-30 15:31:13,596 - pyiron_log - INFO - Assigning a channel with the label test_obj to the io key new_loop140322054768496__test_obj
2026-01-30 15:31:13,596 - pyiron_log - INFO - Assigning a channel with the label max_iterations to the io key new_loop140322054768496__max_iterations
2026-01-30 15:31:13,596 - pyiron_log - INFO - Assigning a channel with the label a to the io key int_input__a
2026-01-30 15:31:13,597 - pyiron_log - INFO - Assigning a channel with the label a to the io key int_input0140322056316656__a
2026-01-30 15:31:13,597 - pyiron_log - INFO - Assigning a channel with the label a to the io key int_input1140322056321744__a
2026-01-30 15:31:13,597 - pyiron_log - INFO - Assigning a channel with the label a to the io key int_input2140322056322704__a
2026-01-30 15:31:13,597 - pyiron_log - INFO - Assigning a channel with the label test_obj to the io key new_loop140322054768496__test_obj
2026-01-30 15:31:13,597 - pyiron_log - INFO - Assigning a channel with the label max_iterations to the io key new_loop140322054768496__max_iterations
2026-01-30 15:31:13,597 - pyiron_log - INFO - Assigning a channel with the label a to the io key int_input__a
2026-01-30 15:31:13,597 - pyiron_log - INFO - Assigning a channel with the label a to the io key int_input0140322056316656__a
2026-01-30 15:31:13,597 - pyiron_log - INFO - Assigning a channel with the label a to the io key int_input1140322056321744__a
2026-01-30 15:31:13,597 - pyiron_log - INFO - Assigning a channel with the label a to the io key int_input2140322056322704__a
2026-01-30 15:31:13,597 - pyiron_log - INFO - Assigning a channel with the label test_obj to the io key new_loop140322054768496__test_obj
2026-01-30 15:31:13,597 - pyiron_log - INFO - Assigning a channel with the label max_iterations to the io key new_loop140322054768496__max_iterations
2026-01-30 15:31:13,597 - pyiron_log - INFO - Assigning a channel with the label a to the io key int_input__a
2026-01-30 15:31:13,597 - pyiron_log - INFO - Assigning a channel with the label a to the io key int_input0140322056316656__a
2026-01-30 15:31:13,597 - pyiron_log - INFO - Assigning a channel with the label a to the io key int_input1140322056321744__a
2026-01-30 15:31:13,597 - pyiron_log - INFO - Assigning a channel with the label a to the io key int_input2140322056322704__a
2026-01-30 15:31:13,597 - pyiron_log - INFO - Assigning a channel with the label test_obj to the io key new_loop140322054768496__test_obj
2026-01-30 15:31:13,597 - pyiron_log - INFO - Assigning a channel with the label max_iterations to the io key new_loop140322054768496__max_iterations
2026-01-30 15:31:13,597 - pyiron_log - INFO - Assigning a channel with the label a to the io key int_input__a
2026-01-30 15:31:13,597 - pyiron_log - INFO - Assigning a channel with the label a to the io key int_input0140322056316656__a
2026-01-30 15:31:13,597 - pyiron_log - INFO - Assigning a channel with the label a to the io key int_input1140322056321744__a
2026-01-30 15:31:13,597 - pyiron_log - INFO - Assigning a channel with the label a to the io key int_input2140322056322704__a
2026-01-30 15:31:23,949 - pyiron_log - INFO - Assigning a channel with the label max_iterations to the io key new_loop140322054768496__max_iterations
2026-01-30 15:31:23,949 - pyiron_log - INFO - Assigning a channel with the label a to the io key int_input140322056311952__a
2026-01-30 15:31:23,949 - pyiron_log - INFO - Assigning a channel with the label a to the io key int_input0140322056316656__a
2026-01-30 15:31:23,949 - pyiron_log - INFO - Assigning a channel with the label a to the io key int_input1140322056321744__a
2026-01-30 15:31:23,949 - pyiron_log - INFO - Assigning a channel with the label a to the io key int_input2140322056322704__a
2026-01-30 15:31:23,949 - pyiron_log - INFO - Assigning a channel with the label max_iterations to the io key new_loop140322054768496__max_iterations
2026-01-30 15:31:23,949 - pyiron_log - INFO - Assigning a channel with the label a to the io key int_input140322056311952__a
2026-01-30 15:31:23,949 - pyiron_log - INFO - Assigning a channel with the label a to the io key int_input0140322056316656__a
2026-01-30 15:31:23,949 - pyiron_log - INFO - Assigning a channel with the label a to the io key int_input1140322056321744__a
2026-01-30 15:31:23,949 - pyiron_log - INFO - Assigning a channel with the label a to the io key int_input2140322056322704__a
2026-01-30 15:31:23,949 - pyiron_log - INFO - Assigning a channel with the label max_iterations to the io key new_loop140322054768496__max_iterations
2026-01-30 15:31:23,949 - pyiron_log - INFO - Assigning a channel with the label a to the io key int_input140322056311952__a
2026-01-30 15:31:23,949 - pyiron_log - INFO - Assigning a channel with the label a to the io key int_input0140322056316656__a
2026-01-30 15:31:23,950 - pyiron_log - INFO - Assigning a channel with the label a to the io key int_input1140322056321744__a
2026-01-30 15:31:23,950 - pyiron_log - INFO - Assigning a channel with the label a to the io key int_input2140322056322704__a
2026-01-30 15:31:23,950 - pyiron_log - INFO - Assigning a channel with the label max_iterations to the io key new_loop140322054768496__max_iterations
2026-01-30 15:31:23,950 - pyiron_log - INFO - Assigning a channel with the label a to the io key int_input140322056311952__a
2026-01-30 15:31:23,950 - pyiron_log - INFO - Assigning a channel with the label a to the io key int_input0140322056316656__a
2026-01-30 15:31:23,950 - pyiron_log - INFO - Assigning a channel with the label a to the io key int_input1140322056321744__a
2026-01-30 15:31:23,950 - pyiron_log - INFO - Assigning a channel with the label a to the io key int_input2140322056322704__a
2026-01-30 15:31:23,950 - pyiron_log - INFO - Assigning a channel with the label max_iterations to the io key new_loop140322054768496__max_iterations
2026-01-30 15:31:23,950 - pyiron_log - INFO - Assigning a channel with the label a to the io key int_input140322056311952__a
2026-01-30 15:31:23,950 - pyiron_log - INFO - Assigning a channel with the label a to the io key int_input0140322056316656__a
2026-01-30 15:31:23,950 - pyiron_log - INFO - Assigning a channel with the label a to the io key int_input1140322056321744__a
2026-01-30 15:31:23,950 - pyiron_log - INFO - Assigning a channel with the label a to the io key int_input2140322056322704__a
2026-01-30 15:31:23,950 - pyiron_log - INFO - Assigning a channel with the label max_iterations to the io key new_loop140322054768496__max_iterations
2026-01-30 15:31:23,950 - pyiron_log - INFO - Assigning a channel with the label a to the io key int_input140322056311952__a
2026-01-30 15:31:23,951 - pyiron_log - INFO - Assigning a channel with the label a to the io key int_input0140322056316656__a
2026-01-30 15:31:23,951 - pyiron_log - INFO - Assigning a channel with the label a to the io key int_input1140322056321744__a
2026-01-30 15:31:23,951 - pyiron_log - INFO - Assigning a channel with the label a to the io key int_input2140322056322704__a
2026-01-30 15:31:23,951 - pyiron_log - INFO - Assigning a channel with the label next to the io key new_loop140322054768496__next
2026-01-30 15:31:23,951 - pyiron_log - INFO - Assigning a channel with the label now to the io key new_loop140322054768496__now
2026-01-30 15:31:39,551 - pyiron_log - INFO - Assigning a channel with the label max_iterations to the io key new_loop140322054768496__max_iterations
2026-01-30 15:31:39,551 - pyiron_log - INFO - Assigning a channel with the label a to the io key int_input140322056311952__a
2026-01-30 15:31:39,551 - pyiron_log - INFO - Assigning a channel with the label a to the io key int_input0140322056316656__a
2026-01-30 15:31:39,551 - pyiron_log - INFO - Assigning a channel with the label a to the io key int_input1140322056321744__a
2026-01-30 15:31:39,551 - pyiron_log - INFO - Assigning a channel with the label a to the io key int_input2140322056322704__a
2026-01-30 15:31:39,551 - pyiron_log - INFO - Assigning a channel with the label max_iterations to the io key new_loop140322054768496__max_iterations
2026-01-30 15:31:39,551 - pyiron_log - INFO - Assigning a channel with the label a to the io key int_input140322056311952__a
2026-01-30 15:31:39,551 - pyiron_log - INFO - Assigning a channel with the label a to the io key int_input0140322056316656__a
2026-01-30 15:31:39,551 - pyiron_log - INFO - Assigning a channel with the label a to the io key int_input1140322056321744__a
2026-01-30 15:31:39,551 - pyiron_log - INFO - Assigning a channel with the label a to the io key int_input2140322056322704__a
2026-01-30 15:31:39,551 - pyiron_log - INFO - Assigning a channel with the label max_iterations to the io key new_loop140322054768496__max_iterations
2026-01-30 15:31:39,551 - pyiron_log - INFO - Assigning a channel with the label a to the io key int_input140322056311952__a
2026-01-30 15:31:39,551 - pyiron_log - INFO - Assigning a channel with the label a to the io key int_input0140322056316656__a
2026-01-30 15:31:39,551 - pyiron_log - INFO - Assigning a channel with the label a to the io key int_input1140322056321744__a
2026-01-30 15:31:39,551 - pyiron_log - INFO - Assigning a channel with the label a to the io key int_input2140322056322704__a
2026-01-30 15:31:39,552 - pyiron_log - INFO - Assigning a channel with the label max_iterations to the io key new_loop140322054768496__max_iterations
2026-01-30 15:31:39,552 - pyiron_log - INFO - Assigning a channel with the label a to the io key int_input140322056311952__a
2026-01-30 15:31:39,552 - pyiron_log - INFO - Assigning a channel with the label a to the io key int_input0140322056316656__a
2026-01-30 15:31:39,552 - pyiron_log - INFO - Assigning a channel with the label a to the io key int_input1140322056321744__a
2026-01-30 15:31:39,552 - pyiron_log - INFO - Assigning a channel with the label a to the io key int_input2140322056322704__a
2026-01-30 15:31:39,552 - pyiron_log - INFO - Assigning a channel with the label next to the io key new_loop140322054768496__next
2026-01-30 15:31:39,552 - pyiron_log - INFO - Assigning a channel with the label now to the io key new_loop140322054768496__now
2026-01-30 15:31:49,501 - pyiron_log - INFO - Assigning a channel with the label max_iterations to the io key new_loop140322054768496__max_iterations
2026-01-30 15:31:49,501 - pyiron_log - INFO - Assigning a channel with the label a to the io key int_input140322056311952__a
2026-01-30 15:31:49,501 - pyiron_log - INFO - Assigning a channel with the label a to the io key int_input0140322056316656__a
2026-01-30 15:31:49,501 - pyiron_log - INFO - Assigning a channel with the label a to the io key int_input1140322056321744__a
2026-01-30 15:31:49,501 - pyiron_log - INFO - Assigning a channel with the label a to the io key int_input2140322056322704__a
2026-01-30 15:31:49,501 - pyiron_log - INFO - Assigning a channel with the label max_iterations to the io key new_loop140322054768496__max_iterations
2026-01-30 15:31:49,501 - pyiron_log - INFO - Assigning a channel with the label a to the io key int_input140322056311952__a
2026-01-30 15:31:49,501 - pyiron_log - INFO - Assigning a channel with the label a to the io key int_input0140322056316656__a
2026-01-30 15:31:49,501 - pyiron_log - INFO - Assigning a channel with the label a to the io key int_input1140322056321744__a
2026-01-30 15:31:49,501 - pyiron_log - INFO - Assigning a channel with the label a to the io key int_input2140322056322704__a
2026-01-30 15:31:49,501 - pyiron_log - INFO - Assigning a channel with the label max_iterations to the io key new_loop140322054768496__max_iterations
2026-01-30 15:31:49,501 - pyiron_log - INFO - Assigning a channel with the label a to the io key int_input140322056311952__a
2026-01-30 15:31:49,501 - pyiron_log - INFO - Assigning a channel with the label a to the io key int_input0140322056316656__a
2026-01-30 15:31:49,501 - pyiron_log - INFO - Assigning a channel with the label a to the io key int_input1140322056321744__a
2026-01-30 15:31:49,501 - pyiron_log - INFO - Assigning a channel with the label a to the io key int_input2140322056322704__a
2026-01-30 15:31:49,501 - pyiron_log - INFO - Assigning a channel with the label max_iterations to the io key new_loop140322054768496__max_iterations
2026-01-30 15:31:49,501 - pyiron_log - INFO - Assigning a channel with the label a to the io key int_input140322056311952__a
2026-01-30 15:31:49,501 - pyiron_log - INFO - Assigning a channel with the label a to the io key int_input0140322056316656__a
2026-01-30 15:31:49,501 - pyiron_log - INFO - Assigning a channel with the label a to the io key int_input1140322056321744__a
2026-01-30 15:31:49,501 - pyiron_log - INFO - Assigning a channel with the label a to the io key int_input2140322056322704__a
2026-01-30 15:31:49,501 - pyiron_log - INFO - Assigning a channel with the label max_iterations to the io key new_loop140322054768496__max_iterations
2026-01-30 15:31:49,501 - pyiron_log - INFO - Assigning a channel with the label a to the io key int_input140322056311952__a
2026-01-30 15:31:49,501 - pyiron_log - INFO - Assigning a channel with the label a to the io key int_input0140322056316656__a
2026-01-30 15:31:49,501 - pyiron_log - INFO - Assigning a channel with the label a to the io key int_input1140322056321744__a
2026-01-30 15:31:49,501 - pyiron_log - INFO - Assigning a channel with the label a to the io key int_input2140322056322704__a
2026-01-30 15:31:49,502 - pyiron_log - INFO - Assigning a channel with the label max_iterations to the io key new_loop140322054768496__max_iterations
2026-01-30 15:31:49,502 - pyiron_log - INFO - Assigning a channel with the label a to the io key int_input140322056311952__a
2026-01-30 15:31:49,502 - pyiron_log - INFO - Assigning a channel with the label a to the io key int_input0140322056316656__a
2026-01-30 15:31:49,502 - pyiron_log - INFO - Assigning a channel with the label a to the io key int_input1140322056321744__a
2026-01-30 15:31:49,502 - pyiron_log - INFO - Assigning a channel with the label a to the io key int_input2140322056322704__a
2026-01-30 15:31:49,502 - pyiron_log - INFO - Assigning a channel with the label next to the io key new_loop140322054768496__next
2026-01-30 15:31:49,502 - pyiron_log - INFO - Assigning a channel with the label now to the io key new_loop140322054768496__now
2026-01-30 15:51:37,662 - pyiron_log - INFO - Fibonacci is already a node; appending an index to the node label instead: Fibonacci0
2026-01-30 15:57:25,924 - pyiron_log - INFO - Fibonacci is already a node; appending an index to the node label instead: Fibonacci1
2026-01-30 15:57:59,848 - pyiron_log - INFO - Fibonacci is already a node; appending an index to the node label instead: Fibonacci0
2026-01-30 16:04:56,743 - pyiron_log - INFO - Fibonacci is already a node; appending an index to the node label instead: Fibonacci0
2026-01-30 16:07:51,184 - pyiron_log - INFO - int_input is already a node; appending an index to the node label instead: int_input0
2026-01-30 16:07:52,062 - pyiron_log - INFO - int_input is already a node; appending an index to the node label instead: int_input1
2026-01-30 16:08:16,681 - pyiron_log - INFO - int_input is already a node; appending an index to the node label instead: int_input2
2026-01-30 16:09:09,651 - pyiron_log - INFO - Assigning a channel with the label this to the io key Fibonacci__this
2026-01-30 16:09:09,651 - pyiron_log - INFO - Assigning a channel with the label last to the io key Fibonacci__last
2026-01-30 16:09:09,651 - pyiron_log - INFO - Assigning a channel with the label other to the io key LessThan__other
2026-01-30 16:09:09,651 - pyiron_log - INFO - Assigning a channel with the label max_iterations to the io key new_loop140239315584688__max_iterations
2026-01-30 16:09:09,651 - pyiron_log - INFO - Assigning a channel with the label a to the io key int_input140239320107248__a
2026-01-30 16:09:09,651 - pyiron_log - INFO - Assigning a channel with the label a to the io key int_input0140239316626144__a
2026-01-30 16:09:09,651 - pyiron_log - INFO - Assigning a channel with the label a to the io key int_input1140239317130544__a
2026-01-30 16:09:09,652 - pyiron_log - INFO - Assigning a channel with the label a to the io key int_input2140239315584160__a
2026-01-30 16:09:09,652 - pyiron_log - INFO - Assigning a channel with the label this to the io key Fibonacci__this
2026-01-30 16:09:09,652 - pyiron_log - INFO - Assigning a channel with the label last to the io key Fibonacci__last
2026-01-30 16:09:09,652 - pyiron_log - INFO - Assigning a channel with the label other to the io key LessThan__other
2026-01-30 16:09:09,652 - pyiron_log - INFO - Assigning a channel with the label max_iterations to the io key new_loop140239315584688__max_iterations
2026-01-30 16:09:09,652 - pyiron_log - INFO - Assigning a channel with the label a to the io key int_input140239320107248__a
2026-01-30 16:09:09,652 - pyiron_log - INFO - Assigning a channel with the label a to the io key int_input0140239316626144__a
2026-01-30 16:09:09,652 - pyiron_log - INFO - Assigning a channel with the label a to the io key int_input1140239317130544__a
2026-01-30 16:09:09,652 - pyiron_log - INFO - Assigning a channel with the label a to the io key int_input2140239315584160__a
2026-01-30 16:09:09,652 - pyiron_log - INFO - Assigning a channel with the label this to the io key Fibonacci__this
2026-01-30 16:09:09,652 - pyiron_log - INFO - Assigning a channel with the label last to the io key Fibonacci__last
2026-01-30 16:09:09,652 - pyiron_log - INFO - Assigning a channel with the label other to the io key LessThan__other
2026-01-30 16:09:09,652 - pyiron_log - INFO - Assigning a channel with the label max_iterations to the io key new_loop140239315584688__max_iterations
2026-01-30 16:09:09,652 - pyiron_log - INFO - Assigning a channel with the label a to the io key int_input140239320107248__a
2026-01-30 16:09:09,652 - pyiron_log - INFO - Assigning a channel with the label a to the io key int_input0140239316626144__a
2026-01-30 16:09:09,652 - pyiron_log - INFO - Assigning a channel with the label a to the io key int_input1140239317130544__a
2026-01-30 16:09:09,652 - pyiron_log - INFO - Assigning a channel with the label a to the io key int_input2140239315584160__a
2026-01-30 16:09:09,652 - pyiron_log - INFO - Assigning a channel with the label this to the io key Fibonacci__this
2026-01-30 16:09:09,652 - pyiron_log - INFO - Assigning a channel with the label last to the io key Fibonacci__last
2026-01-30 16:09:09,652 - pyiron_log - INFO - Assigning a channel with the label other to the io key LessThan__other
2026-01-30 16:09:09,652 - pyiron_log - INFO - Assigning a channel with the label max_iterations to the io key new_loop140239315584688__max_iterations
2026-01-30 16:09:09,652 - pyiron_log - INFO - Assigning a channel with the label a to the io key int_input140239320107248__a
2026-01-30 16:09:09,652 - pyiron_log - INFO - Assigning a channel with the label a to the io key int_input0140239316626144__a
2026-01-30 16:09:09,652 - pyiron_log - INFO - Assigning a channel with the label a to the io key int_input1140239317130544__a
2026-01-30 16:09:09,653 - pyiron_log - INFO - Assigning a channel with the label a to the io key int_input2140239315584160__a
2026-01-30 16:09:09,653 - pyiron_log - INFO - Assigning a channel with the label this to the io key Fibonacci__this
2026-01-30 16:09:09,653 - pyiron_log - INFO - Assigning a channel with the label last to the io key Fibonacci__last
2026-01-30 16:09:09,653 - pyiron_log - INFO - Assigning a channel with the label other to the io key LessThan__other
2026-01-30 16:09:09,653 - pyiron_log - INFO - Assigning a channel with the label max_iterations to the io key new_loop140239315584688__max_iterations
2026-01-30 16:09:09,653 - pyiron_log - INFO - Assigning a channel with the label a to the io key int_input140239320107248__a
2026-01-30 16:09:09,653 - pyiron_log - INFO - Assigning a channel with the label a to the io key int_input0140239316626144__a
2026-01-30 16:09:09,653 - pyiron_log - INFO - Assigning a channel with the label a to the io key int_input1140239317130544__a
2026-01-30 16:09:09,653 - pyiron_log - INFO - Assigning a channel with the label a to the io key int_input2140239315584160__a
2026-01-30 16:09:09,653 - pyiron_log - INFO - Assigning a channel with the label this to the io key Fibonacci__this
2026-01-30 16:09:09,653 - pyiron_log - INFO - Assigning a channel with the label last to the io key Fibonacci__last
2026-01-30 16:09:09,653 - pyiron_log - INFO - Assigning a channel with the label other to the io key LessThan__other
2026-01-30 16:09:09,653 - pyiron_log - INFO - Assigning a channel with the label max_iterations to the io key new_loop140239315584688__max_iterations
2026-01-30 16:09:09,653 - pyiron_log - INFO - Assigning a channel with the label a to the io key int_input140239320107248__a
2026-01-30 16:09:09,653 - pyiron_log - INFO - Assigning a channel with the label a to the io key int_input0140239316626144__a
2026-01-30 16:09:09,653 - pyiron_log - INFO - Assigning a channel with the label a to the io key int_input1140239317130544__a
2026-01-30 16:09:09,653 - pyiron_log - INFO - Assigning a channel with the label a to the io key int_input2140239315584160__a
2026-01-30 16:09:09,653 - pyiron_log - INFO - Assigning a channel with the label this to the io key Fibonacci__this
2026-01-30 16:09:09,653 - pyiron_log - INFO - Assigning a channel with the label last to the io key Fibonacci__last
2026-01-30 16:09:09,653 - pyiron_log - INFO - Assigning a channel with the label other to the io key LessThan__other
2026-01-30 16:09:09,653 - pyiron_log - INFO - Assigning a channel with the label max_iterations to the io key new_loop140239315584688__max_iterations
2026-01-30 16:09:09,653 - pyiron_log - INFO - Assigning a channel with the label a to the io key int_input140239320107248__a
2026-01-30 16:09:09,653 - pyiron_log - INFO - Assigning a channel with the label a to the io key int_input0140239316626144__a
2026-01-30 16:09:09,653 - pyiron_log - INFO - Assigning a channel with the label a to the io key int_input1140239317130544__a
2026-01-30 16:09:09,653 - pyiron_log - INFO - Assigning a channel with the label a to the io key int_input2140239315584160__a
2026-01-30 16:09:09,653 - pyiron_log - INFO - Assigning a channel with the label this to the io key Fibonacci__this
2026-01-30 16:09:09,653 - pyiron_log - INFO - Assigning a channel with the label last to the io key Fibonacci__last
2026-01-30 16:09:09,653 - pyiron_log - INFO - Assigning a channel with the label other to the io key LessThan__other
2026-01-30 16:09:09,653 - pyiron_log - INFO - Assigning a channel with the label max_iterations to the io key new_loop140239315584688__max_iterations
2026-01-30 16:09:09,653 - pyiron_log - INFO - Assigning a channel with the label a to the io key int_input140239320107248__a
2026-01-30 16:09:09,653 - pyiron_log - INFO - Assigning a channel with the label a to the io key int_input0140239316626144__a
2026-01-30 16:09:09,654 - pyiron_log - INFO - Assigning a channel with the label a to the io key int_input1140239317130544__a
2026-01-30 16:09:09,654 - pyiron_log - INFO - Assigning a channel with the label a to the io key int_input2140239315584160__a
2026-01-30 16:09:09,654 - pyiron_log - INFO - Assigning a channel with the label this to the io key Fibonacci__this
2026-01-30 16:09:09,654 - pyiron_log - INFO - Assigning a channel with the label last to the io key Fibonacci__last
2026-01-30 16:09:09,654 - pyiron_log - INFO - Assigning a channel with the label other to the io key LessThan__other
2026-01-30 16:09:09,654 - pyiron_log - INFO - Assigning a channel with the label max_iterations to the io key new_loop140239315584688__max_iterations
2026-01-30 16:09:09,654 - pyiron_log - INFO - Assigning a channel with the label a to the io key int_input140239320107248__a
2026-01-30 16:09:09,654 - pyiron_log - INFO - Assigning a channel with the label a to the io key int_input0140239316626144__a
2026-01-30 16:09:09,654 - pyiron_log - INFO - Assigning a channel with the label a to the io key int_input1140239317130544__a
2026-01-30 16:09:09,655 - pyiron_log - INFO - Assigning a channel with the label a to the io key int_input2140239315584160__a
2026-01-30 16:09:09,655 - pyiron_log - INFO - Assigning a channel with the label this to the io key Fibonacci__this
2026-01-30 16:09:09,655 - pyiron_log - INFO - Assigning a channel with the label last to the io key Fibonacci__last
2026-01-30 16:09:09,655 - pyiron_log - INFO - Assigning a channel with the label other to the io key LessThan__other
2026-01-30 16:09:09,655 - pyiron_log - INFO - Assigning a channel with the label max_iterations to the io key new_loop140239315584688__max_iterations
2026-01-30 16:09:09,655 - pyiron_log - INFO - Assigning a channel with the label a to the io key int_input140239320107248__a
2026-01-30 16:09:09,655 - pyiron_log - INFO - Assigning a channel with the label a to the io key int_input0140239316626144__a
2026-01-30 16:09:09,655 - pyiron_log - INFO - Assigning a channel with the label a to the io key int_input1140239317130544__a
2026-01-30 16:09:09,655 - pyiron_log - INFO - Assigning a channel with the label a to the io key int_input2140239315584160__a
2026-01-30 16:09:35,552 - pyiron_log - INFO - Assigning a channel with the label this to the io key Fibonacci__this
2026-01-30 16:09:35,553 - pyiron_log - INFO - Assigning a channel with the label last to the io key Fibonacci__last
2026-01-30 16:09:35,553 - pyiron_log - INFO - Assigning a channel with the label other to the io key LessThan__other
2026-01-30 16:09:35,553 - pyiron_log - INFO - Assigning a channel with the label max_iterations to the io key new_loop140239315584688__max_iterations
2026-01-30 16:09:35,553 - pyiron_log - INFO - Assigning a channel with the label a to the io key int_input140239320107248__a
2026-01-30 16:09:35,553 - pyiron_log - INFO - Assigning a channel with the label a to the io key int_input0140239316626144__a
2026-01-30 16:09:35,553 - pyiron_log - INFO - Assigning a channel with the label a to the io key int_input1140239317130544__a
2026-01-30 16:09:35,553 - pyiron_log - INFO - Assigning a channel with the label a to the io key int_input2140239315584160__a
2026-01-30 16:09:35,553 - pyiron_log - INFO - Assigning a channel with the label this to the io key Fibonacci__this
2026-01-30 16:09:35,553 - pyiron_log - INFO - Assigning a channel with the label last to the io key Fibonacci__last
2026-01-30 16:09:35,553 - pyiron_log - INFO - Assigning a channel with the label other to the io key LessThan__other
2026-01-30 16:09:35,553 - pyiron_log - INFO - Assigning a channel with the label max_iterations to the io key new_loop140239315584688__max_iterations
2026-01-30 16:09:35,553 - pyiron_log - INFO - Assigning a channel with the label a to the io key int_input140239320107248__a
2026-01-30 16:09:35,553 - pyiron_log - INFO - Assigning a channel with the label a to the io key int_input0140239316626144__a
2026-01-30 16:09:35,553 - pyiron_log - INFO - Assigning a channel with the label a to the io key int_input1140239317130544__a
2026-01-30 16:09:35,553 - pyiron_log - INFO - Assigning a channel with the label a to the io key int_input2140239315584160__a
2026-01-30 16:09:35,553 - pyiron_log - INFO - Assigning a channel with the label this to the io key Fibonacci__this
2026-01-30 16:09:35,553 - pyiron_log - INFO - Assigning a channel with the label last to the io key Fibonacci__last
2026-01-30 16:09:35,553 - pyiron_log - INFO - Assigning a channel with the label other to the io key LessThan__other
2026-01-30 16:09:35,553 - pyiron_log - INFO - Assigning a channel with the label max_iterations to the io key new_loop140239315584688__max_iterations
2026-01-30 16:09:35,553 - pyiron_log - INFO - Assigning a channel with the label a to the io key int_input140239320107248__a
2026-01-30 16:09:35,553 - pyiron_log - INFO - Assigning a channel with the label a to the io key int_input0140239316626144__a
2026-01-30 16:09:35,554 - pyiron_log - INFO - Assigning a channel with the label a to the io key int_input1140239317130544__a
2026-01-30 16:09:35,554 - pyiron_log - INFO - Assigning a channel with the label a to the io key int_input2140239315584160__a
2026-01-30 16:09:35,554 - pyiron_log - INFO - Assigning a channel with the label this to the io key Fibonacci__this
2026-01-30 16:09:35,554 - pyiron_log - INFO - Assigning a channel with the label last to the io key Fibonacci__last
2026-01-30 16:09:35,554 - pyiron_log - INFO - Assigning a channel with the label other to the io key LessThan__other
2026-01-30 16:09:35,554 - pyiron_log - INFO - Assigning a channel with the label max_iterations to the io key new_loop140239315584688__max_iterations
2026-01-30 16:09:35,554 - pyiron_log - INFO - Assigning a channel with the label a to the io key int_input140239320107248__a
2026-01-30 16:09:35,554 - pyiron_log - INFO - Assigning a channel with the label a to the io key int_input0140239316626144__a
2026-01-30 16:09:35,554 - pyiron_log - INFO - Assigning a channel with the label a to the io key int_input1140239317130544__a
2026-01-30 16:09:35,554 - pyiron_log - INFO - Assigning a channel with the label a to the io key int_input2140239315584160__a
2026-01-30 16:09:35,554 - pyiron_log - INFO - Assigning a channel with the label next to the io key Fibonacci0__next
2026-01-30 16:09:35,554 - pyiron_log - INFO - Assigning a channel with the label now to the io key Fibonacci0__now
2026-01-30 16:09:35,554 - pyiron_log - INFO - Assigning a channel with the label lt to the io key LessThan__lt
2026-01-30 16:09:35,554 - pyiron_log - INFO - Assigning a channel with the label next to the io key new_loop140239315584688__next
2026-01-30 16:09:35,554 - pyiron_log - INFO - Assigning a channel with the label now to the io key new_loop140239315584688__now
2026-01-30 16:10:12,775 - pyiron_log - INFO - Assigning a channel with the label this to the io key Fibonacci__this
2026-01-30 16:10:12,775 - pyiron_log - INFO - Assigning a channel with the label last to the io key Fibonacci__last
2026-01-30 16:10:12,775 - pyiron_log - INFO - Assigning a channel with the label other to the io key LessThan__other
2026-01-30 16:10:12,775 - pyiron_log - INFO - Assigning a channel with the label max_iterations to the io key new_loop140239315584688__max_iterations
2026-01-30 16:10:12,775 - pyiron_log - INFO - Assigning a channel with the label a to the io key int_input140239320107248__a
2026-01-30 16:10:12,775 - pyiron_log - INFO - Assigning a channel with the label a to the io key int_input0140239316626144__a
2026-01-30 16:10:12,775 - pyiron_log - INFO - Assigning a channel with the label a to the io key int_input1140239317130544__a
2026-01-30 16:10:12,775 - pyiron_log - INFO - Assigning a channel with the label a to the io key int_input2140239315584160__a
2026-01-30 16:10:12,775 - pyiron_log - INFO - Assigning a channel with the label this to the io key Fibonacci__this
2026-01-30 16:10:12,775 - pyiron_log - INFO - Assigning a channel with the label last to the io key Fibonacci__last
2026-01-30 16:10:12,776 - pyiron_log - INFO - Assigning a channel with the label other to the io key LessThan__other
2026-01-30 16:10:12,776 - pyiron_log - INFO - Assigning a channel with the label max_iterations to the io key new_loop140239315584688__max_iterations
2026-01-30 16:10:12,776 - pyiron_log - INFO - Assigning a channel with the label a to the io key int_input140239320107248__a
2026-01-30 16:10:12,776 - pyiron_log - INFO - Assigning a channel with the label a to the io key int_input0140239316626144__a
2026-01-30 16:10:12,776 - pyiron_log - INFO - Assigning a channel with the label a to the io key int_input1140239317130544__a
2026-01-30 16:10:12,776 - pyiron_log - INFO - Assigning a channel with the label a to the io key int_input2140239315584160__a
2026-01-30 16:10:12,776 - pyiron_log - INFO - Assigning a channel with the label this to the io key Fibonacci__this
2026-01-30 16:10:12,776 - pyiron_log - INFO - Assigning a channel with the label last to the io key Fibonacci__last
2026-01-30 16:10:12,776 - pyiron_log - INFO - Assigning a channel with the label other to the io key LessThan__other
2026-01-30 16:10:12,776 - pyiron_log - INFO - Assigning a channel with the label max_iterations to the io key new_loop140239315584688__max_iterations
2026-01-30 16:10:12,776 - pyiron_log - INFO - Assigning a channel with the label a to the io key int_input140239320107248__a
2026-01-30 16:10:12,776 - pyiron_log - INFO - Assigning a channel with the label a to the io key int_input0140239316626144__a
2026-01-30 16:10:12,776 - pyiron_log - INFO - Assigning a channel with the label a to the io key int_input1140239317130544__a
2026-01-30 16:10:12,776 - pyiron_log - INFO - Assigning a channel with the label a to the io key int_input2140239315584160__a
2026-01-30 16:10:12,776 - pyiron_log - INFO - Assigning a channel with the label this to the io key Fibonacci__this
2026-01-30 16:10:12,776 - pyiron_log - INFO - Assigning a channel with the label last to the io key Fibonacci__last
2026-01-30 16:10:12,776 - pyiron_log - INFO - Assigning a channel with the label other to the io key LessThan__other
2026-01-30 16:10:12,776 - pyiron_log - INFO - Assigning a channel with the label max_iterations to the io key new_loop140239315584688__max_iterations
2026-01-30 16:10:12,776 - pyiron_log - INFO - Assigning a channel with the label a to the io key int_input140239320107248__a
2026-01-30 16:10:12,776 - pyiron_log - INFO - Assigning a channel with the label a to the io key int_input0140239316626144__a
2026-01-30 16:10:12,776 - pyiron_log - INFO - Assigning a channel with the label a to the io key int_input1140239317130544__a
2026-01-30 16:10:12,776 - pyiron_log - INFO - Assigning a channel with the label a to the io key int_input2140239315584160__a
2026-01-30 16:10:12,776 - pyiron_log - INFO - Assigning a channel with the label this to the io key Fibonacci__this
2026-01-30 16:10:12,776 - pyiron_log - INFO - Assigning a channel with the label last to the io key Fibonacci__last
2026-01-30 16:10:12,776 - pyiron_log - INFO - Assigning a channel with the label other to the io key LessThan__other
2026-01-30 16:10:12,776 - pyiron_log - INFO - Assigning a channel with the label max_iterations to the io key new_loop140239315584688__max_iterations
2026-01-30 16:10:12,776 - pyiron_log - INFO - Assigning a channel with the label a to the io key int_input140239320107248__a
2026-01-30 16:10:12,776 - pyiron_log - INFO - Assigning a channel with the label a to the io key int_input0140239316626144__a
2026-01-30 16:10:12,776 - pyiron_log - INFO - Assigning a channel with the label a to the io key int_input1140239317130544__a
2026-01-30 16:10:12,776 - pyiron_log - INFO - Assigning a channel with the label a to the io key int_input2140239315584160__a
2026-01-30 16:10:12,776 - pyiron_log - INFO - Assigning a channel with the label this to the io key Fibonacci__this
2026-01-30 16:10:12,776 - pyiron_log - INFO - Assigning a channel with the label last to the io key Fibonacci__last
2026-01-30 16:10:12,776 - pyiron_log - INFO - Assigning a channel with the label other to the io key LessThan__other
2026-01-30 16:10:12,776 - pyiron_log - INFO - Assigning a channel with the label max_iterations to the io key new_loop140239315584688__max_iterations
2026-01-30 16:10:12,776 - pyiron_log - INFO - Assigning a channel with the label a to the io key int_input140239320107248__a
2026-01-30 16:10:12,777 - pyiron_log - INFO - Assigning a channel with the label a to the io key int_input0140239316626144__a
2026-01-30 16:10:12,777 - pyiron_log - INFO - Assigning a channel with the label a to the io key int_input1140239317130544__a
2026-01-30 16:10:12,777 - pyiron_log - INFO - Assigning a channel with the label a to the io key int_input2140239315584160__a
2026-01-30 16:10:12,777 - pyiron_log - INFO - Assigning a channel with the label this to the io key Fibonacci__this
2026-01-30 16:10:12,777 - pyiron_log - INFO - Assigning a channel with the label last to the io key Fibonacci__last
2026-01-30 16:10:12,777 - pyiron_log - INFO - Assigning a channel with the label other to the io key LessThan__other
2026-01-30 16:10:12,777 - pyiron_log - INFO - Assigning a channel with the label max_iterations to the io key new_loop140239315584688__max_iterations
2026-01-30 16:10:12,777 - pyiron_log - INFO - Assigning a channel with the label a to the io key int_input140239320107248__a
2026-01-30 16:10:12,777 - pyiron_log - INFO - Assigning a channel with the label a to the io key int_input0140239316626144__a
2026-01-30 16:10:12,777 - pyiron_log - INFO - Assigning a channel with the label a to the io key int_input1140239317130544__a
2026-01-30 16:10:12,777 - pyiron_log - INFO - Assigning a channel with the label a to the io key int_input2140239315584160__a
2026-01-30 16:10:12,777 - pyiron_log - INFO - Assigning a channel with the label this to the io key Fibonacci__this
2026-01-30 16:10:12,777 - pyiron_log - INFO - Assigning a channel with the label last to the io key Fibonacci__last
2026-01-30 16:10:12,777 - pyiron_log - INFO - Assigning a channel with the label other to the io key LessThan__other
2026-01-30 16:10:12,777 - pyiron_log - INFO - Assigning a channel with the label max_iterations to the io key new_loop140239315584688__max_iterations
2026-01-30 16:10:12,777 - pyiron_log - INFO - Assigning a channel with the label a to the io key int_input140239320107248__a
2026-01-30 16:10:12,777 - pyiron_log - INFO - Assigning a channel with the label a to the io key int_input0140239316626144__a
2026-01-30 16:10:12,777 - pyiron_log - INFO - Assigning a channel with the label a to the io key int_input1140239317130544__a
2026-01-30 16:10:12,777 - pyiron_log - INFO - Assigning a channel with the label a to the io key int_input2140239315584160__a
2026-01-30 16:10:12,777 - pyiron_log - INFO - Assigning a channel with the label this to the io key Fibonacci__this
2026-01-30 16:10:12,777 - pyiron_log - INFO - Assigning a channel with the label last to the io key Fibonacci__last
2026-01-30 16:10:12,777 - pyiron_log - INFO - Assigning a channel with the label other to the io key LessThan__other
2026-01-30 16:10:12,777 - pyiron_log - INFO - Assigning a channel with the label max_iterations to the io key new_loop140239315584688__max_iterations
2026-01-30 16:10:12,777 - pyiron_log - INFO - Assigning a channel with the label a to the io key int_input140239320107248__a
2026-01-30 16:10:12,777 - pyiron_log - INFO - Assigning a channel with the label a to the io key int_input0140239316626144__a
2026-01-30 16:10:12,777 - pyiron_log - INFO - Assigning a channel with the label a to the io key int_input1140239317130544__a
2026-01-30 16:10:12,777 - pyiron_log - INFO - Assigning a channel with the label a to the io key int_input2140239315584160__a
2026-01-30 16:10:12,777 - pyiron_log - INFO - Assigning a channel with the label this to the io key Fibonacci__this
2026-01-30 16:10:12,777 - pyiron_log - INFO - Assigning a channel with the label last to the io key Fibonacci__last
2026-01-30 16:10:12,777 - pyiron_log - INFO - Assigning a channel with the label other to the io key LessThan__other
2026-01-30 16:10:12,777 - pyiron_log - INFO - Assigning a channel with the label max_iterations to the io key new_loop140239315584688__max_iterations
2026-01-30 16:10:12,777 - pyiron_log - INFO - Assigning a channel with the label a to the io key int_input140239320107248__a
2026-01-30 16:10:12,777 - pyiron_log - INFO - Assigning a channel with the label a to the io key int_input0140239316626144__a
2026-01-30 16:10:12,777 - pyiron_log - INFO - Assigning a channel with the label a to the io key int_input1140239317130544__a
2026-01-30 16:10:12,777 - pyiron_log - INFO - Assigning a channel with the label a to the io key int_input2140239315584160__a
2026-01-30 16:10:42,594 - pyiron_log - INFO - Assigning a channel with the label max_iterations to the io key new_loop140239315584688__max_iterations
2026-01-30 16:10:42,594 - pyiron_log - INFO - Assigning a channel with the label a to the io key int_input140239320107248__a
2026-01-30 16:10:42,595 - pyiron_log - INFO - Assigning a channel with the label a to the io key int_input0140239316626144__a
2026-01-30 16:10:42,595 - pyiron_log - INFO - Assigning a channel with the label a to the io key int_input1140239317130544__a
2026-01-30 16:10:42,595 - pyiron_log - INFO - Assigning a channel with the label a to the io key int_input2140239315584160__a
2026-01-30 16:10:42,595 - pyiron_log - INFO - Assigning a channel with the label max_iterations to the io key new_loop140239315584688__max_iterations
2026-01-30 16:10:42,595 - pyiron_log - INFO - Assigning a channel with the label a to the io key int_input140239320107248__a
2026-01-30 16:10:42,595 - pyiron_log - INFO - Assigning a channel with the label a to the io key int_input0140239316626144__a
2026-01-30 16:10:42,595 - pyiron_log - INFO - Assigning a channel with the label a to the io key int_input1140239317130544__a
2026-01-30 16:10:42,595 - pyiron_log - INFO - Assigning a channel with the label a to the io key int_input2140239315584160__a
2026-01-30 16:10:42,595 - pyiron_log - INFO - Assigning a channel with the label max_iterations to the io key new_loop140239315584688__max_iterations
2026-01-30 16:10:42,595 - pyiron_log - INFO - Assigning a channel with the label a to the io key int_input140239320107248__a
2026-01-30 16:10:42,595 - pyiron_log - INFO - Assigning a channel with the label a to the io key int_input0140239316626144__a
2026-01-30 16:10:42,595 - pyiron_log - INFO - Assigning a channel with the label a to the io key int_input1140239317130544__a
2026-01-30 16:10:42,595 - pyiron_log - INFO - Assigning a channel with the label a to the io key int_input2140239315584160__a
2026-01-30 16:10:42,595 - pyiron_log - INFO - Assigning a channel with the label max_iterations to the io key new_loop140239315584688__max_iterations
2026-01-30 16:10:42,595 - pyiron_log - INFO - Assigning a channel with the label a to the io key int_input140239320107248__a
2026-01-30 16:10:42,595 - pyiron_log - INFO - Assigning a channel with the label a to the io key int_input0140239316626144__a
2026-01-30 16:10:42,595 - pyiron_log - INFO - Assigning a channel with the label a to the io key int_input1140239317130544__a
2026-01-30 16:10:42,595 - pyiron_log - INFO - Assigning a channel with the label a to the io key int_input2140239315584160__a
2026-01-30 16:10:42,595 - pyiron_log - INFO - Assigning a channel with the label max_iterations to the io key new_loop140239315584688__max_iterations
2026-01-30 16:10:42,595 - pyiron_log - INFO - Assigning a channel with the label a to the io key int_input140239320107248__a
2026-01-30 16:10:42,595 - pyiron_log - INFO - Assigning a channel with the label a to the io key int_input0140239316626144__a
2026-01-30 16:10:42,595 - pyiron_log - INFO - Assigning a channel with the label a to the io key int_input1140239317130544__a
2026-01-30 16:10:42,595 - pyiron_log - INFO - Assigning a channel with the label a to the io key int_input2140239315584160__a
2026-01-30 16:10:42,595 - pyiron_log - INFO - Assigning a channel with the label max_iterations to the io key new_loop140239315584688__max_iterations
2026-01-30 16:10:42,595 - pyiron_log - INFO - Assigning a channel with the label a to the io key int_input140239320107248__a
2026-01-30 16:10:42,595 - pyiron_log - INFO - Assigning a channel with the label a to the io key int_input0140239316626144__a
2026-01-30 16:10:42,595 - pyiron_log - INFO - Assigning a channel with the label a to the io key int_input1140239317130544__a
2026-01-30 16:10:42,595 - pyiron_log - INFO - Assigning a channel with the label a to the io key int_input2140239315584160__a
2026-01-30 16:10:42,596 - pyiron_log - INFO - Assigning a channel with the label next to the io key new_loop140239315584688__next
2026-01-30 16:10:42,596 - pyiron_log - INFO - Assigning a channel with the label now to the io key new_loop140239315584688__now
2026-01-30 16:11:03,510 - pyiron_log - INFO - Assigning a channel with the label max_iterations to the io key new_loop140239315584688__max_iterations
2026-01-30 16:11:03,511 - pyiron_log - INFO - Assigning a channel with the label a to the io key int_input140239320107248__a
2026-01-30 16:11:03,511 - pyiron_log - INFO - Assigning a channel with the label a to the io key int_input0140239316626144__a
2026-01-30 16:11:03,511 - pyiron_log - INFO - Assigning a channel with the label a to the io key int_input1140239317130544__a
2026-01-30 16:11:03,511 - pyiron_log - INFO - Assigning a channel with the label a to the io key int_input2140239315584160__a
2026-01-30 16:11:03,511 - pyiron_log - INFO - Assigning a channel with the label max_iterations to the io key new_loop140239315584688__max_iterations
2026-01-30 16:11:03,511 - pyiron_log - INFO - Assigning a channel with the label a to the io key int_input140239320107248__a
2026-01-30 16:11:03,511 - pyiron_log - INFO - Assigning a channel with the label a to the io key int_input0140239316626144__a
2026-01-30 16:11:03,511 - pyiron_log - INFO - Assigning a channel with the label a to the io key int_input1140239317130544__a
2026-01-30 16:11:03,511 - pyiron_log - INFO - Assigning a channel with the label a to the io key int_input2140239315584160__a
2026-01-30 16:11:03,511 - pyiron_log - INFO - Assigning a channel with the label max_iterations to the io key new_loop140239315584688__max_iterations
2026-01-30 16:11:03,511 - pyiron_log - INFO - Assigning a channel with the label a to the io key int_input140239320107248__a
2026-01-30 16:11:03,511 - pyiron_log - INFO - Assigning a channel with the label a to the io key int_input0140239316626144__a
2026-01-30 16:11:03,511 - pyiron_log - INFO - Assigning a channel with the label a to the io key int_input1140239317130544__a
2026-01-30 16:11:03,511 - pyiron_log - INFO - Assigning a channel with the label a to the io key int_input2140239315584160__a
2026-01-30 16:11:03,511 - pyiron_log - INFO - Assigning a channel with the label max_iterations to the io key new_loop140239315584688__max_iterations
2026-01-30 16:11:03,511 - pyiron_log - INFO - Assigning a channel with the label a to the io key int_input140239320107248__a
2026-01-30 16:11:03,511 - pyiron_log - INFO - Assigning a channel with the label a to the io key int_input0140239316626144__a
2026-01-30 16:11:03,511 - pyiron_log - INFO - Assigning a channel with the label a to the io key int_input1140239317130544__a
2026-01-30 16:11:03,511 - pyiron_log - INFO - Assigning a channel with the label a to the io key int_input2140239315584160__a
2026-01-30 16:11:03,512 - pyiron_log - INFO - Assigning a channel with the label next to the io key new_loop140239315584688__next
2026-01-30 16:11:03,512 - pyiron_log - INFO - Assigning a channel with the label now to the io key new_loop140239315584688__now
2026-02-02 13:53:25,845 - pyiron_log - INFO - Fibonacci is already a node; appending an index to the node label instead: Fibonacci0
2026-02-02 13:54:37,580 - pyiron_log - INFO - Fibonacci is already a node; appending an index to the node label instead: Fibonacci0
2026-02-02 13:57:54,267 - pyiron_log - INFO - Fibonacci is already a node; appending an index to the node label instead: Fibonacci0
2026-02-02 13:59:30,539 - pyiron_log - INFO - int_input is already a node; appending an index to the node label instead: int_input0
2026-02-02 13:59:30,916 - pyiron_log - INFO - int_input is already a node; appending an index to the node label instead: int_input1
2026-02-02 13:59:31,240 - pyiron_log - INFO - int_input is already a node; appending an index to the node label instead: int_input2
2026-02-02 14:00:26,564 - pyiron_log - INFO - Assigning a channel with the label this to the io key Fibonacci__this
2026-02-02 14:00:26,565 - pyiron_log - INFO - Assigning a channel with the label last to the io key Fibonacci__last
2026-02-02 14:00:26,565 - pyiron_log - INFO - Assigning a channel with the label other to the io key LessThan__other
2026-02-02 14:00:26,565 - pyiron_log - INFO - Assigning a channel with the label max_iterations to the io key new_loop140426652496240__max_iterations
2026-02-02 14:00:26,565 - pyiron_log - INFO - Assigning a channel with the label a to the io key int_input140429307283744__a
2026-02-02 14:00:26,565 - pyiron_log - INFO - Assigning a channel with the label a to the io key int_input0140426652741040__a
2026-02-02 14:00:26,565 - pyiron_log - INFO - Assigning a channel with the label a to the io key int_input1140426652743872__a
2026-02-02 14:00:26,565 - pyiron_log - INFO - Assigning a channel with the label a to the io key int_input2140426652382560__a
2026-02-02 14:00:26,565 - pyiron_log - INFO - Assigning a channel with the label this to the io key Fibonacci__this
2026-02-02 14:00:26,565 - pyiron_log - INFO - Assigning a channel with the label last to the io key Fibonacci__last
2026-02-02 14:00:26,565 - pyiron_log - INFO - Assigning a channel with the label other to the io key LessThan__other
2026-02-02 14:00:26,565 - pyiron_log - INFO - Assigning a channel with the label max_iterations to the io key new_loop140426652496240__max_iterations
2026-02-02 14:00:26,565 - pyiron_log - INFO - Assigning a channel with the label a to the io key int_input140429307283744__a
2026-02-02 14:00:26,565 - pyiron_log - INFO - Assigning a channel with the label a to the io key int_input0140426652741040__a
2026-02-02 14:00:26,565 - pyiron_log - INFO - Assigning a channel with the label a to the io key int_input1140426652743872__a
2026-02-02 14:00:26,565 - pyiron_log - INFO - Assigning a channel with the label a to the io key int_input2140426652382560__a
2026-02-02 14:00:26,565 - pyiron_log - INFO - Assigning a channel with the label this to the io key Fibonacci__this
2026-02-02 14:00:26,565 - pyiron_log - INFO - Assigning a channel with the label last to the io key Fibonacci__last
2026-02-02 14:00:26,565 - pyiron_log - INFO - Assigning a channel with the label other to the io key LessThan__other
2026-02-02 14:00:26,565 - pyiron_log - INFO - Assigning a channel with the label max_iterations to the io key new_loop140426652496240__max_iterations
2026-02-02 14:00:26,565 - pyiron_log - INFO - Assigning a channel with the label a to the io key int_input140429307283744__a
2026-02-02 14:00:26,566 - pyiron_log - INFO - Assigning a channel with the label a to the io key int_input0140426652741040__a
2026-02-02 14:00:26,566 - pyiron_log - INFO - Assigning a channel with the label a to the io key int_input1140426652743872__a
2026-02-02 14:00:26,566 - pyiron_log - INFO - Assigning a channel with the label a to the io key int_input2140426652382560__a
2026-02-02 14:00:26,566 - pyiron_log - INFO - Assigning a channel with the label this to the io key Fibonacci__this
2026-02-02 14:00:26,566 - pyiron_log - INFO - Assigning a channel with the label last to the io key Fibonacci__last
2026-02-02 14:00:26,566 - pyiron_log - INFO - Assigning a channel with the label other to the io key LessThan__other
2026-02-02 14:00:26,566 - pyiron_log - INFO - Assigning a channel with the label max_iterations to the io key new_loop140426652496240__max_iterations
2026-02-02 14:00:26,566 - pyiron_log - INFO - Assigning a channel with the label a to the io key int_input140429307283744__a
2026-02-02 14:00:26,566 - pyiron_log - INFO - Assigning a channel with the label a to the io key int_input0140426652741040__a
2026-02-02 14:00:26,566 - pyiron_log - INFO - Assigning a channel with the label a to the io key int_input1140426652743872__a
2026-02-02 14:00:26,566 - pyiron_log - INFO - Assigning a channel with the label a to the io key int_input2140426652382560__a
2026-02-02 14:00:26,566 - pyiron_log - INFO - Assigning a channel with the label this to the io key Fibonacci__this
2026-02-02 14:00:26,566 - pyiron_log - INFO - Assigning a channel with the label last to the io key Fibonacci__last
2026-02-02 14:00:26,566 - pyiron_log - INFO - Assigning a channel with the label other to the io key LessThan__other
2026-02-02 14:00:26,566 - pyiron_log - INFO - Assigning a channel with the label max_iterations to the io key new_loop140426652496240__max_iterations
2026-02-02 14:00:26,566 - pyiron_log - INFO - Assigning a channel with the label a to the io key int_input140429307283744__a
2026-02-02 14:00:26,566 - pyiron_log - INFO - Assigning a channel with the label a to the io key int_input0140426652741040__a
2026-02-02 14:00:26,566 - pyiron_log - INFO - Assigning a channel with the label a to the io key int_input1140426652743872__a
2026-02-02 14:00:26,566 - pyiron_log - INFO - Assigning a channel with the label a to the io key int_input2140426652382560__a
2026-02-02 14:00:26,566 - pyiron_log - INFO - Assigning a channel with the label this to the io key Fibonacci__this
2026-02-02 14:00:26,566 - pyiron_log - INFO - Assigning a channel with the label last to the io key Fibonacci__last
2026-02-02 14:00:26,566 - pyiron_log - INFO - Assigning a channel with the label other to the io key LessThan__other
2026-02-02 14:00:26,566 - pyiron_log - INFO - Assigning a channel with the label max_iterations to the io key new_loop140426652496240__max_iterations
2026-02-02 14:00:26,566 - pyiron_log - INFO - Assigning a channel with the label a to the io key int_input140429307283744__a
2026-02-02 14:00:26,566 - pyiron_log - INFO - Assigning a channel with the label a to the io key int_input0140426652741040__a
2026-02-02 14:00:26,566 - pyiron_log - INFO - Assigning a channel with the label a to the io key int_input1140426652743872__a
2026-02-02 14:00:26,566 - pyiron_log - INFO - Assigning a channel with the label a to the io key int_input2140426652382560__a
2026-02-02 14:00:26,566 - pyiron_log - INFO - Assigning a channel with the label this to the io key Fibonacci__this
2026-02-02 14:00:26,566 - pyiron_log - INFO - Assigning a channel with the label last to the io key Fibonacci__last
2026-02-02 14:00:26,566 - pyiron_log - INFO - Assigning a channel with the label other to the io key LessThan__other
2026-02-02 14:00:26,567 - pyiron_log - INFO - Assigning a channel with the label max_iterations to the io key new_loop140426652496240__max_iterations
2026-02-02 14:00:26,567 - pyiron_log - INFO - Assigning a channel with the label a to the io key int_input140429307283744__a
2026-02-02 14:00:26,567 - pyiron_log - INFO - Assigning a channel with the label a to the io key int_input0140426652741040__a
2026-02-02 14:00:26,567 - pyiron_log - INFO - Assigning a channel with the label a to the io key int_input1140426652743872__a
2026-02-02 14:00:26,567 - pyiron_log - INFO - Assigning a channel with the label a to the io key int_input2140426652382560__a
2026-02-02 14:00:26,567 - pyiron_log - INFO - Assigning a channel with the label this to the io key Fibonacci__this
2026-02-02 14:00:26,567 - pyiron_log - INFO - Assigning a channel with the label last to the io key Fibonacci__last
2026-02-02 14:00:26,567 - pyiron_log - INFO - Assigning a channel with the label other to the io key LessThan__other
2026-02-02 14:00:26,567 - pyiron_log - INFO - Assigning a channel with the label max_iterations to the io key new_loop140426652496240__max_iterations
2026-02-02 14:00:26,567 - pyiron_log - INFO - Assigning a channel with the label a to the io key int_input140429307283744__a
2026-02-02 14:00:26,567 - pyiron_log - INFO - Assigning a channel with the label a to the io key int_input0140426652741040__a
2026-02-02 14:00:26,567 - pyiron_log - INFO - Assigning a channel with the label a to the io key int_input1140426652743872__a
2026-02-02 14:00:26,567 - pyiron_log - INFO - Assigning a channel with the label a to the io key int_input2140426652382560__a
2026-02-02 14:00:26,567 - pyiron_log - INFO - Assigning a channel with the label this to the io key Fibonacci__this
2026-02-02 14:00:26,567 - pyiron_log - INFO - Assigning a channel with the label last to the io key Fibonacci__last
2026-02-02 14:00:26,567 - pyiron_log - INFO - Assigning a channel with the label other to the io key LessThan__other
2026-02-02 14:00:26,567 - pyiron_log - INFO - Assigning a channel with the label max_iterations to the io key new_loop140426652496240__max_iterations
2026-02-02 14:00:26,567 - pyiron_log - INFO - Assigning a channel with the label a to the io key int_input140429307283744__a
2026-02-02 14:00:26,567 - pyiron_log - INFO - Assigning a channel with the label a to the io key int_input0140426652741040__a
2026-02-02 14:00:26,567 - pyiron_log - INFO - Assigning a channel with the label a to the io key int_input1140426652743872__a
2026-02-02 14:00:26,567 - pyiron_log - INFO - Assigning a channel with the label a to the io key int_input2140426652382560__a
2026-02-02 14:00:26,567 - pyiron_log - INFO - Assigning a channel with the label this to the io key Fibonacci__this
2026-02-02 14:00:26,567 - pyiron_log - INFO - Assigning a channel with the label last to the io key Fibonacci__last
2026-02-02 14:00:26,567 - pyiron_log - INFO - Assigning a channel with the label other to the io key LessThan__other
2026-02-02 14:00:26,567 - pyiron_log - INFO - Assigning a channel with the label max_iterations to the io key new_loop140426652496240__max_iterations
2026-02-02 14:00:26,567 - pyiron_log - INFO - Assigning a channel with the label a to the io key int_input140429307283744__a
2026-02-02 14:00:26,567 - pyiron_log - INFO - Assigning a channel with the label a to the io key int_input0140426652741040__a
2026-02-02 14:00:26,567 - pyiron_log - INFO - Assigning a channel with the label a to the io key int_input1140426652743872__a
2026-02-02 14:00:26,567 - pyiron_log - INFO - Assigning a channel with the label a to the io key int_input2140426652382560__a
2026-02-02 14:00:47,409 - pyiron_log - INFO - Assigning a channel with the label this to the io key Fibonacci0__this
2026-02-02 14:00:47,409 - pyiron_log - INFO - Assigning a channel with the label last to the io key Fibonacci0__last
2026-02-02 14:00:47,409 - pyiron_log - INFO - Assigning a channel with the label obj to the io key LessThan__obj
2026-02-02 14:00:47,409 - pyiron_log - INFO - Assigning a channel with the label other to the io key LessThan__other
2026-02-02 14:00:47,410 - pyiron_log - INFO - Assigning a channel with the label max_iterations to the io key new_loop140426652496240__max_iterations
2026-02-02 14:00:47,410 - pyiron_log - INFO - Assigning a channel with the label a to the io key int_input140429307283744__a
2026-02-02 14:00:47,410 - pyiron_log - INFO - Assigning a channel with the label a to the io key int_input0140426652741040__a
2026-02-02 14:00:47,410 - pyiron_log - INFO - Assigning a channel with the label a to the io key int_input1140426652743872__a
2026-02-02 14:00:47,410 - pyiron_log - INFO - Assigning a channel with the label a to the io key int_input2140426652382560__a
2026-02-02 14:00:47,410 - pyiron_log - INFO - Assigning a channel with the label this to the io key Fibonacci0__this
2026-02-02 14:00:47,410 - pyiron_log - INFO - Assigning a channel with the label last to the io key Fibonacci0__last
2026-02-02 14:00:47,410 - pyiron_log - INFO - Assigning a channel with the label obj to the io key LessThan__obj
2026-02-02 14:00:47,410 - pyiron_log - INFO - Assigning a channel with the label other to the io key LessThan__other
2026-02-02 14:00:47,410 - pyiron_log - INFO - Assigning a channel with the label max_iterations to the io key new_loop140426652496240__max_iterations
2026-02-02 14:00:47,410 - pyiron_log - INFO - Assigning a channel with the label a to the io key int_input140429307283744__a
2026-02-02 14:00:47,410 - pyiron_log - INFO - Assigning a channel with the label a to the io key int_input0140426652741040__a
2026-02-02 14:00:47,410 - pyiron_log - INFO - Assigning a channel with the label a to the io key int_input1140426652743872__a
2026-02-02 14:00:47,410 - pyiron_log - INFO - Assigning a channel with the label a to the io key int_input2140426652382560__a
2026-02-02 14:00:47,410 - pyiron_log - INFO - Assigning a channel with the label this to the io key Fibonacci0__this
2026-02-02 14:00:47,410 - pyiron_log - INFO - Assigning a channel with the label last to the io key Fibonacci0__last
2026-02-02 14:00:47,410 - pyiron_log - INFO - Assigning a channel with the label obj to the io key LessThan__obj
2026-02-02 14:00:47,410 - pyiron_log - INFO - Assigning a channel with the label other to the io key LessThan__other
2026-02-02 14:00:47,410 - pyiron_log - INFO - Assigning a channel with the label max_iterations to the io key new_loop140426652496240__max_iterations
2026-02-02 14:00:47,410 - pyiron_log - INFO - Assigning a channel with the label a to the io key int_input140429307283744__a
2026-02-02 14:00:47,410 - pyiron_log - INFO - Assigning a channel with the label a to the io key int_input0140426652741040__a
2026-02-02 14:00:47,410 - pyiron_log - INFO - Assigning a channel with the label a to the io key int_input1140426652743872__a
2026-02-02 14:00:47,410 - pyiron_log - INFO - Assigning a channel with the label a to the io key int_input2140426652382560__a
2026-02-02 14:00:47,410 - pyiron_log - INFO - Assigning a channel with the label this to the io key Fibonacci0__this
2026-02-02 14:00:47,411 - pyiron_log - INFO - Assigning a channel with the label last to the io key Fibonacci0__last
2026-02-02 14:00:47,411 - pyiron_log - INFO - Assigning a channel with the label obj to the io key LessThan__obj
2026-02-02 14:00:47,411 - pyiron_log - INFO - Assigning a channel with the label other to the io key LessThan__other
2026-02-02 14:00:47,411 - pyiron_log - INFO - Assigning a channel with the label max_iterations to the io key new_loop140426652496240__max_iterations
2026-02-02 14:00:47,411 - pyiron_log - INFO - Assigning a channel with the label a to the io key int_input140429307283744__a
2026-02-02 14:00:47,411 - pyiron_log - INFO - Assigning a channel with the label a to the io key int_input0140426652741040__a
2026-02-02 14:00:47,411 - pyiron_log - INFO - Assigning a channel with the label a to the io key int_input1140426652743872__a
2026-02-02 14:00:47,411 - pyiron_log - INFO - Assigning a channel with the label a to the io key int_input2140426652382560__a
2026-02-02 14:00:47,411 - pyiron_log - INFO - Assigning a channel with the label this to the io key Fibonacci0__this
2026-02-02 14:00:47,411 - pyiron_log - INFO - Assigning a channel with the label last to the io key Fibonacci0__last
2026-02-02 14:00:47,411 - pyiron_log - INFO - Assigning a channel with the label obj to the io key LessThan__obj
2026-02-02 14:00:47,411 - pyiron_log - INFO - Assigning a channel with the label other to the io key LessThan__other
2026-02-02 14:00:47,411 - pyiron_log - INFO - Assigning a channel with the label max_iterations to the io key new_loop140426652496240__max_iterations
2026-02-02 14:00:47,411 - pyiron_log - INFO - Assigning a channel with the label a to the io key int_input140429307283744__a
2026-02-02 14:00:47,411 - pyiron_log - INFO - Assigning a channel with the label a to the io key int_input0140426652741040__a
2026-02-02 14:00:47,411 - pyiron_log - INFO - Assigning a channel with the label a to the io key int_input1140426652743872__a
2026-02-02 14:00:47,411 - pyiron_log - INFO - Assigning a channel with the label a to the io key int_input2140426652382560__a
2026-02-02 14:00:47,411 - pyiron_log - INFO - Assigning a channel with the label this to the io key Fibonacci0__this
2026-02-02 14:00:47,411 - pyiron_log - INFO - Assigning a channel with the label last to the io key Fibonacci0__last
2026-02-02 14:00:47,411 - pyiron_log - INFO - Assigning a channel with the label obj to the io key LessThan__obj
2026-02-02 14:00:47,411 - pyiron_log - INFO - Assigning a channel with the label other to the io key LessThan__other
2026-02-02 14:00:47,411 - pyiron_log - INFO - Assigning a channel with the label max_iterations to the io key new_loop140426652496240__max_iterations
2026-02-02 14:00:47,411 - pyiron_log - INFO - Assigning a channel with the label a to the io key int_input140429307283744__a
2026-02-02 14:00:47,411 - pyiron_log - INFO - Assigning a channel with the label a to the io key int_input0140426652741040__a
2026-02-02 14:00:47,411 - pyiron_log - INFO - Assigning a channel with the label a to the io key int_input1140426652743872__a
2026-02-02 14:00:47,411 - pyiron_log - INFO - Assigning a channel with the label a to the io key int_input2140426652382560__a
2026-02-02 14:00:47,411 - pyiron_log - INFO - Assigning a channel with the label this to the io key Fibonacci0__this
2026-02-02 14:00:47,411 - pyiron_log - INFO - Assigning a channel with the label last to the io key Fibonacci0__last
2026-02-02 14:00:47,411 - pyiron_log - INFO - Assigning a channel with the label obj to the io key LessThan__obj
2026-02-02 14:00:47,411 - pyiron_log - INFO - Assigning a channel with the label other to the io key LessThan__other
2026-02-02 14:00:47,411 - pyiron_log - INFO - Assigning a channel with the label max_iterations to the io key new_loop140426652496240__max_iterations
2026-02-02 14:00:47,411 - pyiron_log - INFO - Assigning a channel with the label a to the io key int_input140429307283744__a
2026-02-02 14:00:47,411 - pyiron_log - INFO - Assigning a channel with the label a to the io key int_input0140426652741040__a
2026-02-02 14:00:47,411 - pyiron_log - INFO - Assigning a channel with the label a to the io key int_input1140426652743872__a
2026-02-02 14:00:47,411 - pyiron_log - INFO - Assigning a channel with the label a to the io key int_input2140426652382560__a
2026-02-02 14:00:47,411 - pyiron_log - INFO - Assigning a channel with the label this to the io key Fibonacci0__this
2026-02-02 14:00:47,411 - pyiron_log - INFO - Assigning a channel with the label last to the io key Fibonacci0__last
2026-02-02 14:00:47,411 - pyiron_log - INFO - Assigning a channel with the label obj to the io key LessThan__obj
2026-02-02 14:00:47,411 - pyiron_log - INFO - Assigning a channel with the label other to the io key LessThan__other
2026-02-02 14:00:47,412 - pyiron_log - INFO - Assigning a channel with the label max_iterations to the io key new_loop140426652496240__max_iterations
2026-02-02 14:00:47,412 - pyiron_log - INFO - Assigning a channel with the label a to the io key int_input140429307283744__a
2026-02-02 14:00:47,412 - pyiron_log - INFO - Assigning a channel with the label a to the io key int_input0140426652741040__a
2026-02-02 14:00:47,412 - pyiron_log - INFO - Assigning a channel with the label a to the io key int_input1140426652743872__a
2026-02-02 14:00:47,412 - pyiron_log - INFO - Assigning a channel with the label a to the io key int_input2140426652382560__a
2026-02-02 14:00:47,412 - pyiron_log - INFO - Assigning a channel with the label this to the io key Fibonacci0__this
2026-02-02 14:00:47,412 - pyiron_log - INFO - Assigning a channel with the label last to the io key Fibonacci0__last
2026-02-02 14:00:47,412 - pyiron_log - INFO - Assigning a channel with the label obj to the io key LessThan__obj
2026-02-02 14:00:47,412 - pyiron_log - INFO - Assigning a channel with the label other to the io key LessThan__other
2026-02-02 14:00:47,412 - pyiron_log - INFO - Assigning a channel with the label max_iterations to the io key new_loop140426652496240__max_iterations
2026-02-02 14:00:47,412 - pyiron_log - INFO - Assigning a channel with the label a to the io key int_input140429307283744__a
2026-02-02 14:00:47,412 - pyiron_log - INFO - Assigning a channel with the label a to the io key int_input0140426652741040__a
2026-02-02 14:00:47,412 - pyiron_log - INFO - Assigning a channel with the label a to the io key int_input1140426652743872__a
2026-02-02 14:00:47,412 - pyiron_log - INFO - Assigning a channel with the label a to the io key int_input2140426652382560__a
2026-02-02 14:00:47,412 - pyiron_log - INFO - Assigning a channel with the label this to the io key Fibonacci0__this
2026-02-02 14:00:47,412 - pyiron_log - INFO - Assigning a channel with the label last to the io key Fibonacci0__last
2026-02-02 14:00:47,412 - pyiron_log - INFO - Assigning a channel with the label obj to the io key LessThan__obj
2026-02-02 14:00:47,412 - pyiron_log - INFO - Assigning a channel with the label other to the io key LessThan__other
2026-02-02 14:00:47,412 - pyiron_log - INFO - Assigning a channel with the label max_iterations to the io key new_loop140426652496240__max_iterations
2026-02-02 14:00:47,412 - pyiron_log - INFO - Assigning a channel with the label a to the io key int_input140429307283744__a
2026-02-02 14:00:47,412 - pyiron_log - INFO - Assigning a channel with the label a to the io key int_input0140426652741040__a
2026-02-02 14:00:47,412 - pyiron_log - INFO - Assigning a channel with the label a to the io key int_input1140426652743872__a
2026-02-02 14:00:47,412 - pyiron_log - INFO - Assigning a channel with the label a to the io key int_input2140426652382560__a
2026-02-02 14:01:05,554 - pyiron_log - INFO - Assigning a channel with the label this to the io key Fibonacci0__this
2026-02-02 14:01:05,554 - pyiron_log - INFO - Assigning a channel with the label last to the io key Fibonacci0__last
2026-02-02 14:01:05,554 - pyiron_log - INFO - Assigning a channel with the label obj to the io key LessThan__obj
2026-02-02 14:01:05,554 - pyiron_log - INFO - Assigning a channel with the label other to the io key LessThan__other
2026-02-02 14:01:05,554 - pyiron_log - INFO - Assigning a channel with the label max_iterations to the io key new_loop140426652496240__max_iterations
2026-02-02 14:01:05,554 - pyiron_log - INFO - Assigning a channel with the label a to the io key int_input140429307283744__a
2026-02-02 14:01:05,554 - pyiron_log - INFO - Assigning a channel with the label a to the io key int_input0140426652741040__a
2026-02-02 14:01:05,554 - pyiron_log - INFO - Assigning a channel with the label a to the io key int_input1140426652743872__a
2026-02-02 14:01:05,554 - pyiron_log - INFO - Assigning a channel with the label a to the io key int_input2140426652382560__a
2026-02-02 14:01:05,554 - pyiron_log - INFO - Assigning a channel with the label this to the io key Fibonacci0__this
2026-02-02 14:01:05,554 - pyiron_log - INFO - Assigning a channel with the label last to the io key Fibonacci0__last
2026-02-02 14:01:05,554 - pyiron_log - INFO - Assigning a channel with the label obj to the io key LessThan__obj
2026-02-02 14:01:05,554 - pyiron_log - INFO - Assigning a channel with the label other to the io key LessThan__other
2026-02-02 14:01:05,554 - pyiron_log - INFO - Assigning a channel with the label max_iterations to the io key new_loop140426652496240__max_iterations
2026-02-02 14:01:05,554 - pyiron_log - INFO - Assigning a channel with the label a to the io key int_input140429307283744__a
2026-02-02 14:01:05,554 - pyiron_log - INFO - Assigning a channel with the label a to the io key int_input0140426652741040__a
2026-02-02 14:01:05,554 - pyiron_log - INFO - Assigning a channel with the label a to the io key int_input1140426652743872__a
2026-02-02 14:01:05,555 - pyiron_log - INFO - Assigning a channel with the label a to the io key int_input2140426652382560__a
2026-02-02 14:01:05,555 - pyiron_log - INFO - Assigning a channel with the label this to the io key Fibonacci0__this
2026-02-02 14:01:05,555 - pyiron_log - INFO - Assigning a channel with the label last to the io key Fibonacci0__last
2026-02-02 14:01:05,555 - pyiron_log - INFO - Assigning a channel with the label obj to the io key LessThan__obj
2026-02-02 14:01:05,555 - pyiron_log - INFO - Assigning a channel with the label other to the io key LessThan__other
2026-02-02 14:01:05,555 - pyiron_log - INFO - Assigning a channel with the label max_iterations to the io key new_loop140426652496240__max_iterations
2026-02-02 14:01:05,555 - pyiron_log - INFO - Assigning a channel with the label a to the io key int_input140429307283744__a
2026-02-02 14:01:05,555 - pyiron_log - INFO - Assigning a channel with the label a to the io key int_input0140426652741040__a
2026-02-02 14:01:05,555 - pyiron_log - INFO - Assigning a channel with the label a to the io key int_input1140426652743872__a
2026-02-02 14:01:05,555 - pyiron_log - INFO - Assigning a channel with the label a to the io key int_input2140426652382560__a
2026-02-02 14:01:05,555 - pyiron_log - INFO - Assigning a channel with the label this to the io key Fibonacci0__this
2026-02-02 14:01:05,555 - pyiron_log - INFO - Assigning a channel with the label last to the io key Fibonacci0__last
2026-02-02 14:01:05,555 - pyiron_log - INFO - Assigning a channel with the label obj to the io key LessThan__obj
2026-02-02 14:01:05,555 - pyiron_log - INFO - Assigning a channel with the label other to the io key LessThan__other
2026-02-02 14:01:05,555 - pyiron_log - INFO - Assigning a channel with the label max_iterations to the io key new_loop140426652496240__max_iterations
2026-02-02 14:01:05,555 - pyiron_log - INFO - Assigning a channel with the label a to the io key int_input140429307283744__a
2026-02-02 14:01:05,555 - pyiron_log - INFO - Assigning a channel with the label a to the io key int_input0140426652741040__a
2026-02-02 14:01:05,555 - pyiron_log - INFO - Assigning a channel with the label a to the io key int_input1140426652743872__a
2026-02-02 14:01:05,555 - pyiron_log - INFO - Assigning a channel with the label a to the io key int_input2140426652382560__a
2026-02-02 14:01:05,555 - pyiron_log - INFO - Assigning a channel with the label next to the io key Fibonacci0__next
2026-02-02 14:01:05,555 - pyiron_log - INFO - Assigning a channel with the label now to the io key Fibonacci0__now
2026-02-02 14:01:05,555 - pyiron_log - INFO - Assigning a channel with the label lt to the io key LessThan__lt
2026-02-02 14:01:05,555 - pyiron_log - INFO - Assigning a channel with the label next to the io key new_loop140426652496240__next
2026-02-02 14:01:05,555 - pyiron_log - INFO - Assigning a channel with the label now to the io key new_loop140426652496240__now
2026-02-02 14:01:15,529 - pyiron_log - INFO - Assigning a channel with the label max_iterations to the io key new_loop140426652496240__max_iterations
2026-02-02 14:01:15,529 - pyiron_log - INFO - Assigning a channel with the label a to the io key int_input140429307283744__a
2026-02-02 14:01:15,529 - pyiron_log - INFO - Assigning a channel with the label a to the io key int_input0140426652741040__a
2026-02-02 14:01:15,529 - pyiron_log - INFO - Assigning a channel with the label a to the io key int_input1140426652743872__a
2026-02-02 14:01:15,529 - pyiron_log - INFO - Assigning a channel with the label a to the io key int_input2140426652382560__a
2026-02-02 14:01:15,529 - pyiron_log - INFO - Assigning a channel with the label max_iterations to the io key new_loop140426652496240__max_iterations
2026-02-02 14:01:15,529 - pyiron_log - INFO - Assigning a channel with the label a to the io key int_input140429307283744__a
2026-02-02 14:01:15,529 - pyiron_log - INFO - Assigning a channel with the label a to the io key int_input0140426652741040__a
2026-02-02 14:01:15,529 - pyiron_log - INFO - Assigning a channel with the label a to the io key int_input1140426652743872__a
2026-02-02 14:01:15,529 - pyiron_log - INFO - Assigning a channel with the label a to the io key int_input2140426652382560__a
2026-02-02 14:01:15,529 - pyiron_log - INFO - Assigning a channel with the label max_iterations to the io key new_loop140426652496240__max_iterations
2026-02-02 14:01:15,529 - pyiron_log - INFO - Assigning a channel with the label a to the io key int_input140429307283744__a
2026-02-02 14:01:15,529 - pyiron_log - INFO - Assigning a channel with the label a to the io key int_input0140426652741040__a
2026-02-02 14:01:15,529 - pyiron_log - INFO - Assigning a channel with the label a to the io key int_input1140426652743872__a
2026-02-02 14:01:15,529 - pyiron_log - INFO - Assigning a channel with the label a to the io key int_input2140426652382560__a
2026-02-02 14:01:15,529 - pyiron_log - INFO - Assigning a channel with the label max_iterations to the io key new_loop140426652496240__max_iterations
2026-02-02 14:01:15,529 - pyiron_log - INFO - Assigning a channel with the label a to the io key int_input140429307283744__a
2026-02-02 14:01:15,530 - pyiron_log - INFO - Assigning a channel with the label a to the io key int_input0140426652741040__a
2026-02-02 14:01:15,530 - pyiron_log - INFO - Assigning a channel with the label a to the io key int_input1140426652743872__a
2026-02-02 14:01:15,530 - pyiron_log - INFO - Assigning a channel with the label a to the io key int_input2140426652382560__a
2026-02-02 14:01:15,530 - pyiron_log - INFO - Assigning a channel with the label max_iterations to the io key new_loop140426652496240__max_iterations
2026-02-02 14:01:15,530 - pyiron_log - INFO - Assigning a channel with the label a to the io key int_input140429307283744__a
2026-02-02 14:01:15,530 - pyiron_log - INFO - Assigning a channel with the label a to the io key int_input0140426652741040__a
2026-02-02 14:01:15,530 - pyiron_log - INFO - Assigning a channel with the label a to the io key int_input1140426652743872__a
2026-02-02 14:01:15,530 - pyiron_log - INFO - Assigning a channel with the label a to the io key int_input2140426652382560__a
2026-02-02 14:01:15,530 - pyiron_log - INFO - Assigning a channel with the label max_iterations to the io key new_loop140426652496240__max_iterations
2026-02-02 14:01:15,530 - pyiron_log - INFO - Assigning a channel with the label a to the io key int_input140429307283744__a
2026-02-02 14:01:15,530 - pyiron_log - INFO - Assigning a channel with the label a to the io key int_input0140426652741040__a
2026-02-02 14:01:15,530 - pyiron_log - INFO - Assigning a channel with the label a to the io key int_input1140426652743872__a
2026-02-02 14:01:15,530 - pyiron_log - INFO - Assigning a channel with the label a to the io key int_input2140426652382560__a
2026-02-02 14:01:15,530 - pyiron_log - INFO - Assigning a channel with the label next to the io key new_loop140426652496240__next
2026-02-02 14:01:15,530 - pyiron_log - INFO - Assigning a channel with the label now to the io key new_loop140426652496240__now
2026-02-02 14:02:23,424 - pyiron_log - INFO - Fibonacci is already a node; appending an index to the node label instead: Fibonacci0
2026-02-02 14:51:13,757 - pyiron_log - INFO - Fibonacci is already a node; appending an index to the node label instead: Fibonacci0
2026-02-02 14:53:06,421 - pyiron_log - INFO - Fibonacci is already a node; appending an index to the node label instead: Fibonacci0
2026-02-02 14:55:12,383 - pyiron_log - INFO - int_input is already a node; appending an index to the node label instead: int_input0
2026-02-02 14:55:12,690 - pyiron_log - INFO - int_input is already a node; appending an index to the node label instead: int_input1
2026-02-02 14:55:12,977 - pyiron_log - INFO - int_input is already a node; appending an index to the node label instead: int_input2
2026-02-02 14:56:18,262 - pyiron_log - INFO - Assigning a channel with the label max_iterations to the io key new_loop139896600544848__max_iterations
2026-02-02 14:56:18,262 - pyiron_log - INFO - Assigning a channel with the label a to the io key int_input139896600543600__a
2026-02-02 14:56:18,262 - pyiron_log - INFO - Assigning a channel with the label a to the io key int_input0139896601928880__a
2026-02-02 14:56:18,262 - pyiron_log - INFO - Assigning a channel with the label a to the io key int_input1139896602163632__a
2026-02-02 14:56:18,262 - pyiron_log - INFO - Assigning a channel with the label a to the io key int_input2139899635234864__a
2026-02-02 14:56:18,262 - pyiron_log - INFO - Assigning a channel with the label max_iterations to the io key new_loop139896600544848__max_iterations
2026-02-02 14:56:18,262 - pyiron_log - INFO - Assigning a channel with the label a to the io key int_input139896600543600__a
2026-02-02 14:56:18,262 - pyiron_log - INFO - Assigning a channel with the label a to the io key int_input0139896601928880__a
2026-02-02 14:56:18,262 - pyiron_log - INFO - Assigning a channel with the label a to the io key int_input1139896602163632__a
2026-02-02 14:56:18,262 - pyiron_log - INFO - Assigning a channel with the label a to the io key int_input2139899635234864__a
2026-02-02 14:56:18,262 - pyiron_log - INFO - Assigning a channel with the label max_iterations to the io key new_loop139896600544848__max_iterations
2026-02-02 14:56:18,262 - pyiron_log - INFO - Assigning a channel with the label a to the io key int_input139896600543600__a
2026-02-02 14:56:18,262 - pyiron_log - INFO - Assigning a channel with the label a to the io key int_input0139896601928880__a
2026-02-02 14:56:18,262 - pyiron_log - INFO - Assigning a channel with the label a to the io key int_input1139896602163632__a
2026-02-02 14:56:18,262 - pyiron_log - INFO - Assigning a channel with the label a to the io key int_input2139899635234864__a
2026-02-02 14:56:18,262 - pyiron_log - INFO - Assigning a channel with the label max_iterations to the io key new_loop139896600544848__max_iterations
2026-02-02 14:56:18,262 - pyiron_log - INFO - Assigning a channel with the label a to the io key int_input139896600543600__a
2026-02-02 14:56:18,263 - pyiron_log - INFO - Assigning a channel with the label a to the io key int_input0139896601928880__a
2026-02-02 14:56:18,263 - pyiron_log - INFO - Assigning a channel with the label a to the io key int_input1139896602163632__a
2026-02-02 14:56:18,263 - pyiron_log - INFO - Assigning a channel with the label a to the io key int_input2139899635234864__a
2026-02-02 14:56:18,263 - pyiron_log - INFO - Assigning a channel with the label max_iterations to the io key new_loop139896600544848__max_iterations
2026-02-02 14:56:18,263 - pyiron_log - INFO - Assigning a channel with the label a to the io key int_input139896600543600__a
2026-02-02 14:56:18,263 - pyiron_log - INFO - Assigning a channel with the label a to the io key int_input0139896601928880__a
2026-02-02 14:56:18,263 - pyiron_log - INFO - Assigning a channel with the label a to the io key int_input1139896602163632__a
2026-02-02 14:56:18,263 - pyiron_log - INFO - Assigning a channel with the label a to the io key int_input2139899635234864__a
2026-02-02 14:56:18,263 - pyiron_log - INFO - Assigning a channel with the label max_iterations to the io key new_loop139896600544848__max_iterations
2026-02-02 14:56:18,263 - pyiron_log - INFO - Assigning a channel with the label a to the io key int_input139896600543600__a
2026-02-02 14:56:18,263 - pyiron_log - INFO - Assigning a channel with the label a to the io key int_input0139896601928880__a
2026-02-02 14:56:18,263 - pyiron_log - INFO - Assigning a channel with the label a to the io key int_input1139896602163632__a
2026-02-02 14:56:18,263 - pyiron_log - INFO - Assigning a channel with the label a to the io key int_input2139899635234864__a
2026-02-02 14:56:18,263 - pyiron_log - INFO - Assigning a channel with the label next to the io key new_loop139896600544848__next
2026-02-02 14:56:18,263 - pyiron_log - INFO - Assigning a channel with the label now to the io key new_loop139896600544848__now
2026-02-02 15:33:10,280 - pyiron_log - INFO - Fibonacci is already a node; appending an index to the node label instead: Fibonacci0
2026-02-06 15:55:17,630 - pyiron_log - INFO - Fibonacci is already a node; appending an index to the node label instead: Fibonacci0
2026-02-13 15:05:13,930 - pyiron_log - INFO - Fibonacci is already a node; appending an index to the node label instead: Fibonacci0
2026-02-13 15:08:52,771 - pyiron_log - INFO - Fibonacci is already a node; appending an index to the node label instead: Fibonacci0
2026-02-13 15:10:47,179 - pyiron_log - INFO - Fibonacci is already a node; appending an index to the node label instead: Fibonacci0
2026-02-13 15:12:43,246 - pyiron_log - INFO - Fibonacci is already a node; appending an index to the node label instead: Fibonacci0
2026-02-13 15:15:06,418 - pyiron_log - INFO - Fibonacci is already a node; appending an index to the node label instead: Fibonacci0
2026-02-13 15:19:48,714 - pyiron_log - INFO - Fibonacci is already a node; appending an index to the node label instead: Fibonacci0
2026-02-13 15:27:10,566 - pyiron_log - INFO - Fibonacci is already a node; appending an index to the node label instead: Fibonacci0
2026-02-13 15:34:10,356 - pyiron_log - INFO - Fibonacci is already a node; appending an index to the node label instead: Fibonacci0
2026-02-13 15:35:32,103 - pyiron_log - INFO - Fibonacci is already a node; appending an index to the node label instead: Fibonacci0
2026-02-13 15:41:48,626 - pyiron_log - INFO - Fibonacci is already a node; appending an index to the node label instead: Fibonacci0
2026-02-13 15:49:33,358 - pyiron_log - INFO - Fibonacci is already a node; appending an index to the node label instead: Fibonacci0
2026-02-13 15:53:04,321 - pyiron_log - INFO - Fibonacci is already a node; appending an index to the node label instead: Fibonacci0
2026-02-13 15:54:53,214 - pyiron_log - INFO - Fibonacci is already a node; appending an index to the node label instead: Fibonacci0
2026-02-17 09:51:15,772 - pyiron_log - INFO - Fibonacci is already a node; appending an index to the node label instead: Fibonacci0
2026-02-20 10:00:45,056 - pyiron_log - INFO - Fibonacci is already a node; appending an index to the node label instead: Fibonacci0
2026-02-20 10:03:01,378 - pyiron_log - INFO - Fibonacci is already a node; appending an index to the node label instead: Fibonacci0
2026-02-20 10:16:59,315 - pyiron_log - INFO - Fibonacci is already a node; appending an index to the node label instead: Fibonacci0
2026-02-20 10:30:07,792 - pyiron_log - INFO - Fibonacci is already a node; appending an index to the node label instead: Fibonacci0
2026-02-20 10:55:29,612 - pyiron_log - INFO - Fibonacci is already a node; appending an index to the node label instead: Fibonacci0
2026-02-20 10:58:31,440 - pyiron_log - INFO - Fibonacci is already a node; appending an index to the node label instead: Fibonacci0
2026-02-20 11:06:44,299 - pyiron_log - INFO - Fibonacci is already a node; appending an index to the node label instead: Fibonacci0
2026-02-20 11:09:59,487 - pyiron_log - INFO - Fibonacci is already a node; appending an index to the node label instead: Fibonacci0
2026-02-20 11:20:58,644 - pyiron_log - INFO - Fibonacci is already a node; appending an index to the node label instead: Fibonacci0
2026-03-13 11:12:45,657 - pyiron_log - INFO - Fibonacci is already a node; appending an index to the node label instead: Fibonacci0
2026-03-20 13:20:31,694 - pyiron_log - INFO - Assigning a channel with the label a to the io key int_input140329002469760__a
2026-03-20 13:20:31,694 - pyiron_log - INFO - Assigning a channel with the label existing to the io key AppendToList140329044438640__existing
2026-03-20 13:20:31,694 - pyiron_log - INFO - Assigning a channel with the label new_element to the io key AppendToList140329044438640__new_element
2026-03-20 13:20:31,694 - pyiron_log - INFO - Assigning a channel with the label a to the io key int_input140329002469760__a
2026-03-20 13:20:31,694 - pyiron_log - INFO - Assigning a channel with the label existing to the io key AppendToList140329044438640__existing
2026-03-20 13:20:31,694 - pyiron_log - INFO - Assigning a channel with the label new_element to the io key AppendToList140329044438640__new_element
2026-03-20 13:20:31,695 - pyiron_log - INFO - Assigning a channel with the label a to the io key int_input140329002469760__a
2026-03-20 13:20:31,695 - pyiron_log - INFO - Assigning a channel with the label existing to the io key AppendToList140329044438640__existing
2026-03-20 13:20:31,695 - pyiron_log - INFO - Assigning a channel with the label new_element to the io key AppendToList140329044438640__new_element
2026-03-20 13:20:31,695 - pyiron_log - INFO - Assigning a channel with the label a to the io key int_input140329002469760__a
2026-03-20 13:20:31,695 - pyiron_log - INFO - Assigning a channel with the label existing to the io key AppendToList140329044438640__existing
2026-03-20 13:20:31,695 - pyiron_log - INFO - Assigning a channel with the label new_element to the io key AppendToList140329044438640__new_element
2026-03-20 13:20:31,695 - pyiron_log - INFO - Assigning a channel with the label a to the io key int_input140329002469760__a
2026-03-20 13:20:31,695 - pyiron_log - INFO - Assigning a channel with the label existing to the io key AppendToList140329044438640__existing
2026-03-20 13:20:31,695 - pyiron_log - INFO - Assigning a channel with the label new_element to the io key AppendToList140329044438640__new_element
2026-03-20 13:20:31,695 - pyiron_log - INFO - Assigning a channel with the label a to the io key int_input140329002469760__a
2026-03-20 13:20:31,695 - pyiron_log - INFO - Assigning a channel with the label existing to the io key AppendToList140329044438640__existing
2026-03-20 13:20:31,695 - pyiron_log - INFO - Assigning a channel with the label new_element to the io key AppendToList140329044438640__new_element
2026-03-20 13:20:31,695 - pyiron_log - INFO - Assigning a channel with the label a to the io key int_input140329002469760__a
2026-03-20 13:20:31,695 - pyiron_log - INFO - Assigning a channel with the label existing to the io key AppendToList140329044438640__existing
2026-03-20 13:20:31,695 - pyiron_log - INFO - Assigning a channel with the label new_element to the io key AppendToList140329044438640__new_element
2026-03-20 13:20:31,695 - pyiron_log - INFO - Assigning a channel with the label a to the io key int_input140329002469760__a
2026-03-20 13:20:31,695 - pyiron_log - INFO - Assigning a channel with the label existing to the io key AppendToList140329044438640__existing
2026-03-20 13:20:31,695 - pyiron_log - INFO - Assigning a channel with the label new_element to the io key AppendToList140329044438640__new_element
2026-03-20 13:20:31,695 - pyiron_log - INFO - Assigning a channel with the label a to the io key int_input140329002469760__a
2026-03-20 13:20:31,695 - pyiron_log - INFO - Assigning a channel with the label existing to the io key AppendToList140329044438640__existing
2026-03-20 13:20:31,695 - pyiron_log - INFO - Assigning a channel with the label new_element to the io key AppendToList140329044438640__new_element
2026-03-20 13:20:31,695 - pyiron_log - INFO - Assigning a channel with the label a to the io key int_input140329002469760__a
2026-03-20 13:20:31,695 - pyiron_log - INFO - Assigning a channel with the label existing to the io key AppendToList140329044438640__existing
2026-03-20 13:20:31,695 - pyiron_log - INFO - Assigning a channel with the label new_element to the io key AppendToList140329044438640__new_element
2026-03-20 13:20:45,973 - pyiron_log - INFO - int_input is already a node; appending an index to the node label instead: int_input0
2026-03-20 13:20:46,186 - pyiron_log - INFO - int_input is already a node; appending an index to the node label instead: int_input1
2026-03-20 13:21:00,778 - pyiron_log - INFO - Assigning a channel with the label a to the io key int_input140329002469760__a
2026-03-20 13:21:00,779 - pyiron_log - INFO - Assigning a channel with the label existing to the io key AppendToList140329044438640__existing
2026-03-20 13:21:00,779 - pyiron_log - INFO - Assigning a channel with the label a to the io key int_input0140328997770720__a
2026-03-20 13:21:00,779 - pyiron_log - INFO - Assigning a channel with the label a to the io key int_input140329002469760__a
2026-03-20 13:21:00,779 - pyiron_log - INFO - Assigning a channel with the label existing to the io key AppendToList140329044438640__existing
2026-03-20 13:21:00,779 - pyiron_log - INFO - Assigning a channel with the label a to the io key int_input0140328997770720__a
2026-03-20 13:21:00,779 - pyiron_log - INFO - Assigning a channel with the label a to the io key int_input140329002469760__a
2026-03-20 13:21:00,779 - pyiron_log - INFO - Assigning a channel with the label existing to the io key AppendToList140329044438640__existing
2026-03-20 13:21:00,779 - pyiron_log - INFO - Assigning a channel with the label a to the io key int_input0140328997770720__a
2026-03-20 13:21:00,779 - pyiron_log - INFO - Assigning a channel with the label a to the io key int_input140329002469760__a
2026-03-20 13:21:00,779 - pyiron_log - INFO - Assigning a channel with the label existing to the io key AppendToList140329044438640__existing
2026-03-20 13:21:00,779 - pyiron_log - INFO - Assigning a channel with the label a to the io key int_input0140328997770720__a
2026-03-20 13:21:00,779 - pyiron_log - INFO - Assigning a channel with the label a to the io key int_input140329002469760__a
2026-03-20 13:21:00,779 - pyiron_log - INFO - Assigning a channel with the label existing to the io key AppendToList140329044438640__existing
2026-03-20 13:21:00,779 - pyiron_log - INFO - Assigning a channel with the label a to the io key int_input0140328997770720__a
2026-03-20 13:21:00,779 - pyiron_log - INFO - Assigning a channel with the label a to the io key int_input140329002469760__a
2026-03-20 13:21:00,779 - pyiron_log - INFO - Assigning a channel with the label existing to the io key AppendToList140329044438640__existing
2026-03-20 13:21:00,779 - pyiron_log - INFO - Assigning a channel with the label a to the io key int_input0140328997770720__a
2026-03-20 13:21:00,779 - pyiron_log - INFO - Assigning a channel with the label appender to the io key strains_test140329030991792__appender
2026-03-20 13:23:03,711 - pyiron_log - INFO - Assigning a channel with the label a to the io key int_input__a
2026-03-20 13:23:03,712 - pyiron_log - INFO - Assigning a channel with the label existing to the io key AppendToList140329044438640__existing
2026-03-20 13:23:03,712 - pyiron_log - INFO - Assigning a channel with the label a to the io key int_input0140328997770720__a
2026-03-20 13:23:03,712 - pyiron_log - INFO - Assigning a channel with the label a to the io key int_input__a
2026-03-20 13:23:03,712 - pyiron_log - INFO - Assigning a channel with the label existing to the io key AppendToList140329044438640__existing
2026-03-20 13:23:03,712 - pyiron_log - INFO - Assigning a channel with the label a to the io key int_input0140328997770720__a
2026-03-20 13:23:03,712 - pyiron_log - INFO - Assigning a channel with the label a to the io key int_input__a
2026-03-20 13:23:03,712 - pyiron_log - INFO - Assigning a channel with the label existing to the io key AppendToList140329044438640__existing
2026-03-20 13:23:03,712 - pyiron_log - INFO - Assigning a channel with the label a to the io key int_input0140328997770720__a
2026-03-20 13:23:03,712 - pyiron_log - INFO - Assigning a channel with the label a to the io key int_input__a
2026-03-20 13:23:03,712 - pyiron_log - INFO - Assigning a channel with the label existing to the io key AppendToList140329044438640__existing
2026-03-20 13:23:03,712 - pyiron_log - INFO - Assigning a channel with the label a to the io key int_input0140328997770720__a
2026-03-20 13:23:03,712 - pyiron_log - INFO - Assigning a channel with the label a to the io key int_input__a
2026-03-20 13:23:03,712 - pyiron_log - INFO - Assigning a channel with the label existing to the io key AppendToList140329044438640__existing
2026-03-20 13:23:03,712 - pyiron_log - INFO - Assigning a channel with the label a to the io key int_input0140328997770720__a
2026-03-20 13:23:03,712 - pyiron_log - INFO - Assigning a channel with the label a to the io key int_input__a
2026-03-20 13:23:03,712 - pyiron_log - INFO - Assigning a channel with the label existing to the io key AppendToList140329044438640__existing
2026-03-20 13:23:03,712 - pyiron_log - INFO - Assigning a channel with the label a to the io key int_input0140328997770720__a
2026-03-20 13:23:03,712 - pyiron_log - INFO - Assigning a channel with the label appender to the io key strains_test__appender
2026-03-20 13:23:12,068 - pyiron_log - INFO - Assigning a channel with the label a to the io key int_input__a
2026-03-20 13:23:12,068 - pyiron_log - INFO - Assigning a channel with the label existing to the io key AppendToList140329044438640__existing
2026-03-20 13:23:12,068 - pyiron_log - INFO - Assigning a channel with the label a to the io key int_input0140328997770720__a
2026-03-20 13:23:12,069 - pyiron_log - INFO - Assigning a channel with the label a to the io key int_input__a
2026-03-20 13:23:12,069 - pyiron_log - INFO - Assigning a channel with the label existing to the io key AppendToList140329044438640__existing
2026-03-20 13:23:12,069 - pyiron_log - INFO - Assigning a channel with the label a to the io key int_input0140328997770720__a
2026-03-20 13:23:12,069 - pyiron_log - INFO - Assigning a channel with the label a to the io key int_input__a
2026-03-20 13:23:12,069 - pyiron_log - INFO - Assigning a channel with the label existing to the io key AppendToList140329044438640__existing
2026-03-20 13:23:12,069 - pyiron_log - INFO - Assigning a channel with the label a to the io key int_input0140328997770720__a
2026-03-20 13:23:12,069 - pyiron_log - INFO - Assigning a channel with the label a to the io key int_input__a
2026-03-20 13:23:12,069 - pyiron_log - INFO - Assigning a channel with the label existing to the io key AppendToList140329044438640__existing
2026-03-20 13:23:12,069 - pyiron_log - INFO - Assigning a channel with the label a to the io key int_input0140328997770720__a
2026-03-20 13:23:12,069 - pyiron_log - INFO - Assigning a channel with the label appender to the io key strains_test__appender
2026-03-20 13:23:23,362 - pyiron_log - INFO - Assigning a channel with the label a to the io key int_input140329002469760__a
2026-03-20 13:23:23,362 - pyiron_log - INFO - Assigning a channel with the label existing to the io key AppendToList140329044438640__existing
2026-03-20 13:23:23,362 - pyiron_log - INFO - Assigning a channel with the label a to the io key int_input0140328997770720__a
2026-03-20 13:23:23,363 - pyiron_log - INFO - Assigning a channel with the label a to the io key int_input140329002469760__a
2026-03-20 13:23:23,363 - pyiron_log - INFO - Assigning a channel with the label existing to the io key AppendToList140329044438640__existing
2026-03-20 13:23:23,363 - pyiron_log - INFO - Assigning a channel with the label a to the io key int_input0140328997770720__a
2026-03-20 13:23:23,363 - pyiron_log - INFO - Assigning a channel with the label a to the io key int_input140329002469760__a
2026-03-20 13:23:23,363 - pyiron_log - INFO - Assigning a channel with the label existing to the io key AppendToList140329044438640__existing
2026-03-20 13:23:23,363 - pyiron_log - INFO - Assigning a channel with the label a to the io key int_input0140328997770720__a
2026-03-20 13:23:23,363 - pyiron_log - INFO - Assigning a channel with the label a to the io key int_input140329002469760__a
2026-03-20 13:23:23,363 - pyiron_log - INFO - Assigning a channel with the label existing to the io key AppendToList140329044438640__existing
2026-03-20 13:23:23,363 - pyiron_log - INFO - Assigning a channel with the label a to the io key int_input0140328997770720__a
2026-03-20 13:23:23,363 - pyiron_log - INFO - Assigning a channel with the label a to the io key int_input140329002469760__a
2026-03-20 13:23:23,363 - pyiron_log - INFO - Assigning a channel with the label existing to the io key AppendToList140329044438640__existing
2026-03-20 13:23:23,363 - pyiron_log - INFO - Assigning a channel with the label a to the io key int_input0140328997770720__a
2026-03-20 13:23:23,363 - pyiron_log - INFO - Assigning a channel with the label a to the io key int_input140329002469760__a
2026-03-20 13:23:23,363 - pyiron_log - INFO - Assigning a channel with the label existing to the io key AppendToList140329044438640__existing
2026-03-20 13:23:23,363 - pyiron_log - INFO - Assigning a channel with the label a to the io key int_input0140328997770720__a
2026-03-20 13:23:23,363 - pyiron_log - INFO - Assigning a channel with the label appender to the io key strains_test140329030991792__appender
2026-03-20 13:23:26,291 - pyiron_log - INFO - Assigning a channel with the label a to the io key int_input__a
2026-03-20 13:23:26,291 - pyiron_log - INFO - Assigning a channel with the label existing to the io key AppendToList140329044438640__existing
2026-03-20 13:23:26,291 - pyiron_log - INFO - Assigning a channel with the label a to the io key int_input0140328997770720__a
2026-03-20 13:23:26,291 - pyiron_log - INFO - Assigning a channel with the label a to the io key int_input__a
2026-03-20 13:23:26,292 - pyiron_log - INFO - Assigning a channel with the label existing to the io key AppendToList140329044438640__existing
2026-03-20 13:23:26,292 - pyiron_log - INFO - Assigning a channel with the label a to the io key int_input0140328997770720__a
2026-03-20 13:23:26,292 - pyiron_log - INFO - Assigning a channel with the label a to the io key int_input__a
2026-03-20 13:23:26,292 - pyiron_log - INFO - Assigning a channel with the label existing to the io key AppendToList140329044438640__existing
2026-03-20 13:23:26,292 - pyiron_log - INFO - Assigning a channel with the label a to the io key int_input0140328997770720__a
2026-03-20 13:23:26,292 - pyiron_log - INFO - Assigning a channel with the label a to the io key int_input__a
2026-03-20 13:23:26,292 - pyiron_log - INFO - Assigning a channel with the label existing to the io key AppendToList140329044438640__existing
2026-03-20 13:23:26,292 - pyiron_log - INFO - Assigning a channel with the label a to the io key int_input0140328997770720__a
2026-03-20 13:23:26,292 - pyiron_log - INFO - Assigning a channel with the label a to the io key int_input__a
2026-03-20 13:23:26,292 - pyiron_log - INFO - Assigning a channel with the label existing to the io key AppendToList140329044438640__existing
2026-03-20 13:23:26,292 - pyiron_log - INFO - Assigning a channel with the label a to the io key int_input0140328997770720__a
2026-03-20 13:23:26,292 - pyiron_log - INFO - Assigning a channel with the label a to the io key int_input__a
2026-03-20 13:23:26,292 - pyiron_log - INFO - Assigning a channel with the label existing to the io key AppendToList140329044438640__existing
2026-03-20 13:23:26,292 - pyiron_log - INFO - Assigning a channel with the label a to the io key int_input0140328997770720__a
2026-03-20 13:23:26,292 - pyiron_log - INFO - Assigning a channel with the label appender to the io key strains_test__appender
2026-03-20 13:24:26,080 - pyiron_log - INFO - Assigning a channel with the label a to the io key int_input__a
2026-03-20 13:24:26,081 - pyiron_log - INFO - Assigning a channel with the label existing to the io key AppendToList140329044438640__existing
2026-03-20 13:24:26,081 - pyiron_log - INFO - Assigning a channel with the label a to the io key int_input0140328997770720__a
2026-03-20 13:24:26,081 - pyiron_log - INFO - Assigning a channel with the label a to the io key int_input__a
2026-03-20 13:24:26,081 - pyiron_log - INFO - Assigning a channel with the label existing to the io key AppendToList140329044438640__existing
2026-03-20 13:24:26,081 - pyiron_log - INFO - Assigning a channel with the label a to the io key int_input0140328997770720__a
2026-03-20 13:24:26,081 - pyiron_log - INFO - Assigning a channel with the label a to the io key int_input__a
2026-03-20 13:24:26,081 - pyiron_log - INFO - Assigning a channel with the label existing to the io key AppendToList140329044438640__existing
2026-03-20 13:24:26,081 - pyiron_log - INFO - Assigning a channel with the label a to the io key int_input0140328997770720__a
2026-03-20 13:24:26,081 - pyiron_log - INFO - Assigning a channel with the label a to the io key int_input__a
2026-03-20 13:24:26,081 - pyiron_log - INFO - Assigning a channel with the label existing to the io key AppendToList140329044438640__existing
2026-03-20 13:24:26,081 - pyiron_log - INFO - Assigning a channel with the label a to the io key int_input0140328997770720__a
2026-03-20 13:24:26,081 - pyiron_log - INFO - Assigning a channel with the label appender to the io key strains_test__appender
2026-03-20 13:24:35,123 - pyiron_log - INFO - Assigning a channel with the label a to the io key int_input__a
2026-03-20 13:24:35,123 - pyiron_log - INFO - Assigning a channel with the label existing to the io key AppendToList140329044438640__existing
2026-03-20 13:24:35,123 - pyiron_log - INFO - Assigning a channel with the label a to the io key int_input0140328997770720__a
2026-03-20 13:24:35,123 - pyiron_log - INFO - Assigning a channel with the label a to the io key int_input__a
2026-03-20 13:24:35,123 - pyiron_log - INFO - Assigning a channel with the label existing to the io key AppendToList140329044438640__existing
2026-03-20 13:24:35,123 - pyiron_log - INFO - Assigning a channel with the label a to the io key int_input0140328997770720__a
2026-03-20 13:24:35,123 - pyiron_log - INFO - Assigning a channel with the label a to the io key int_input__a
2026-03-20 13:24:35,123 - pyiron_log - INFO - Assigning a channel with the label existing to the io key AppendToList140329044438640__existing
2026-03-20 13:24:35,123 - pyiron_log - INFO - Assigning a channel with the label a to the io key int_input0140328997770720__a
2026-03-20 13:24:35,123 - pyiron_log - INFO - Assigning a channel with the label a to the io key int_input__a
2026-03-20 13:24:35,123 - pyiron_log - INFO - Assigning a channel with the label existing to the io key AppendToList140329044438640__existing
2026-03-20 13:24:35,123 - pyiron_log - INFO - Assigning a channel with the label a to the io key int_input0140328997770720__a
2026-03-20 13:24:35,123 - pyiron_log - INFO - Assigning a channel with the label appender to the io key strains_test__appender
2026-03-20 13:24:38,293 - pyiron_log - INFO - Assigning a channel with the label a to the io key int_input140329002469760__a
2026-03-20 13:24:38,293 - pyiron_log - INFO - Assigning a channel with the label existing to the io key AppendToList140329044438640__existing
2026-03-20 13:24:38,293 - pyiron_log - INFO - Assigning a channel with the label a to the io key int_input0140328997770720__a
2026-03-20 13:24:38,294 - pyiron_log - INFO - Assigning a channel with the label a to the io key int_input140329002469760__a
2026-03-20 13:24:38,294 - pyiron_log - INFO - Assigning a channel with the label existing to the io key AppendToList140329044438640__existing
2026-03-20 13:24:38,294 - pyiron_log - INFO - Assigning a channel with the label a to the io key int_input0140328997770720__a
2026-03-20 13:24:38,294 - pyiron_log - INFO - Assigning a channel with the label a to the io key int_input140329002469760__a
2026-03-20 13:24:38,294 - pyiron_log - INFO - Assigning a channel with the label existing to the io key AppendToList140329044438640__existing
2026-03-20 13:24:38,294 - pyiron_log - INFO - Assigning a channel with the label a to the io key int_input0140328997770720__a
2026-03-20 13:24:38,294 - pyiron_log - INFO - Assigning a channel with the label a to the io key int_input140329002469760__a
2026-03-20 13:24:38,294 - pyiron_log - INFO - Assigning a channel with the label existing to the io key AppendToList140329044438640__existing
2026-03-20 13:24:38,294 - pyiron_log - INFO - Assigning a channel with the label a to the io key int_input0140328997770720__a
2026-03-20 13:24:38,294 - pyiron_log - INFO - Assigning a channel with the label a to the io key int_input140329002469760__a
2026-03-20 13:24:38,294 - pyiron_log - INFO - Assigning a channel with the label existing to the io key AppendToList140329044438640__existing
2026-03-20 13:24:38,294 - pyiron_log - INFO - Assigning a channel with the label a to the io key int_input0140328997770720__a
2026-03-20 13:24:38,294 - pyiron_log - INFO - Assigning a channel with the label a to the io key int_input140329002469760__a
2026-03-20 13:24:38,294 - pyiron_log - INFO - Assigning a channel with the label existing to the io key AppendToList140329044438640__existing
2026-03-20 13:24:38,294 - pyiron_log - INFO - Assigning a channel with the label a to the io key int_input0140328997770720__a
2026-03-20 13:24:38,294 - pyiron_log - INFO - Assigning a channel with the label appender to the io key strains_test140329030991792__appender
2026-03-20 13:24:40,152 - pyiron_log - INFO - Assigning a channel with the label a to the io key int_input__a
2026-03-20 13:24:40,152 - pyiron_log - INFO - Assigning a channel with the label existing to the io key AppendToList140329044438640__existing
2026-03-20 13:24:40,152 - pyiron_log - INFO - Assigning a channel with the label a to the io key int_input0140328997770720__a
2026-03-20 13:24:40,152 - pyiron_log - INFO - Assigning a channel with the label a to the io key int_input__a
2026-03-20 13:24:40,152 - pyiron_log - INFO - Assigning a channel with the label existing to the io key AppendToList140329044438640__existing
2026-03-20 13:24:40,153 - pyiron_log - INFO - Assigning a channel with the label a to the io key int_input0140328997770720__a
2026-03-20 13:24:40,153 - pyiron_log - INFO - Assigning a channel with the label a to the io key int_input__a
2026-03-20 13:24:40,153 - pyiron_log - INFO - Assigning a channel with the label existing to the io key AppendToList140329044438640__existing
2026-03-20 13:24:40,153 - pyiron_log - INFO - Assigning a channel with the label a to the io key int_input0140328997770720__a
2026-03-20 13:24:40,153 - pyiron_log - INFO - Assigning a channel with the label a to the io key int_input__a
2026-03-20 13:24:40,153 - pyiron_log - INFO - Assigning a channel with the label existing to the io key AppendToList140329044438640__existing
2026-03-20 13:24:40,153 - pyiron_log - INFO - Assigning a channel with the label a to the io key int_input0140328997770720__a
2026-03-20 13:24:40,153 - pyiron_log - INFO - Assigning a channel with the label a to the io key int_input__a
2026-03-20 13:24:40,153 - pyiron_log - INFO - Assigning a channel with the label existing to the io key AppendToList140329044438640__existing
2026-03-20 13:24:40,153 - pyiron_log - INFO - Assigning a channel with the label a to the io key int_input0140328997770720__a
2026-03-20 13:24:40,153 - pyiron_log - INFO - Assigning a channel with the label a to the io key int_input__a
2026-03-20 13:24:40,153 - pyiron_log - INFO - Assigning a channel with the label existing to the io key AppendToList140329044438640__existing
2026-03-20 13:24:40,153 - pyiron_log - INFO - Assigning a channel with the label a to the io key int_input0140328997770720__a
2026-03-20 13:24:40,153 - pyiron_log - INFO - Assigning a channel with the label appender to the io key strains_test__appender
2026-03-20 13:27:56,821 - pyiron_log - INFO - int_input is already a node; appending an index to the node label instead: int_input0
2026-03-20 13:28:23,592 - pyiron_log - INFO - Assigning a channel with the label a to the io key int_input140436674178144__a
2026-03-20 13:28:23,592 - pyiron_log - INFO - Assigning a channel with the label a to the io key int_input0140435921381392__a
2026-03-20 13:28:23,592 - pyiron_log - INFO - Assigning a channel with the label existing to the io key AppendToList140435921385232__existing
2026-03-20 13:28:23,592 - pyiron_log - INFO - Assigning a channel with the label a to the io key int_input140436674178144__a
2026-03-20 13:28:23,592 - pyiron_log - INFO - Assigning a channel with the label a to the io key int_input0140435921381392__a
2026-03-20 13:28:23,592 - pyiron_log - INFO - Assigning a channel with the label existing to the io key AppendToList140435921385232__existing
2026-03-20 13:28:23,592 - pyiron_log - INFO - Assigning a channel with the label a to the io key int_input140436674178144__a
2026-03-20 13:28:23,592 - pyiron_log - INFO - Assigning a channel with the label a to the io key int_input0140435921381392__a
2026-03-20 13:28:23,592 - pyiron_log - INFO - Assigning a channel with the label existing to the io key AppendToList140435921385232__existing
2026-03-20 13:28:23,592 - pyiron_log - INFO - Assigning a channel with the label a to the io key int_input140436674178144__a
2026-03-20 13:28:23,592 - pyiron_log - INFO - Assigning a channel with the label a to the io key int_input0140435921381392__a
2026-03-20 13:28:23,592 - pyiron_log - INFO - Assigning a channel with the label existing to the io key AppendToList140435921385232__existing
2026-03-20 13:28:23,592 - pyiron_log - INFO - Assigning a channel with the label a to the io key int_input140436674178144__a
2026-03-20 13:28:23,592 - pyiron_log - INFO - Assigning a channel with the label a to the io key int_input0140435921381392__a
2026-03-20 13:28:23,592 - pyiron_log - INFO - Assigning a channel with the label existing to the io key AppendToList140435921385232__existing
2026-03-20 13:28:23,592 - pyiron_log - INFO - Assigning a channel with the label a to the io key int_input140436674178144__a
2026-03-20 13:28:23,592 - pyiron_log - INFO - Assigning a channel with the label a to the io key int_input0140435921381392__a
2026-03-20 13:28:23,592 - pyiron_log - INFO - Assigning a channel with the label existing to the io key AppendToList140435921385232__existing
2026-03-20 13:28:23,593 - pyiron_log - INFO - Assigning a channel with the label appender to the io key strains_test140435942658208__appender
2026-03-20 13:30:39,315 - pyiron_log - INFO - Assigning a channel with the label a to the io key int_input139641662818928__a
2026-03-20 13:30:39,315 - pyiron_log - INFO - Assigning a channel with the label a_list to the io key list_input139645427960672__a_list
2026-03-20 13:30:39,315 - pyiron_log - INFO - Assigning a channel with the label a to the io key int_input139641662818928__a
2026-03-20 13:30:39,315 - pyiron_log - INFO - Assigning a channel with the label a_list to the io key list_input139645427960672__a_list
2026-03-20 13:30:39,315 - pyiron_log - INFO - Assigning a channel with the label a to the io key int_input139641662818928__a
2026-03-20 13:30:39,315 - pyiron_log - INFO - Assigning a channel with the label a_list to the io key list_input139645427960672__a_list
2026-03-20 13:30:39,315 - pyiron_log - INFO - Assigning a channel with the label a to the io key int_input139641662818928__a
2026-03-20 13:30:39,315 - pyiron_log - INFO - Assigning a channel with the label a_list to the io key list_input139645427960672__a_list
2026-03-20 13:30:39,315 - pyiron_log - INFO - Assigning a channel with the label a to the io key int_input139641662818928__a
2026-03-20 13:30:39,315 - pyiron_log - INFO - Assigning a channel with the label a_list to the io key list_input139645427960672__a_list
2026-03-20 13:30:39,315 - pyiron_log - INFO - Assigning a channel with the label a to the io key int_input139641662818928__a
2026-03-20 13:30:39,315 - pyiron_log - INFO - Assigning a channel with the label a_list to the io key list_input139645427960672__a_list
2026-03-20 13:30:39,315 - pyiron_log - INFO - Assigning a channel with the label appender to the io key strains_test139641672967536__appender
2026-03-20 13:34:35,725 - pyiron_log - INFO - Assigning a channel with the label a to the io key int_input140382212215952__a
2026-03-20 13:34:35,725 - pyiron_log - INFO - Assigning a channel with the label a_list to the io key list_input140382212222480__a_list
2026-03-20 13:34:35,725 - pyiron_log - INFO - Assigning a channel with the label a to the io key int_input140382212215952__a
2026-03-20 13:34:35,725 - pyiron_log - INFO - Assigning a channel with the label a_list to the io key list_input140382212222480__a_list
2026-03-20 13:34:35,725 - pyiron_log - INFO - Assigning a channel with the label a to the io key int_input140382212215952__a
2026-03-20 13:34:35,725 - pyiron_log - INFO - Assigning a channel with the label a_list to the io key list_input140382212222480__a_list
2026-03-20 13:34:35,726 - pyiron_log - INFO - Assigning a channel with the label a to the io key int_input140382212215952__a
2026-03-20 13:34:35,726 - pyiron_log - INFO - Assigning a channel with the label a_list to the io key list_input140382212222480__a_list
2026-03-20 13:34:35,726 - pyiron_log - INFO - Assigning a channel with the label a to the io key int_input140382212215952__a
2026-03-20 13:34:35,726 - pyiron_log - INFO - Assigning a channel with the label a_list to the io key list_input140382212222480__a_list
2026-03-20 13:34:35,726 - pyiron_log - INFO - Assigning a channel with the label a to the io key int_input140382212215952__a
2026-03-20 13:34:35,726 - pyiron_log - INFO - Assigning a channel with the label a_list to the io key list_input140382212222480__a_list
2026-03-20 13:34:35,726 - pyiron_log - INFO - Assigning a channel with the label appender to the io key strains_test140378952294304__appender
2026-03-20 13:49:56,880 - pyiron_log - INFO - Assigning a channel with the label a to the io key int_input140378940066368__a
2026-03-20 13:49:56,880 - pyiron_log - INFO - Assigning a channel with the label a_list to the io key list_input140378939444880__a_list
2026-03-20 13:49:56,880 - pyiron_log - INFO - Assigning a channel with the label a to the io key int_input140378940066368__a
2026-03-20 13:49:56,880 - pyiron_log - INFO - Assigning a channel with the label a_list to the io key list_input140378939444880__a_list
2026-03-20 13:49:56,880 - pyiron_log - INFO - Assigning a channel with the label a to the io key int_input140378940066368__a
2026-03-20 13:49:56,880 - pyiron_log - INFO - Assigning a channel with the label a_list to the io key list_input140378939444880__a_list
2026-03-20 13:49:56,880 - pyiron_log - INFO - Assigning a channel with the label a to the io key int_input140378940066368__a
2026-03-20 13:49:56,880 - pyiron_log - INFO - Assigning a channel with the label a_list to the io key list_input140378939444880__a_list
2026-03-20 13:49:56,880 - pyiron_log - INFO - Assigning a channel with the label a to the io key int_input140378940066368__a
2026-03-20 13:49:56,880 - pyiron_log - INFO - Assigning a channel with the label a_list to the io key list_input140378939444880__a_list
2026-03-20 13:49:56,880 - pyiron_log - INFO - Assigning a channel with the label a to the io key int_input140378940066368__a
2026-03-20 13:49:56,881 - pyiron_log - INFO - Assigning a channel with the label a_list to the io key list_input140378939444880__a_list
2026-03-20 13:49:56,881 - pyiron_log - INFO - Assigning a channel with the label df to the io key strains_loop_node140379691273392__df
2026-03-20 13:50:41,794 - pyiron_log - INFO - Assigning a channel with the label a to the io key int_input140378940066368__a
2026-03-20 13:50:41,794 - pyiron_log - INFO - Assigning a channel with the label a_list to the io key list_input140378939444880__a_list
2026-03-20 13:50:41,794 - pyiron_log - INFO - Assigning a channel with the label a to the io key int_input140378940066368__a
2026-03-20 13:50:41,794 - pyiron_log - INFO - Assigning a channel with the label a_list to the io key list_input140378939444880__a_list
2026-03-20 13:50:41,794 - pyiron_log - INFO - Assigning a channel with the label a to the io key int_input140378940066368__a
2026-03-20 13:50:41,794 - pyiron_log - INFO - Assigning a channel with the label a_list to the io key list_input140378939444880__a_list
2026-03-20 13:50:41,794 - pyiron_log - INFO - Assigning a channel with the label a to the io key int_input140378940066368__a
2026-03-20 13:50:41,794 - pyiron_log - INFO - Assigning a channel with the label a_list to the io key list_input140378939444880__a_list
2026-03-20 13:50:41,794 - pyiron_log - INFO - Assigning a channel with the label df to the io key strains_loop_node140379691273392__df
2026-03-20 13:50:47,393 - pyiron_log - INFO - Assigning a channel with the label a to the io key int_input140378940066368__a
2026-03-20 13:50:47,394 - pyiron_log - INFO - Assigning a channel with the label a_list to the io key list_input140378939444880__a_list
2026-03-20 13:50:47,394 - pyiron_log - INFO - Assigning a channel with the label a to the io key int_input140378940066368__a
2026-03-20 13:50:47,394 - pyiron_log - INFO - Assigning a channel with the label a_list to the io key list_input140378939444880__a_list
2026-03-20 13:50:47,394 - pyiron_log - INFO - Assigning a channel with the label a to the io key int_input140378940066368__a
2026-03-20 13:50:47,394 - pyiron_log - INFO - Assigning a channel with the label a_list to the io key list_input140378939444880__a_list
2026-03-20 13:50:47,394 - pyiron_log - INFO - Assigning a channel with the label a to the io key int_input140378940066368__a
2026-03-20 13:50:47,394 - pyiron_log - INFO - Assigning a channel with the label a_list to the io key list_input140378939444880__a_list
2026-03-20 13:50:47,394 - pyiron_log - INFO - Assigning a channel with the label df to the io key strains_loop_node140379691273392__df
2026-03-20 13:50:52,832 - pyiron_log - INFO - Assigning a channel with the label a to the io key int_input140378940066368__a
2026-03-20 13:50:52,832 - pyiron_log - INFO - Assigning a channel with the label a_list to the io key list_input140378939444880__a_list
2026-03-20 13:50:52,832 - pyiron_log - INFO - Assigning a channel with the label a to the io key int_input140378940066368__a
2026-03-20 13:50:52,832 - pyiron_log - INFO - Assigning a channel with the label a_list to the io key list_input140378939444880__a_list
2026-03-20 13:50:52,832 - pyiron_log - INFO - Assigning a channel with the label a to the io key int_input140378940066368__a
2026-03-20 13:50:52,832 - pyiron_log - INFO - Assigning a channel with the label a_list to the io key list_input140378939444880__a_list
2026-03-20 13:50:52,832 - pyiron_log - INFO - Assigning a channel with the label a to the io key int_input140378940066368__a
2026-03-20 13:50:52,832 - pyiron_log - INFO - Assigning a channel with the label a_list to the io key list_input140378939444880__a_list
2026-03-20 13:50:52,832 - pyiron_log - INFO - Assigning a channel with the label df to the io key strains_loop_node140379691273392__df
2026-03-20 13:55:26,775 - pyiron_log - INFO - Assigning a channel with the label a to the io key int_input140482147551280__a
2026-03-20 13:55:26,775 - pyiron_log - INFO - Assigning a channel with the label a_list to the io key list_input140482145467904__a_list
2026-03-20 13:55:26,775 - pyiron_log - INFO - Assigning a channel with the label a to the io key int_input140482147551280__a
2026-03-20 13:55:26,775 - pyiron_log - INFO - Assigning a channel with the label a_list to the io key list_input140482145467904__a_list
2026-03-20 13:55:26,775 - pyiron_log - INFO - Assigning a channel with the label a to the io key int_input140482147551280__a
2026-03-20 13:55:26,775 - pyiron_log - INFO - Assigning a channel with the label a_list to the io key list_input140482145467904__a_list
2026-03-20 13:55:26,775 - pyiron_log - INFO - Assigning a channel with the label a to the io key int_input140482147551280__a
2026-03-20 13:55:26,775 - pyiron_log - INFO - Assigning a channel with the label a_list to the io key list_input140482145467904__a_list
2026-03-20 13:55:26,775 - pyiron_log - INFO - Assigning a channel with the label a to the io key int_input140482147551280__a
2026-03-20 13:55:26,776 - pyiron_log - INFO - Assigning a channel with the label a_list to the io key list_input140482145467904__a_list
2026-03-20 13:55:26,776 - pyiron_log - INFO - Assigning a channel with the label a to the io key int_input140482147551280__a
2026-03-20 13:55:26,776 - pyiron_log - INFO - Assigning a channel with the label a_list to the io key list_input140482145467904__a_list
2026-03-20 13:55:26,776 - pyiron_log - INFO - Assigning a channel with the label df to the io key strains_loop_node140482147936128__df
2026-03-20 14:28:06,965 - pyiron_log - INFO - Assigning a channel with the label n to the io key strains_loop_node__n
2026-03-20 14:28:06,965 - pyiron_log - INFO - Assigning a channel with the label n_list to the io key strains_loop_node__n_list
2026-03-20 14:28:06,966 - pyiron_log - INFO - Assigning a channel with the label n to the io key strains_loop_node__n
2026-03-20 14:28:06,966 - pyiron_log - INFO - Assigning a channel with the label n_list to the io key strains_loop_node__n_list
2026-03-20 14:28:06,966 - pyiron_log - INFO - Assigning a channel with the label n to the io key strains_loop_node__n
2026-03-20 14:28:06,966 - pyiron_log - INFO - Assigning a channel with the label n_list to the io key strains_loop_node__n_list
2026-03-20 14:28:20,023 - pyiron_log - INFO - Assigning a channel with the label n to the io key strains_loop_node__n
2026-03-20 14:28:20,023 - pyiron_log - INFO - Assigning a channel with the label n_list to the io key strains_loop_node__n_list
2026-03-20 14:28:20,023 - pyiron_log - INFO - Assigning a channel with the label n to the io key strains_loop_node__n
2026-03-20 14:28:20,023 - pyiron_log - INFO - Assigning a channel with the label n_list to the io key strains_loop_node__n_list
2026-03-20 14:28:20,023 - pyiron_log - INFO - Assigning a channel with the label n to the io key strains_loop_node__n
2026-03-20 14:28:20,023 - pyiron_log - INFO - Assigning a channel with the label n_list to the io key strains_loop_node__n_list
2026-03-20 15:12:29,091 - pyiron_log - INFO - list_input is already a node; appending an index to the node label instead: list_input0
2026-03-20 15:13:20,112 - pyiron_log - INFO - AppendToList is already a node; appending an index to the node label instead: AppendToList0
2026-03-20 15:13:23,834 - pyiron_log - INFO - AppendToList is already a node; appending an index to the node label instead: AppendToList1
2026-03-20 15:13:52,182 - pyiron_log - INFO - int_input is already a node; appending an index to the node label instead: int_input0
2026-03-20 15:13:52,457 - pyiron_log - INFO - int_input is already a node; appending an index to the node label instead: int_input1
2026-03-20 15:14:16,438 - pyiron_log - INFO - Assigning a channel with the label a_list to the io key list_input0140159222119216__a_list
2026-03-20 15:14:16,438 - pyiron_log - INFO - Assigning a channel with the label new_element to the io key AppendToList140159252403728__new_element
2026-03-20 15:14:16,438 - pyiron_log - INFO - Assigning a channel with the label a to the io key int_input140159215086448__a
2026-03-20 15:14:16,438 - pyiron_log - INFO - Assigning a channel with the label a to the io key int_input0140159252404448__a
2026-03-20 15:14:16,438 - pyiron_log - INFO - Assigning a channel with the label a to the io key int_input1140159222434464__a
2026-03-20 15:14:16,439 - pyiron_log - INFO - Assigning a channel with the label a_list to the io key list_input0140159222119216__a_list
2026-03-20 15:14:16,439 - pyiron_log - INFO - Assigning a channel with the label new_element to the io key AppendToList140159252403728__new_element
2026-03-20 15:14:16,439 - pyiron_log - INFO - Assigning a channel with the label a to the io key int_input140159215086448__a
2026-03-20 15:14:16,439 - pyiron_log - INFO - Assigning a channel with the label a to the io key int_input0140159252404448__a
2026-03-20 15:14:16,439 - pyiron_log - INFO - Assigning a channel with the label a to the io key int_input1140159222434464__a
2026-03-20 15:14:16,439 - pyiron_log - INFO - Assigning a channel with the label a_list to the io key list_input0140159222119216__a_list
2026-03-20 15:14:16,439 - pyiron_log - INFO - Assigning a channel with the label new_element to the io key AppendToList140159252403728__new_element
2026-03-20 15:14:16,439 - pyiron_log - INFO - Assigning a channel with the label a to the io key int_input140159215086448__a
2026-03-20 15:14:16,439 - pyiron_log - INFO - Assigning a channel with the label a to the io key int_input0140159252404448__a
2026-03-20 15:14:16,439 - pyiron_log - INFO - Assigning a channel with the label a to the io key int_input1140159222434464__a
2026-03-20 15:14:16,439 - pyiron_log - INFO - Assigning a channel with the label a_list to the io key list_input0140159222119216__a_list
2026-03-20 15:14:16,439 - pyiron_log - INFO - Assigning a channel with the label new_element to the io key AppendToList140159252403728__new_element
2026-03-20 15:14:16,439 - pyiron_log - INFO - Assigning a channel with the label a to the io key int_input140159215086448__a
2026-03-20 15:14:16,439 - pyiron_log - INFO - Assigning a channel with the label a to the io key int_input0140159252404448__a
2026-03-20 15:14:16,439 - pyiron_log - INFO - Assigning a channel with the label a to the io key int_input1140159222434464__a
2026-03-20 15:14:16,439 - pyiron_log - INFO - Assigning a channel with the label a_list to the io key list_input0140159222119216__a_list
2026-03-20 15:14:16,439 - pyiron_log - INFO - Assigning a channel with the label new_element to the io key AppendToList140159252403728__new_element
2026-03-20 15:14:16,439 - pyiron_log - INFO - Assigning a channel with the label a to the io key int_input140159215086448__a
2026-03-20 15:14:16,439 - pyiron_log - INFO - Assigning a channel with the label a to the io key int_input0140159252404448__a
2026-03-20 15:14:16,439 - pyiron_log - INFO - Assigning a channel with the label a to the io key int_input1140159222434464__a
2026-03-20 15:14:16,439 - pyiron_log - INFO - Assigning a channel with the label a_list to the io key list_input0140159222119216__a_list
2026-03-20 15:14:16,439 - pyiron_log - INFO - Assigning a channel with the label new_element to the io key AppendToList140159252403728__new_element
2026-03-20 15:14:16,439 - pyiron_log - INFO - Assigning a channel with the label a to the io key int_input140159215086448__a
2026-03-20 15:14:16,439 - pyiron_log - INFO - Assigning a channel with the label a to the io key int_input0140159252404448__a
2026-03-20 15:14:16,439 - pyiron_log - INFO - Assigning a channel with the label a to the io key int_input1140159222434464__a
2026-03-20 15:14:16,439 - pyiron_log - INFO - Assigning a channel with the label a_list to the io key list_input0140159222119216__a_list
2026-03-20 15:14:16,439 - pyiron_log - INFO - Assigning a channel with the label new_element to the io key AppendToList140159252403728__new_element
2026-03-20 15:14:16,439 - pyiron_log - INFO - Assigning a channel with the label a to the io key int_input140159215086448__a
2026-03-20 15:14:16,439 - pyiron_log - INFO - Assigning a channel with the label a to the io key int_input0140159252404448__a
2026-03-20 15:14:16,440 - pyiron_log - INFO - Assigning a channel with the label a to the io key int_input1140159222434464__a
2026-03-20 15:14:16,440 - pyiron_log - INFO - Assigning a channel with the label a_list to the io key list_input0140159222119216__a_list
2026-03-20 15:14:16,440 - pyiron_log - INFO - Assigning a channel with the label new_element to the io key AppendToList140159252403728__new_element
2026-03-20 15:14:16,440 - pyiron_log - INFO - Assigning a channel with the label a to the io key int_input140159215086448__a
2026-03-20 15:14:16,440 - pyiron_log - INFO - Assigning a channel with the label a to the io key int_input0140159252404448__a
2026-03-20 15:14:16,440 - pyiron_log - INFO - Assigning a channel with the label a to the io key int_input1140159222434464__a
2026-03-20 15:14:16,440 - pyiron_log - INFO - Assigning a channel with the label a_list to the io key list_input0140159222119216__a_list
2026-03-20 15:14:16,440 - pyiron_log - INFO - Assigning a channel with the label new_element to the io key AppendToList140159252403728__new_element
2026-03-20 15:14:16,440 - pyiron_log - INFO - Assigning a channel with the label a to the io key int_input140159215086448__a
2026-03-20 15:14:16,440 - pyiron_log - INFO - Assigning a channel with the label a to the io key int_input0140159252404448__a
2026-03-20 15:14:16,440 - pyiron_log - INFO - Assigning a channel with the label a to the io key int_input1140159222434464__a
2026-03-20 15:14:16,440 - pyiron_log - INFO - Assigning a channel with the label a_list to the io key list_input0140159222119216__a_list
2026-03-20 15:14:16,440 - pyiron_log - INFO - Assigning a channel with the label new_element to the io key AppendToList140159252403728__new_element
2026-03-20 15:14:16,440 - pyiron_log - INFO - Assigning a channel with the label a to the io key int_input140159215086448__a
2026-03-20 15:14:16,440 - pyiron_log - INFO - Assigning a channel with the label a to the io key int_input0140159252404448__a
2026-03-20 15:14:16,440 - pyiron_log - INFO - Assigning a channel with the label a to the io key int_input1140159222434464__a
2026-03-20 15:14:57,600 - pyiron_log - INFO - Assigning a channel with the label a_list to the io key list_input0140159222119216__a_list
2026-03-20 15:14:57,600 - pyiron_log - INFO - Assigning a channel with the label existing to the io key AppendToList140159252403728__existing
2026-03-20 15:14:57,600 - pyiron_log - INFO - Assigning a channel with the label a to the io key int_input140159215086448__a
2026-03-20 15:14:57,600 - pyiron_log - INFO - Assigning a channel with the label a to the io key int_input0140159252404448__a
2026-03-20 15:14:57,600 - pyiron_log - INFO - Assigning a channel with the label a to the io key int_input1140159222434464__a
2026-03-20 15:14:57,600 - pyiron_log - INFO - Assigning a channel with the label a_list to the io key list_input0140159222119216__a_list
2026-03-20 15:14:57,600 - pyiron_log - INFO - Assigning a channel with the label existing to the io key AppendToList140159252403728__existing
2026-03-20 15:14:57,600 - pyiron_log - INFO - Assigning a channel with the label a to the io key int_input140159215086448__a
2026-03-20 15:14:57,600 - pyiron_log - INFO - Assigning a channel with the label a to the io key int_input0140159252404448__a
2026-03-20 15:14:57,600 - pyiron_log - INFO - Assigning a channel with the label a to the io key int_input1140159222434464__a
2026-03-20 15:14:57,600 - pyiron_log - INFO - Assigning a channel with the label a_list to the io key list_input0140159222119216__a_list
2026-03-20 15:14:57,600 - pyiron_log - INFO - Assigning a channel with the label existing to the io key AppendToList140159252403728__existing
2026-03-20 15:14:57,600 - pyiron_log - INFO - Assigning a channel with the label a to the io key int_input140159215086448__a
2026-03-20 15:14:57,600 - pyiron_log - INFO - Assigning a channel with the label a to the io key int_input0140159252404448__a
2026-03-20 15:14:57,600 - pyiron_log - INFO - Assigning a channel with the label a to the io key int_input1140159222434464__a
2026-03-20 15:14:57,600 - pyiron_log - INFO - Assigning a channel with the label a_list to the io key list_input0140159222119216__a_list
2026-03-20 15:14:57,600 - pyiron_log - INFO - Assigning a channel with the label existing to the io key AppendToList140159252403728__existing
2026-03-20 15:14:57,600 - pyiron_log - INFO - Assigning a channel with the label a to the io key int_input140159215086448__a
2026-03-20 15:14:57,600 - pyiron_log - INFO - Assigning a channel with the label a to the io key int_input0140159252404448__a
2026-03-20 15:14:57,600 - pyiron_log - INFO - Assigning a channel with the label a to the io key int_input1140159222434464__a
2026-03-20 15:14:57,601 - pyiron_log - INFO - Assigning a channel with the label a_list to the io key list_input0140159222119216__a_list
2026-03-20 15:14:57,601 - pyiron_log - INFO - Assigning a channel with the label existing to the io key AppendToList140159252403728__existing
2026-03-20 15:14:57,601 - pyiron_log - INFO - Assigning a channel with the label a to the io key int_input140159215086448__a
2026-03-20 15:14:57,601 - pyiron_log - INFO - Assigning a channel with the label a to the io key int_input0140159252404448__a
2026-03-20 15:14:57,601 - pyiron_log - INFO - Assigning a channel with the label a to the io key int_input1140159222434464__a
2026-03-20 15:14:57,601 - pyiron_log - INFO - Assigning a channel with the label a_list to the io key list_input0140159222119216__a_list
2026-03-20 15:14:57,601 - pyiron_log - INFO - Assigning a channel with the label existing to the io key AppendToList140159252403728__existing
2026-03-20 15:14:57,601 - pyiron_log - INFO - Assigning a channel with the label a to the io key int_input140159215086448__a
2026-03-20 15:14:57,601 - pyiron_log - INFO - Assigning a channel with the label a to the io key int_input0140159252404448__a
2026-03-20 15:14:57,601 - pyiron_log - INFO - Assigning a channel with the label a to the io key int_input1140159222434464__a
2026-03-20 15:14:57,601 - pyiron_log - INFO - Assigning a channel with the label df to the io key strains_loop_test140159959498672__df
2026-03-20 15:29:49,200 - pyiron_log - INFO - Assigning a channel with the label a_list to the io key list_input140335615772096__a_list
2026-03-20 15:29:49,200 - pyiron_log - INFO - Assigning a channel with the label a_list to the io key list_input140335615772096__a_list
2026-03-20 15:29:49,201 - pyiron_log - INFO - Assigning a channel with the label a_list to the io key list_input140335615772096__a_list
2026-03-20 15:29:49,201 - pyiron_log - INFO - Assigning a channel with the label a_list to the io key list_input140335615772096__a_list
2026-03-20 15:29:49,201 - pyiron_log - INFO - Assigning a channel with the label a_list to the io key list_input140335615772096__a_list
2026-03-20 15:29:49,201 - pyiron_log - INFO - Assigning a channel with the label a_list to the io key list_input140335615772096__a_list
2026-03-20 15:29:49,201 - pyiron_log - INFO - Assigning a channel with the label df to the io key strains_loop_test140335610848768__df
2026-03-20 15:39:05,713 - pyiron_log - INFO - Assigning a channel with the label a_list to the io key list_input140733110802896__a_list
2026-03-20 15:39:05,713 - pyiron_log - INFO - Assigning a channel with the label a_list to the io key list_input140733110802896__a_list
2026-03-20 15:39:05,714 - pyiron_log - INFO - Assigning a channel with the label a_list to the io key list_input140733110802896__a_list
2026-03-20 15:39:05,714 - pyiron_log - INFO - Assigning a channel with the label a_list to the io key list_input140733110802896__a_list
2026-03-20 15:39:05,714 - pyiron_log - INFO - Assigning a channel with the label a_list to the io key list_input140733110802896__a_list
2026-03-20 15:39:05,714 - pyiron_log - INFO - Assigning a channel with the label a_list to the io key list_input140733110802896__a_list
2026-03-20 15:39:05,714 - pyiron_log - INFO - Assigning a channel with the label df to the io key strains_loop_test140736149765248__df
2026-03-20 15:40:37,264 - pyiron_log - INFO - Assigning a channel with the label a_list to the io key list_input140087182149392__a_list
2026-03-20 15:40:37,264 - pyiron_log - INFO - Assigning a channel with the label a_list to the io key list_input140087182149392__a_list
2026-03-20 15:40:37,264 - pyiron_log - INFO - Assigning a channel with the label a_list to the io key list_input140087182149392__a_list
2026-03-20 15:40:37,264 - pyiron_log - INFO - Assigning a channel with the label a_list to the io key list_input140087182149392__a_list
2026-03-20 15:40:37,264 - pyiron_log - INFO - Assigning a channel with the label a_list to the io key list_input140087182149392__a_list
2026-03-20 15:40:37,264 - pyiron_log - INFO - Assigning a channel with the label a_list to the io key list_input140087182149392__a_list
2026-03-20 15:40:37,264 - pyiron_log - INFO - Assigning a channel with the label df to the io key strains_loop_test140084489837728__df
2026-03-20 15:46:53,076 - pyiron_log - INFO - list_input is already a node; appending an index to the node label instead: list_input0
2026-03-20 15:47:21,003 - pyiron_log - INFO - Assigning a channel with the label n to the io key strains_loop_test__n
2026-03-20 15:47:21,003 - pyiron_log - INFO - Assigning a channel with the label n_list to the io key strains_loop_test__n_list
2026-03-20 15:47:21,004 - pyiron_log - INFO - Assigning a channel with the label a_list to the io key list_input__a_list
2026-03-20 15:47:21,004 - pyiron_log - INFO - Assigning a channel with the label a_list to the io key list_input0139998356213440__a_list
2026-03-20 15:47:21,004 - pyiron_log - INFO - Assigning a channel with the label n to the io key strains_loop_test__n
2026-03-20 15:47:21,004 - pyiron_log - INFO - Assigning a channel with the label n_list to the io key strains_loop_test__n_list
2026-03-20 15:47:21,004 - pyiron_log - INFO - Assigning a channel with the label a_list to the io key list_input__a_list
2026-03-20 15:47:21,004 - pyiron_log - INFO - Assigning a channel with the label a_list to the io key list_input0139998356213440__a_list
2026-03-20 15:47:21,004 - pyiron_log - INFO - Assigning a channel with the label n to the io key strains_loop_test__n
2026-03-20 15:47:21,004 - pyiron_log - INFO - Assigning a channel with the label n_list to the io key strains_loop_test__n_list
2026-03-20 15:47:21,004 - pyiron_log - INFO - Assigning a channel with the label a_list to the io key list_input__a_list
2026-03-20 15:47:21,004 - pyiron_log - INFO - Assigning a channel with the label a_list to the io key list_input0139998356213440__a_list
2026-03-20 15:47:21,004 - pyiron_log - INFO - Assigning a channel with the label n to the io key strains_loop_test__n
2026-03-20 15:47:21,004 - pyiron_log - INFO - Assigning a channel with the label n_list to the io key strains_loop_test__n_list
2026-03-20 15:47:21,004 - pyiron_log - INFO - Assigning a channel with the label a_list to the io key list_input__a_list
2026-03-20 15:47:21,004 - pyiron_log - INFO - Assigning a channel with the label a_list to the io key list_input0139998356213440__a_list
2026-03-20 15:47:21,004 - pyiron_log - INFO - Assigning a channel with the label n to the io key strains_loop_test__n
2026-03-20 15:47:21,004 - pyiron_log - INFO - Assigning a channel with the label n_list to the io key strains_loop_test__n_list
2026-03-20 15:47:21,004 - pyiron_log - INFO - Assigning a channel with the label a_list to the io key list_input__a_list
2026-03-20 15:47:21,004 - pyiron_log - INFO - Assigning a channel with the label a_list to the io key list_input0139998356213440__a_list
2026-03-20 15:47:21,004 - pyiron_log - INFO - Assigning a channel with the label n to the io key strains_loop_test__n
2026-03-20 15:47:21,004 - pyiron_log - INFO - Assigning a channel with the label n_list to the io key strains_loop_test__n_list
2026-03-20 15:47:21,004 - pyiron_log - INFO - Assigning a channel with the label a_list to the io key list_input__a_list
2026-03-20 15:47:21,004 - pyiron_log - INFO - Assigning a channel with the label a_list to the io key list_input0139998356213440__a_list
2026-03-20 15:47:21,004 - pyiron_log - INFO - Assigning a channel with the label n to the io key strains_loop_test__n
2026-03-20 15:47:21,005 - pyiron_log - INFO - Assigning a channel with the label n_list to the io key strains_loop_test__n_list
2026-03-20 15:47:21,005 - pyiron_log - INFO - Assigning a channel with the label a_list to the io key list_input__a_list
2026-03-20 15:47:21,005 - pyiron_log - INFO - Assigning a channel with the label a_list to the io key list_input0139998356213440__a_list
2026-03-20 15:47:21,005 - pyiron_log - INFO - Assigning a channel with the label n to the io key strains_loop_test__n
2026-03-20 15:47:21,005 - pyiron_log - INFO - Assigning a channel with the label n_list to the io key strains_loop_test__n_list
2026-03-20 15:47:21,005 - pyiron_log - INFO - Assigning a channel with the label a_list to the io key list_input__a_list
2026-03-20 15:47:21,005 - pyiron_log - INFO - Assigning a channel with the label a_list to the io key list_input0139998356213440__a_list
2026-03-20 15:47:21,005 - pyiron_log - INFO - Assigning a channel with the label n to the io key strains_loop_test__n
2026-03-20 15:47:21,005 - pyiron_log - INFO - Assigning a channel with the label n_list to the io key strains_loop_test__n_list
2026-03-20 15:47:21,005 - pyiron_log - INFO - Assigning a channel with the label a_list to the io key list_input__a_list
2026-03-20 15:47:21,005 - pyiron_log - INFO - Assigning a channel with the label a_list to the io key list_input0139998356213440__a_list
2026-03-20 15:47:21,005 - pyiron_log - INFO - Assigning a channel with the label n to the io key strains_loop_test__n
2026-03-20 15:47:21,005 - pyiron_log - INFO - Assigning a channel with the label n_list to the io key strains_loop_test__n_list
2026-03-20 15:47:21,005 - pyiron_log - INFO - Assigning a channel with the label a_list to the io key list_input__a_list
2026-03-20 15:47:21,005 - pyiron_log - INFO - Assigning a channel with the label a_list to the io key list_input0139998356213440__a_list
2026-03-20 15:47:44,881 - pyiron_log - INFO - Assigning a channel with the label a_list to the io key list_input__a_list
2026-03-20 15:47:44,881 - pyiron_log - INFO - Assigning a channel with the label a_list to the io key list_input0139998356213440__a_list
2026-03-20 15:47:44,881 - pyiron_log - INFO - Assigning a channel with the label a_list to the io key list_input__a_list
2026-03-20 15:47:44,881 - pyiron_log - INFO - Assigning a channel with the label a_list to the io key list_input0139998356213440__a_list
2026-03-20 15:47:44,881 - pyiron_log - INFO - Assigning a channel with the label a_list to the io key list_input__a_list
2026-03-20 15:47:44,881 - pyiron_log - INFO - Assigning a channel with the label a_list to the io key list_input0139998356213440__a_list
2026-03-20 15:47:44,881 - pyiron_log - INFO - Assigning a channel with the label a_list to the io key list_input__a_list
2026-03-20 15:47:44,881 - pyiron_log - INFO - Assigning a channel with the label a_list to the io key list_input0139998356213440__a_list
2026-03-20 15:47:44,881 - pyiron_log - INFO - Assigning a channel with the label a_list to the io key list_input__a_list
2026-03-20 15:47:44,881 - pyiron_log - INFO - Assigning a channel with the label a_list to the io key list_input0139998356213440__a_list
2026-03-20 15:47:44,881 - pyiron_log - INFO - Assigning a channel with the label a_list to the io key list_input__a_list
2026-03-20 15:47:44,881 - pyiron_log - INFO - Assigning a channel with the label a_list to the io key list_input0139998356213440__a_list
2026-03-20 15:47:44,882 - pyiron_log - INFO - Assigning a channel with the label df to the io key strains_loop_test__df
2026-03-20 15:47:44,882 - pyiron_log - INFO - Assigning a channel with the label df to the io key strains_loop_real_test139999063559536__df
2026-03-20 15:47:47,608 - pyiron_log - INFO - Assigning a channel with the label a_list to the io key list_input__a_list
2026-03-20 15:47:47,608 - pyiron_log - INFO - Assigning a channel with the label a_list to the io key list_input0139998356213440__a_list
2026-03-20 15:47:47,608 - pyiron_log - INFO - Assigning a channel with the label a_list to the io key list_input__a_list
2026-03-20 15:47:47,608 - pyiron_log - INFO - Assigning a channel with the label a_list to the io key list_input0139998356213440__a_list
2026-03-20 15:47:47,608 - pyiron_log - INFO - Assigning a channel with the label a_list to the io key list_input__a_list
2026-03-20 15:47:47,608 - pyiron_log - INFO - Assigning a channel with the label a_list to the io key list_input0139998356213440__a_list
2026-03-20 15:47:47,608 - pyiron_log - INFO - Assigning a channel with the label a_list to the io key list_input__a_list
2026-03-20 15:47:47,608 - pyiron_log - INFO - Assigning a channel with the label a_list to the io key list_input0139998356213440__a_list
2026-03-20 15:47:47,608 - pyiron_log - INFO - Assigning a channel with the label df to the io key strains_loop_test__df
2026-03-20 15:47:47,608 - pyiron_log - INFO - Assigning a channel with the label df to the io key strains_loop_real_test139999063559536__df
2026-03-20 15:47:53,023 - pyiron_log - INFO - Assigning a channel with the label a_list to the io key list_input139999105643008__a_list
2026-03-20 15:47:53,024 - pyiron_log - INFO - Assigning a channel with the label a_list to the io key list_input0__a_list
2026-03-20 15:47:53,024 - pyiron_log - INFO - Assigning a channel with the label a_list to the io key list_input139999105643008__a_list
2026-03-20 15:47:53,024 - pyiron_log - INFO - Assigning a channel with the label a_list to the io key list_input0__a_list
2026-03-20 15:47:53,024 - pyiron_log - INFO - Assigning a channel with the label a_list to the io key list_input139999105643008__a_list
2026-03-20 15:47:53,024 - pyiron_log - INFO - Assigning a channel with the label a_list to the io key list_input0__a_list
2026-03-20 15:47:53,024 - pyiron_log - INFO - Assigning a channel with the label a_list to the io key list_input139999105643008__a_list
2026-03-20 15:47:53,024 - pyiron_log - INFO - Assigning a channel with the label a_list to the io key list_input0__a_list
2026-03-20 15:47:53,024 - pyiron_log - INFO - Assigning a channel with the label a_list to the io key list_input139999105643008__a_list
2026-03-20 15:47:53,024 - pyiron_log - INFO - Assigning a channel with the label a_list to the io key list_input0__a_list
2026-03-20 15:47:53,024 - pyiron_log - INFO - Assigning a channel with the label a_list to the io key list_input139999105643008__a_list
2026-03-20 15:47:53,024 - pyiron_log - INFO - Assigning a channel with the label a_list to the io key list_input0__a_list
2026-03-20 15:47:53,025 - pyiron_log - INFO - Assigning a channel with the label df to the io key strains_loop_test139998368263552__df
2026-03-20 15:47:53,025 - pyiron_log - INFO - Assigning a channel with the label df to the io key strains_loop_real_test__df
2026-03-20 15:47:57,497 - pyiron_log - INFO - Assigning a channel with the label a_list to the io key list_input__a_list
2026-03-20 15:47:57,497 - pyiron_log - INFO - Assigning a channel with the label a_list to the io key list_input0139998356213440__a_list
2026-03-20 15:47:57,497 - pyiron_log - INFO - Assigning a channel with the label a_list to the io key list_input__a_list
2026-03-20 15:47:57,497 - pyiron_log - INFO - Assigning a channel with the label a_list to the io key list_input0139998356213440__a_list
2026-03-20 15:47:57,497 - pyiron_log - INFO - Assigning a channel with the label a_list to the io key list_input__a_list
2026-03-20 15:47:57,498 - pyiron_log - INFO - Assigning a channel with the label a_list to the io key list_input0139998356213440__a_list
2026-03-20 15:47:57,498 - pyiron_log - INFO - Assigning a channel with the label a_list to the io key list_input__a_list
2026-03-20 15:47:57,498 - pyiron_log - INFO - Assigning a channel with the label a_list to the io key list_input0139998356213440__a_list
2026-03-20 15:47:57,498 - pyiron_log - INFO - Assigning a channel with the label a_list to the io key list_input__a_list
2026-03-20 15:47:57,498 - pyiron_log - INFO - Assigning a channel with the label a_list to the io key list_input0139998356213440__a_list
2026-03-20 15:47:57,498 - pyiron_log - INFO - Assigning a channel with the label a_list to the io key list_input__a_list
2026-03-20 15:47:57,498 - pyiron_log - INFO - Assigning a channel with the label a_list to the io key list_input0139998356213440__a_list
2026-03-20 15:47:57,498 - pyiron_log - INFO - Assigning a channel with the label df to the io key strains_loop_test__df
2026-03-20 15:47:57,498 - pyiron_log - INFO - Assigning a channel with the label df to the io key strains_loop_real_test139999063559536__df
2026-03-20 15:49:48,249 - pyiron_log - INFO - Assigning a channel with the label a_list to the io key list_input140718473425984__a_list
2026-03-20 15:49:48,250 - pyiron_log - INFO - Assigning a channel with the label a_list to the io key list_input140718473425984__a_list
2026-03-20 15:49:48,250 - pyiron_log - INFO - Assigning a channel with the label a_list to the io key list_input140718473425984__a_list
2026-03-20 15:49:48,250 - pyiron_log - INFO - Assigning a channel with the label a_list to the io key list_input140718473425984__a_list
2026-03-20 15:49:48,250 - pyiron_log - INFO - Assigning a channel with the label a_list to the io key list_input140718473425984__a_list
2026-03-20 15:49:48,250 - pyiron_log - INFO - Assigning a channel with the label a_list to the io key list_input140718473425984__a_list
2026-03-20 15:49:48,250 - pyiron_log - INFO - Assigning a channel with the label df to the io key strains_loop_real_test140717727775344__df
2026-03-20 15:50:24,897 - pyiron_log - INFO - Assigning a channel with the label a_list to the io key list_input140718473425984__a_list
2026-03-20 15:50:24,897 - pyiron_log - INFO - Assigning a channel with the label a_list to the io key list_input140718473425984__a_list
2026-03-20 15:50:24,897 - pyiron_log - INFO - Assigning a channel with the label a_list to the io key list_input140718473425984__a_list
2026-03-20 15:50:24,898 - pyiron_log - INFO - Assigning a channel with the label a_list to the io key list_input140718473425984__a_list
2026-03-20 15:50:24,898 - pyiron_log - INFO - Assigning a channel with the label df to the io key strains_loop_real_test140717727775344__df
2026-03-20 15:51:23,947 - pyiron_log - INFO - Assigning a channel with the label a_list to the io key list_input140717618939328__a_list
2026-03-20 15:51:23,947 - pyiron_log - INFO - Assigning a channel with the label a_list to the io key list_input140717618939328__a_list
2026-03-20 15:51:23,947 - pyiron_log - INFO - Assigning a channel with the label a_list to the io key list_input140717618939328__a_list
2026-03-20 15:51:23,947 - pyiron_log - INFO - Assigning a channel with the label a_list to the io key list_input140717618939328__a_list
2026-03-20 15:51:23,947 - pyiron_log - INFO - Assigning a channel with the label a_list to the io key list_input140717618939328__a_list
2026-03-20 15:51:23,947 - pyiron_log - INFO - Assigning a channel with the label a_list to the io key list_input140717618939328__a_list
2026-03-20 15:51:23,947 - pyiron_log - INFO - Assigning a channel with the label df to the io key strains_loop_test140718473728880__df
2026-03-20 15:52:35,372 - pyiron_log - INFO - list_input is already a node; appending an index to the node label instead: list_input0
2026-03-20 15:53:32,983 - pyiron_log - INFO - cellpar is already a node; appending an index to the node label instead: cellpar0
2026-03-20 15:53:54,040 - pyiron_log - INFO - Assigning a channel with the label a_list to the io key list_input140314727871024__a_list
2026-03-20 15:53:54,040 - pyiron_log - INFO - Assigning a channel with the label a_list to the io key list_input140314727871024__a_list
2026-03-20 15:53:54,040 - pyiron_log - INFO - Assigning a channel with the label a_list to the io key list_input140314727871024__a_list
2026-03-20 15:53:54,040 - pyiron_log - INFO - Assigning a channel with the label a_list to the io key list_input140314727871024__a_list
2026-03-20 15:53:54,040 - pyiron_log - INFO - Assigning a channel with the label a_list to the io key list_input140314727871024__a_list
2026-03-20 15:53:54,040 - pyiron_log - INFO - Assigning a channel with the label a_list to the io key list_input140314727871024__a_list
2026-03-20 15:53:54,041 - pyiron_log - INFO - Assigning a channel with the label df to the io key strains_loop_test140313990900400__df
2026-03-20 15:54:11,583 - pyiron_log - INFO - Assigning a channel with the label a_list to the io key list_input140314727871024__a_list
2026-03-20 15:54:11,583 - pyiron_log - INFO - Assigning a channel with the label a_list to the io key list_input140314727871024__a_list
2026-03-20 15:54:11,583 - pyiron_log - INFO - Assigning a channel with the label a_list to the io key list_input140314727871024__a_list
2026-03-20 15:54:11,583 - pyiron_log - INFO - Assigning a channel with the label a_list to the io key list_input140314727871024__a_list
2026-03-20 15:54:11,584 - pyiron_log - INFO - Assigning a channel with the label df to the io key strains_loop_test140313990900400__df
2026-03-20 15:56:06,900 - pyiron_log - INFO - Assigning a channel with the label df to the io key strains_loop_test140265388270528__df
2026-03-20 15:57:38,044 - pyiron_log - INFO - Assigning a channel with the label a_list to the io key list_input140481749061840__a_list
2026-03-20 15:57:38,044 - pyiron_log - INFO - Assigning a channel with the label a_list to the io key list_input140481749061840__a_list
2026-03-20 15:57:38,045 - pyiron_log - INFO - Assigning a channel with the label a_list to the io key list_input140481749061840__a_list
2026-03-20 15:57:38,045 - pyiron_log - INFO - Assigning a channel with the label a_list to the io key list_input140481749061840__a_list
2026-03-20 15:57:38,045 - pyiron_log - INFO - Assigning a channel with the label a_list to the io key list_input140481749061840__a_list
2026-03-20 15:57:38,045 - pyiron_log - INFO - Assigning a channel with the label a_list to the io key list_input140481749061840__a_list
2026-03-20 15:57:38,045 - pyiron_log - INFO - Assigning a channel with the label df to the io key strains_loop_real_test140481015896192__df
2026-03-20 15:57:52,107 - pyiron_log - INFO - Assigning a channel with the label a_list to the io key list_input140481749061840__a_list
2026-03-20 15:57:52,108 - pyiron_log - INFO - Assigning a channel with the label a_list to the io key list_input140481749061840__a_list
2026-03-20 15:57:52,108 - pyiron_log - INFO - Assigning a channel with the label a_list to the io key list_input140481749061840__a_list
2026-03-20 15:57:52,108 - pyiron_log - INFO - Assigning a channel with the label a_list to the io key list_input140481749061840__a_list
2026-03-20 15:57:52,108 - pyiron_log - INFO - Assigning a channel with the label df to the io key strains_loop_real_test140481015896192__df
2026-03-20 15:58:52,713 - pyiron_log - INFO - Assigning a channel with the label a_list to the io key list_input140481749061840__a_list
2026-03-20 15:58:52,714 - pyiron_log - INFO - Assigning a channel with the label a_list to the io key list_input140481749061840__a_list
2026-03-20 15:58:52,714 - pyiron_log - INFO - Assigning a channel with the label a_list to the io key list_input140481749061840__a_list
2026-03-20 15:58:52,714 - pyiron_log - INFO - Assigning a channel with the label a_list to the io key list_input140481749061840__a_list
2026-03-20 15:58:52,714 - pyiron_log - INFO - Assigning a channel with the label df to the io key strains_loop_real_test140481015896192__df
2026-03-20 16:01:51,092 - pyiron_log - INFO - Assigning a channel with the label a_list to the io key list_input140663913104160__a_list
2026-03-20 16:01:51,092 - pyiron_log - INFO - Assigning a channel with the label a_list to the io key list_input140663913104160__a_list
2026-03-20 16:01:51,092 - pyiron_log - INFO - Assigning a channel with the label a_list to the io key list_input140663913104160__a_list
2026-03-20 16:01:51,092 - pyiron_log - INFO - Assigning a channel with the label a_list to the io key list_input140663913104160__a_list
2026-03-20 16:01:51,092 - pyiron_log - INFO - Assigning a channel with the label a_list to the io key list_input140663913104160__a_list
2026-03-20 16:01:51,092 - pyiron_log - INFO - Assigning a channel with the label a_list to the io key list_input140663913104160__a_list
2026-03-20 16:01:51,093 - pyiron_log - INFO - Assigning a channel with the label df to the io key strains_loop_test140667629469520__df
2026-03-27 09:13:34,609 - pyiron_log - INFO - Assigning a channel with the label a to the io key add1__a
2026-03-27 09:13:34,610 - pyiron_log - INFO - Assigning a channel with the label a to the io key add1__a
2026-03-27 09:13:34,610 - pyiron_log - INFO - Assigning a channel with the label a to the io key add1__a
2026-03-27 09:13:34,610 - pyiron_log - INFO - Assigning a channel with the label a to the io key add1__a
2026-03-27 09:13:34,610 - pyiron_log - INFO - Assigning a channel with the label a to the io key add1__a
2026-03-27 09:13:34,610 - pyiron_log - INFO - Assigning a channel with the label a to the io key add1__a
2026-03-27 09:13:34,610 - pyiron_log - INFO - Assigning a channel with the label out to the io key add1__out
2026-03-27 09:13:59,675 - pyiron_log - INFO - Assigning a channel with the label a to the io key add1__a
2026-03-27 09:13:59,675 - pyiron_log - INFO - Assigning a channel with the label a to the io key add1__a
2026-03-27 09:13:59,675 - pyiron_log - INFO - Assigning a channel with the label a to the io key add1__a
2026-03-27 09:13:59,675 - pyiron_log - INFO - Assigning a channel with the label a to the io key add1__a
2026-03-27 09:13:59,675 - pyiron_log - INFO - Assigning a channel with the label a to the io key add1__a
2026-03-27 09:13:59,675 - pyiron_log - INFO - Assigning a channel with the label a to the io key add1__a
2026-03-27 09:13:59,675 - pyiron_log - INFO - Assigning a channel with the label out to the io key add2__out
2026-03-27 09:15:04,071 - pyiron_log - INFO - Assigning a channel with the label a to the io key add1__a
2026-03-27 09:15:04,071 - pyiron_log - INFO - Assigning a channel with the label a to the io key add1__a
2026-03-27 09:15:04,071 - pyiron_log - INFO - Assigning a channel with the label a to the io key add1__a
2026-03-27 09:15:04,071 - pyiron_log - INFO - Assigning a channel with the label a to the io key add1__a
2026-03-27 09:15:04,071 - pyiron_log - INFO - Assigning a channel with the label a to the io key add1__a
2026-03-27 09:15:04,071 - pyiron_log - INFO - Assigning a channel with the label a to the io key add1__a
2026-03-27 09:15:04,071 - pyiron_log - INFO - Assigning a channel with the label out to the io key add2__out
2026-03-27 09:17:53,783 - pyiron_log - INFO - Assigning a channel with the label n to the io key macro__n
2026-03-27 09:17:53,783 - pyiron_log - INFO - Assigning a channel with the label n to the io key macro__n
2026-03-27 09:17:53,783 - pyiron_log - INFO - Assigning a channel with the label n to the io key macro__n
2026-03-27 09:17:53,784 - pyiron_log - INFO - Assigning a channel with the label n to the io key macro__n
2026-03-27 09:17:53,784 - pyiron_log - INFO - Assigning a channel with the label n to the io key macro__n
2026-03-27 09:17:53,784 - pyiron_log - INFO - Assigning a channel with the label n to the io key macro__n
2026-03-27 09:17:53,784 - pyiron_log - INFO - Assigning a channel with the label add2 to the io key macro__add2
2026-03-27 09:17:59,082 - pyiron_log - INFO - Assigning a channel with the label n to the io key macro__n
2026-03-27 09:17:59,082 - pyiron_log - INFO - Assigning a channel with the label n to the io key macro__n
2026-03-27 09:17:59,082 - pyiron_log - INFO - Assigning a channel with the label n to the io key macro__n
2026-03-27 09:17:59,082 - pyiron_log - INFO - Assigning a channel with the label n to the io key macro__n
2026-03-27 09:17:59,082 - pyiron_log - INFO - Assigning a channel with the label n to the io key macro__n
2026-03-27 09:17:59,082 - pyiron_log - INFO - Assigning a channel with the label n to the io key macro__n
2026-03-27 09:17:59,083 - pyiron_log - INFO - Assigning a channel with the label add2 to the io key macro__add2
2026-03-27 09:21:01,436 - pyiron_log - INFO - Assigning a channel with the label n to the io key macro__n
2026-03-27 09:21:01,436 - pyiron_log - INFO - Assigning a channel with the label n to the io key macro__n
2026-03-27 09:21:01,436 - pyiron_log - INFO - Assigning a channel with the label n to the io key macro__n
2026-03-27 09:21:01,436 - pyiron_log - INFO - Assigning a channel with the label n to the io key macro__n
2026-03-27 09:21:01,436 - pyiron_log - INFO - Assigning a channel with the label n to the io key macro__n
2026-03-27 09:21:01,436 - pyiron_log - INFO - Assigning a channel with the label n to the io key macro__n
2026-03-27 09:21:01,436 - pyiron_log - INFO - Assigning a channel with the label n to the io key macro__n
2026-03-27 09:21:01,436 - pyiron_log - INFO - Assigning a channel with the label n to the io key macro__n
2026-03-27 09:21:01,436 - pyiron_log - INFO - Assigning a channel with the label n to the io key macro__n
2026-03-27 09:21:01,436 - pyiron_log - INFO - Assigning a channel with the label n to the io key macro__n
2026-03-27 09:21:34,493 - pyiron_log - INFO - Assigning a channel with the label n to the io key macro__n
2026-03-27 09:21:34,493 - pyiron_log - INFO - Assigning a channel with the label n to the io key macro__n
2026-03-27 09:21:34,493 - pyiron_log - INFO - Assigning a channel with the label n to the io key macro__n
2026-03-27 09:21:34,493 - pyiron_log - INFO - Assigning a channel with the label n to the io key macro__n
2026-03-27 09:21:34,493 - pyiron_log - INFO - Assigning a channel with the label n to the io key macro__n
2026-03-27 09:21:34,493 - pyiron_log - INFO - Assigning a channel with the label n to the io key macro__n
2026-03-27 09:21:34,493 - pyiron_log - INFO - Assigning a channel with the label n to the io key macro__n
2026-03-27 09:21:34,493 - pyiron_log - INFO - Assigning a channel with the label n to the io key macro__n
2026-03-27 09:21:34,493 - pyiron_log - INFO - Assigning a channel with the label n to the io key macro__n
2026-03-27 09:21:34,493 - pyiron_log - INFO - Assigning a channel with the label n to the io key macro__n
2026-03-27 09:25:45,152 - pyiron_log - INFO - Assigning a channel with the label n to the io key loop__n
2026-03-27 09:25:45,152 - pyiron_log - INFO - Assigning a channel with the label n to the io key loop__n
2026-03-27 09:25:45,152 - pyiron_log - INFO - Assigning a channel with the label n to the io key loop__n
2026-03-27 09:25:45,152 - pyiron_log - INFO - Assigning a channel with the label n to the io key loop__n
2026-03-27 09:25:45,152 - pyiron_log - INFO - Assigning a channel with the label n to the io key loop__n
2026-03-27 09:25:45,152 - pyiron_log - INFO - Assigning a channel with the label n to the io key loop__n
2026-03-27 09:25:45,171 - pyiron_log - INFO - Assigning a channel with the label df to the io key loop__df
2026-03-27 09:25:52,488 - pyiron_log - INFO - Assigning a channel with the label n to the io key loop__n
2026-03-27 09:25:52,488 - pyiron_log - INFO - Assigning a channel with the label n to the io key loop__n
2026-03-27 09:25:52,488 - pyiron_log - INFO - Assigning a channel with the label n to the io key loop__n
2026-03-27 09:25:52,488 - pyiron_log - INFO - Assigning a channel with the label n to the io key loop__n
2026-03-27 09:25:52,488 - pyiron_log - INFO - Assigning a channel with the label n to the io key loop__n
2026-03-27 09:25:52,488 - pyiron_log - INFO - Assigning a channel with the label n to the io key loop__n
2026-03-27 09:25:52,506 - pyiron_log - INFO - Assigning a channel with the label n to the io key loop__n
2026-03-27 09:25:52,506 - pyiron_log - INFO - Assigning a channel with the label add2 to the io key loop__add2
2026-03-27 09:29:05,357 - pyiron_log - INFO - Assigning a channel with the label list_n to the io key max__list_n
2026-03-27 09:29:05,358 - pyiron_log - INFO - Assigning a channel with the label list_n to the io key max__list_n
2026-03-27 09:29:05,358 - pyiron_log - INFO - Assigning a channel with the label list_n to the io key max__list_n
2026-03-27 09:29:05,358 - pyiron_log - INFO - Assigning a channel with the label list_n to the io key max__list_n
2026-03-27 09:29:05,358 - pyiron_log - INFO - Assigning a channel with the label list_n to the io key max__list_n
2026-03-27 09:29:05,358 - pyiron_log - INFO - Assigning a channel with the label list_n to the io key max__list_n
2026-03-27 09:29:05,358 - pyiron_log - INFO - Assigning a channel with the label max(list_n) to the io key max__max(list_n)
2026-03-27 09:29:13,298 - pyiron_log - INFO - Assigning a channel with the label list_n to the io key max__list_n
2026-03-27 09:29:13,298 - pyiron_log - INFO - Assigning a channel with the label list_n to the io key max__list_n
2026-03-27 09:29:13,298 - pyiron_log - INFO - Assigning a channel with the label list_n to the io key max__list_n
2026-03-27 09:29:13,299 - pyiron_log - INFO - Assigning a channel with the label list_n to the io key max__list_n
2026-03-27 09:29:13,299 - pyiron_log - INFO - Assigning a channel with the label list_n to the io key max__list_n
2026-03-27 09:29:13,299 - pyiron_log - INFO - Assigning a channel with the label list_n to the io key max__list_n
2026-03-27 09:29:13,300 - pyiron_log - INFO - Assigning a channel with the label max(list_n) to the io key max__max(list_n)
2026-03-27 09:29:30,046 - pyiron_log - INFO - Assigning a channel with the label list_n to the io key max__list_n
2026-03-27 09:29:30,046 - pyiron_log - INFO - Assigning a channel with the label list_n to the io key max__list_n
2026-03-27 09:29:30,046 - pyiron_log - INFO - Assigning a channel with the label list_n to the io key max__list_n
2026-03-27 09:29:30,046 - pyiron_log - INFO - Assigning a channel with the label list_n to the io key max__list_n
2026-03-27 09:29:30,046 - pyiron_log - INFO - Assigning a channel with the label list_n to the io key max__list_n
2026-03-27 09:29:30,046 - pyiron_log - INFO - Assigning a channel with the label list_n to the io key max__list_n
2026-03-27 09:29:30,047 - pyiron_log - INFO - Assigning a channel with the label max(list_n) to the io key max__max(list_n)
2026-03-27 09:30:15,785 - pyiron_log - INFO - Assigning a channel with the label list_n to the io key max__list_n
2026-03-27 09:30:15,785 - pyiron_log - INFO - Assigning a channel with the label list_n to the io key max__list_n
2026-03-27 09:30:15,785 - pyiron_log - INFO - Assigning a channel with the label list_n to the io key max__list_n
2026-03-27 09:30:15,785 - pyiron_log - INFO - Assigning a channel with the label list_n to the io key max__list_n
2026-03-27 09:30:15,785 - pyiron_log - INFO - Assigning a channel with the label list_n to the io key max__list_n
2026-03-27 09:30:15,785 - pyiron_log - INFO - Assigning a channel with the label list_n to the io key max__list_n
2026-03-27 09:30:15,785 - pyiron_log - INFO - Assigning a channel with the label max(list_n) to the io key max__max(list_n)
2026-03-27 09:31:04,873 - pyiron_log - INFO - Assigning a channel with the label list_n to the io key max__list_n
2026-03-27 09:31:04,873 - pyiron_log - INFO - Assigning a channel with the label list_n to the io key max__list_n
2026-03-27 09:31:04,873 - pyiron_log - INFO - Assigning a channel with the label list_n to the io key max__list_n
2026-03-27 09:31:04,873 - pyiron_log - INFO - Assigning a channel with the label list_n to the io key max__list_n
2026-03-27 09:31:04,873 - pyiron_log - INFO - Assigning a channel with the label list_n to the io key max__list_n
2026-03-27 09:31:04,873 - pyiron_log - INFO - Assigning a channel with the label list_n to the io key max__list_n
2026-03-27 09:31:04,874 - pyiron_log - INFO - Assigning a channel with the label maximum to the io key max__maximum
2026-03-27 09:33:11,297 - pyiron_log - INFO - Assigning a channel with the label list_n to the io key max__list_n
2026-03-27 09:33:11,297 - pyiron_log - INFO - Assigning a channel with the label list_n to the io key max__list_n
2026-03-27 09:33:11,297 - pyiron_log - INFO - Assigning a channel with the label list_n to the io key max__list_n
2026-03-27 09:33:11,297 - pyiron_log - INFO - Assigning a channel with the label list_n to the io key max__list_n
2026-03-27 09:33:11,297 - pyiron_log - INFO - Assigning a channel with the label list_n to the io key max__list_n
2026-03-27 09:33:11,297 - pyiron_log - INFO - Assigning a channel with the label list_n to the io key max__list_n
2026-03-27 09:33:11,298 - pyiron_log - INFO - Assigning a channel with the label maximum to the io key max__maximum
2026-03-27 09:34:35,870 - pyiron_log - INFO - Assigning a channel with the label n to the io key loop__n
2026-03-27 09:34:35,871 - pyiron_log - INFO - Assigning a channel with the label list_n to the io key max__list_n
2026-03-27 09:34:35,871 - pyiron_log - INFO - Assigning a channel with the label n to the io key loop__n
2026-03-27 09:34:35,871 - pyiron_log - INFO - Assigning a channel with the label list_n to the io key max__list_n
2026-03-27 09:34:35,871 - pyiron_log - INFO - Assigning a channel with the label n to the io key loop__n
2026-03-27 09:34:35,871 - pyiron_log - INFO - Assigning a channel with the label list_n to the io key max__list_n
2026-03-27 09:34:35,871 - pyiron_log - INFO - Assigning a channel with the label n to the io key loop__n
2026-03-27 09:34:35,871 - pyiron_log - INFO - Assigning a channel with the label list_n to the io key max__list_n
2026-03-27 09:34:35,871 - pyiron_log - INFO - Assigning a channel with the label n to the io key loop__n
2026-03-27 09:34:35,871 - pyiron_log - INFO - Assigning a channel with the label list_n to the io key max__list_n
2026-03-27 09:34:35,871 - pyiron_log - INFO - Assigning a channel with the label n to the io key loop__n
2026-03-27 09:34:35,871 - pyiron_log - INFO - Assigning a channel with the label list_n to the io key max__list_n
2026-03-27 09:35:38,369 - pyiron_log - INFO - Assigning a channel with the label n to the io key loop__n
2026-03-27 09:35:38,369 - pyiron_log - INFO - Assigning a channel with the label list_n to the io key max__list_n
2026-03-27 09:35:38,369 - pyiron_log - INFO - Assigning a channel with the label n to the io key loop__n
2026-03-27 09:35:38,369 - pyiron_log - INFO - Assigning a channel with the label list_n to the io key max__list_n
2026-03-27 09:35:38,369 - pyiron_log - INFO - Assigning a channel with the label n to the io key loop__n
2026-03-27 09:35:38,369 - pyiron_log - INFO - Assigning a channel with the label list_n to the io key max__list_n
2026-03-27 09:35:38,369 - pyiron_log - INFO - Assigning a channel with the label n to the io key loop__n
2026-03-27 09:35:38,369 - pyiron_log - INFO - Assigning a channel with the label list_n to the io key max__list_n
2026-03-27 09:35:38,370 - pyiron_log - INFO - Assigning a channel with the label n to the io key loop__n
2026-03-27 09:35:38,370 - pyiron_log - INFO - Assigning a channel with the label list_n to the io key max__list_n
2026-03-27 09:35:38,370 - pyiron_log - INFO - Assigning a channel with the label n to the io key loop__n
2026-03-27 09:35:38,370 - pyiron_log - INFO - Assigning a channel with the label list_n to the io key max__list_n
2026-03-27 09:35:50,869 - pyiron_log - INFO - Assigning a channel with the label n to the io key loop__n
2026-03-27 09:35:50,869 - pyiron_log - INFO - Assigning a channel with the label n to the io key loop__n
2026-03-27 09:35:50,869 - pyiron_log - INFO - Assigning a channel with the label n to the io key loop__n
2026-03-27 09:35:50,869 - pyiron_log - INFO - Assigning a channel with the label n to the io key loop__n
2026-03-27 09:35:50,869 - pyiron_log - INFO - Assigning a channel with the label n to the io key loop__n
2026-03-27 09:35:50,869 - pyiron_log - INFO - Assigning a channel with the label n to the io key loop__n
2026-03-27 09:35:50,886 - pyiron_log - INFO - Assigning a channel with the label n to the io key loop__n
2026-03-27 09:35:50,886 - pyiron_log - INFO - Assigning a channel with the label add2 to the io key loop__add2
2026-03-27 09:37:56,508 - pyiron_log - INFO - Assigning a channel with the label n to the io key loop__n
2026-03-27 09:37:56,508 - pyiron_log - INFO - Assigning a channel with the label list_n to the io key max__list_n
2026-03-27 09:37:56,508 - pyiron_log - INFO - Assigning a channel with the label n to the io key loop__n
2026-03-27 09:37:56,508 - pyiron_log - INFO - Assigning a channel with the label list_n to the io key max__list_n
2026-03-27 09:37:56,508 - pyiron_log - INFO - Assigning a channel with the label n to the io key loop__n
2026-03-27 09:37:56,508 - pyiron_log - INFO - Assigning a channel with the label list_n to the io key max__list_n
2026-03-27 09:37:56,508 - pyiron_log - INFO - Assigning a channel with the label n to the io key loop__n
2026-03-27 09:37:56,508 - pyiron_log - INFO - Assigning a channel with the label list_n to the io key max__list_n
2026-03-27 09:37:56,509 - pyiron_log - INFO - Assigning a channel with the label n to the io key loop__n
2026-03-27 09:37:56,509 - pyiron_log - INFO - Assigning a channel with the label list_n to the io key max__list_n
2026-03-27 09:37:56,509 - pyiron_log - INFO - Assigning a channel with the label n to the io key loop__n
2026-03-27 09:37:56,509 - pyiron_log - INFO - Assigning a channel with the label list_n to the io key max__list_n
2026-03-27 09:37:56,526 - pyiron_log - INFO - Assigning a channel with the label maximum to the io key max__maximum
2026-03-27 09:37:56,526 - pyiron_log - INFO - Assigning a channel with the label gt to the io key injected_GreaterThan_2283133978557010035__gt
2026-03-27 09:38:02,617 - pyiron_log - INFO - Assigning a channel with the label n to the io key loop__n
2026-03-27 09:38:02,617 - pyiron_log - INFO - Assigning a channel with the label n to the io key loop__n
2026-03-27 09:38:02,617 - pyiron_log - INFO - Assigning a channel with the label n to the io key loop__n
2026-03-27 09:38:02,617 - pyiron_log - INFO - Assigning a channel with the label n to the io key loop__n
2026-03-27 09:38:02,617 - pyiron_log - INFO - Assigning a channel with the label n to the io key loop__n
2026-03-27 09:38:02,617 - pyiron_log - INFO - Assigning a channel with the label n to the io key loop__n
2026-03-27 09:38:02,633 - pyiron_log - INFO - Assigning a channel with the label n to the io key loop__n
2026-03-27 09:38:02,633 - pyiron_log - INFO - Assigning a channel with the label maximum to the io key max__maximum
2026-03-27 09:43:08,554 - pyiron_log - INFO - Assigning a channel with the label n_list to the io key sub_loop__n_list
2026-03-27 09:43:08,554 - pyiron_log - INFO - Assigning a channel with the label n_list to the io key sub_loop__n_list
2026-03-27 09:43:08,554 - pyiron_log - INFO - Assigning a channel with the label n_list to the io key sub_loop__n_list
2026-03-27 09:43:08,554 - pyiron_log - INFO - Assigning a channel with the label n_list to the io key sub_loop__n_list
2026-03-27 09:43:08,554 - pyiron_log - INFO - Assigning a channel with the label n_list to the io key sub_loop__n_list
2026-03-27 09:43:08,555 - pyiron_log - INFO - Assigning a channel with the label n_list to the io key sub_loop__n_list
2026-03-27 09:43:08,576 - pyiron_log - INFO - Assigning a channel with the label max to the io key sub_loop__max
2026-03-27 09:43:13,997 - pyiron_log - INFO - Assigning a channel with the label n_list to the io key sub_loop__n_list
2026-03-27 09:43:13,997 - pyiron_log - INFO - Assigning a channel with the label n_list to the io key sub_loop__n_list
2026-03-27 09:43:13,997 - pyiron_log - INFO - Assigning a channel with the label n_list to the io key sub_loop__n_list
2026-03-27 09:43:13,997 - pyiron_log - INFO - Assigning a channel with the label n_list to the io key sub_loop__n_list
2026-03-27 09:43:13,997 - pyiron_log - INFO - Assigning a channel with the label n_list to the io key sub_loop__n_list
2026-03-27 09:43:13,997 - pyiron_log - INFO - Assigning a channel with the label n_list to the io key sub_loop__n_list
2026-03-27 09:43:14,016 - pyiron_log - INFO - Assigning a channel with the label max to the io key sub_loop__max
2026-03-27 09:43:17,414 - pyiron_log - INFO - Assigning a channel with the label n_list to the io key sub_loop__n_list
2026-03-27 09:43:17,414 - pyiron_log - INFO - Assigning a channel with the label n_list to the io key sub_loop__n_list
2026-03-27 09:43:17,414 - pyiron_log - INFO - Assigning a channel with the label n_list to the io key sub_loop__n_list
2026-03-27 09:43:17,414 - pyiron_log - INFO - Assigning a channel with the label n_list to the io key sub_loop__n_list
2026-03-27 09:43:17,414 - pyiron_log - INFO - Assigning a channel with the label n_list to the io key sub_loop__n_list
2026-03-27 09:43:17,414 - pyiron_log - INFO - Assigning a channel with the label n_list to the io key sub_loop__n_list
2026-03-27 09:43:17,435 - pyiron_log - INFO - Assigning a channel with the label max to the io key sub_loop__max
2026-03-27 09:49:33,490 - pyiron_log - INFO - Assigning a channel with the label n to the io key sub_loop__n
2026-03-27 09:49:33,491 - pyiron_log - INFO - Assigning a channel with the label n to the io key sub_loop__n
2026-03-27 09:49:33,491 - pyiron_log - INFO - Assigning a channel with the label n to the io key sub_loop__n
2026-03-27 09:49:33,491 - pyiron_log - INFO - Assigning a channel with the label n to the io key sub_loop__n
2026-03-27 09:49:33,491 - pyiron_log - INFO - Assigning a channel with the label n to the io key sub_loop__n
2026-03-27 09:49:33,491 - pyiron_log - INFO - Assigning a channel with the label n to the io key sub_loop__n
2026-03-27 09:49:33,511 - pyiron_log - INFO - Assigning a channel with the label max to the io key sub_loop__max
2026-03-27 09:52:29,708 - pyiron_log - INFO - Assigning a channel with the label test_obj to the io key loop__test_obj
2026-03-27 09:52:29,709 - pyiron_log - INFO - Assigning a channel with the label test_other to the io key loop__test_other
2026-03-27 09:52:29,709 - pyiron_log - INFO - Assigning a channel with the label body_n to the io key loop__body_n
2026-03-27 09:52:29,709 - pyiron_log - INFO - Assigning a channel with the label max_iterations to the io key loop__max_iterations
2026-03-27 09:52:29,709 - pyiron_log - INFO - Assigning a channel with the label test_obj to the io key loop__test_obj
2026-03-27 09:52:29,709 - pyiron_log - INFO - Assigning a channel with the label test_other to the io key loop__test_other
2026-03-27 09:52:29,709 - pyiron_log - INFO - Assigning a channel with the label body_n to the io key loop__body_n
2026-03-27 09:52:29,709 - pyiron_log - INFO - Assigning a channel with the label max_iterations to the io key loop__max_iterations
2026-03-27 09:52:29,709 - pyiron_log - INFO - Assigning a channel with the label test_obj to the io key loop__test_obj
2026-03-27 09:52:29,709 - pyiron_log - INFO - Assigning a channel with the label test_other to the io key loop__test_other
2026-03-27 09:52:29,709 - pyiron_log - INFO - Assigning a channel with the label body_n to the io key loop__body_n
2026-03-27 09:52:29,709 - pyiron_log - INFO - Assigning a channel with the label max_iterations to the io key loop__max_iterations
2026-03-27 09:52:29,709 - pyiron_log - INFO - Assigning a channel with the label test_obj to the io key loop__test_obj
2026-03-27 09:52:29,709 - pyiron_log - INFO - Assigning a channel with the label test_other to the io key loop__test_other
2026-03-27 09:52:29,709 - pyiron_log - INFO - Assigning a channel with the label body_n to the io key loop__body_n
2026-03-27 09:52:29,709 - pyiron_log - INFO - Assigning a channel with the label max_iterations to the io key loop__max_iterations
2026-03-27 09:52:29,709 - pyiron_log - INFO - Assigning a channel with the label test_obj to the io key loop__test_obj
2026-03-27 09:52:29,709 - pyiron_log - INFO - Assigning a channel with the label test_other to the io key loop__test_other
2026-03-27 09:52:29,709 - pyiron_log - INFO - Assigning a channel with the label body_n to the io key loop__body_n
2026-03-27 09:52:29,709 - pyiron_log - INFO - Assigning a channel with the label max_iterations to the io key loop__max_iterations
2026-03-27 09:52:29,709 - pyiron_log - INFO - Assigning a channel with the label test_obj to the io key loop__test_obj
2026-03-27 09:52:29,709 - pyiron_log - INFO - Assigning a channel with the label test_other to the io key loop__test_other
2026-03-27 09:52:29,709 - pyiron_log - INFO - Assigning a channel with the label body_n to the io key loop__body_n
2026-03-27 09:52:29,709 - pyiron_log - INFO - Assigning a channel with the label max_iterations to the io key loop__max_iterations
2026-03-27 09:52:29,709 - pyiron_log - INFO - Assigning a channel with the label test_obj to the io key loop__test_obj
2026-03-27 09:52:29,710 - pyiron_log - INFO - Assigning a channel with the label test_other to the io key loop__test_other
2026-03-27 09:52:29,710 - pyiron_log - INFO - Assigning a channel with the label body_n to the io key loop__body_n
2026-03-27 09:52:29,710 - pyiron_log - INFO - Assigning a channel with the label max_iterations to the io key loop__max_iterations
2026-03-27 09:52:29,710 - pyiron_log - INFO - Assigning a channel with the label test_obj to the io key loop__test_obj
2026-03-27 09:52:29,710 - pyiron_log - INFO - Assigning a channel with the label test_other to the io key loop__test_other
2026-03-27 09:52:29,710 - pyiron_log - INFO - Assigning a channel with the label body_n to the io key loop__body_n
2026-03-27 09:52:29,710 - pyiron_log - INFO - Assigning a channel with the label max_iterations to the io key loop__max_iterations
2026-03-27 09:52:29,710 - pyiron_log - INFO - Assigning a channel with the label test_obj to the io key loop__test_obj
2026-03-27 09:52:29,710 - pyiron_log - INFO - Assigning a channel with the label test_other to the io key loop__test_other
2026-03-27 09:52:29,710 - pyiron_log - INFO - Assigning a channel with the label body_n to the io key loop__body_n
2026-03-27 09:52:29,710 - pyiron_log - INFO - Assigning a channel with the label max_iterations to the io key loop__max_iterations
2026-03-27 09:52:29,710 - pyiron_log - INFO - Assigning a channel with the label test_obj to the io key loop__test_obj
2026-03-27 09:52:29,710 - pyiron_log - INFO - Assigning a channel with the label test_other to the io key loop__test_other
2026-03-27 09:52:29,710 - pyiron_log - INFO - Assigning a channel with the label body_n to the io key loop__body_n
2026-03-27 09:52:29,710 - pyiron_log - INFO - Assigning a channel with the label max_iterations to the io key loop__max_iterations
2026-03-27 09:53:20,617 - pyiron_log - INFO - Assigning a channel with the label test_obj to the io key loop__test_obj
2026-03-27 09:53:20,617 - pyiron_log - INFO - Assigning a channel with the label test_other to the io key loop__test_other
2026-03-27 09:53:20,617 - pyiron_log - INFO - Assigning a channel with the label body_n to the io key loop__body_n
2026-03-27 09:53:20,617 - pyiron_log - INFO - Assigning a channel with the label max_iterations to the io key loop__max_iterations
2026-03-27 09:53:20,617 - pyiron_log - INFO - Assigning a channel with the label test_obj to the io key loop__test_obj
2026-03-27 09:53:20,617 - pyiron_log - INFO - Assigning a channel with the label test_other to the io key loop__test_other
2026-03-27 09:53:20,617 - pyiron_log - INFO - Assigning a channel with the label body_n to the io key loop__body_n
2026-03-27 09:53:20,617 - pyiron_log - INFO - Assigning a channel with the label max_iterations to the io key loop__max_iterations
2026-03-27 09:53:20,617 - pyiron_log - INFO - Assigning a channel with the label test_obj to the io key loop__test_obj
2026-03-27 09:53:20,617 - pyiron_log - INFO - Assigning a channel with the label test_other to the io key loop__test_other
2026-03-27 09:53:20,617 - pyiron_log - INFO - Assigning a channel with the label body_n to the io key loop__body_n
2026-03-27 09:53:20,617 - pyiron_log - INFO - Assigning a channel with the label max_iterations to the io key loop__max_iterations
2026-03-27 09:53:20,617 - pyiron_log - INFO - Assigning a channel with the label test_obj to the io key loop__test_obj
2026-03-27 09:53:20,618 - pyiron_log - INFO - Assigning a channel with the label test_other to the io key loop__test_other
2026-03-27 09:53:20,618 - pyiron_log - INFO - Assigning a channel with the label body_n to the io key loop__body_n
2026-03-27 09:53:20,618 - pyiron_log - INFO - Assigning a channel with the label max_iterations to the io key loop__max_iterations
2026-03-27 09:53:20,618 - pyiron_log - INFO - Assigning a channel with the label test_obj to the io key loop__test_obj
2026-03-27 09:53:20,618 - pyiron_log - INFO - Assigning a channel with the label test_other to the io key loop__test_other
2026-03-27 09:53:20,618 - pyiron_log - INFO - Assigning a channel with the label body_n to the io key loop__body_n
2026-03-27 09:53:20,618 - pyiron_log - INFO - Assigning a channel with the label max_iterations to the io key loop__max_iterations
2026-03-27 09:53:20,618 - pyiron_log - INFO - Assigning a channel with the label test_obj to the io key loop__test_obj
2026-03-27 09:53:20,618 - pyiron_log - INFO - Assigning a channel with the label test_other to the io key loop__test_other
2026-03-27 09:53:20,618 - pyiron_log - INFO - Assigning a channel with the label body_n to the io key loop__body_n
2026-03-27 09:53:20,618 - pyiron_log - INFO - Assigning a channel with the label max_iterations to the io key loop__max_iterations
2026-03-27 09:53:20,795 - pyiron_log - INFO - Assigning a channel with the label max to the io key loop__max
2026-03-27 11:18:14,391 - pyiron_log - INFO - Assigning a channel with the label test_obj to the io key loop__test_obj
2026-03-27 11:18:14,392 - pyiron_log - INFO - Assigning a channel with the label test_other to the io key loop__test_other
2026-03-27 11:18:14,392 - pyiron_log - INFO - Assigning a channel with the label body_n to the io key loop__body_n
2026-03-27 11:18:14,392 - pyiron_log - INFO - Assigning a channel with the label max_iterations to the io key loop__max_iterations
2026-03-27 11:18:14,392 - pyiron_log - INFO - Assigning a channel with the label test_obj to the io key loop__test_obj
2026-03-27 11:18:14,392 - pyiron_log - INFO - Assigning a channel with the label test_other to the io key loop__test_other
2026-03-27 11:18:14,392 - pyiron_log - INFO - Assigning a channel with the label body_n to the io key loop__body_n
2026-03-27 11:18:14,392 - pyiron_log - INFO - Assigning a channel with the label max_iterations to the io key loop__max_iterations
2026-03-27 11:18:14,392 - pyiron_log - INFO - Assigning a channel with the label test_obj to the io key loop__test_obj
2026-03-27 11:18:14,392 - pyiron_log - INFO - Assigning a channel with the label test_other to the io key loop__test_other
2026-03-27 11:18:14,392 - pyiron_log - INFO - Assigning a channel with the label body_n to the io key loop__body_n
2026-03-27 11:18:14,392 - pyiron_log - INFO - Assigning a channel with the label max_iterations to the io key loop__max_iterations
2026-03-27 11:18:14,392 - pyiron_log - INFO - Assigning a channel with the label test_obj to the io key loop__test_obj
2026-03-27 11:18:14,392 - pyiron_log - INFO - Assigning a channel with the label test_other to the io key loop__test_other
2026-03-27 11:18:14,392 - pyiron_log - INFO - Assigning a channel with the label body_n to the io key loop__body_n
2026-03-27 11:18:14,392 - pyiron_log - INFO - Assigning a channel with the label max_iterations to the io key loop__max_iterations
2026-03-27 11:18:14,392 - pyiron_log - INFO - Assigning a channel with the label test_obj to the io key loop__test_obj
2026-03-27 11:18:14,392 - pyiron_log - INFO - Assigning a channel with the label test_other to the io key loop__test_other
2026-03-27 11:18:14,392 - pyiron_log - INFO - Assigning a channel with the label body_n to the io key loop__body_n
2026-03-27 11:18:14,392 - pyiron_log - INFO - Assigning a channel with the label max_iterations to the io key loop__max_iterations
2026-03-27 11:18:14,392 - pyiron_log - INFO - Assigning a channel with the label test_obj to the io key loop__test_obj
2026-03-27 11:18:14,392 - pyiron_log - INFO - Assigning a channel with the label test_other to the io key loop__test_other
2026-03-27 11:18:14,392 - pyiron_log - INFO - Assigning a channel with the label body_n to the io key loop__body_n
2026-03-27 11:18:14,392 - pyiron_log - INFO - Assigning a channel with the label max_iterations to the io key loop__max_iterations
2026-03-27 11:18:14,496 - pyiron_log - INFO - Assigning a channel with the label max to the io key loop__max
2026-03-27 11:56:34,280 - pyiron_log - INFO - Assigning a channel with the label test_obj to the io key loop__test_obj
2026-03-27 11:56:34,280 - pyiron_log - INFO - Assigning a channel with the label test_other to the io key loop__test_other
2026-03-27 11:56:34,280 - pyiron_log - INFO - Assigning a channel with the label body_n to the io key loop__body_n
2026-03-27 11:56:34,280 - pyiron_log - INFO - Assigning a channel with the label max_iterations to the io key loop__max_iterations
2026-03-27 11:56:34,280 - pyiron_log - INFO - Assigning a channel with the label test_obj to the io key loop__test_obj
2026-03-27 11:56:34,280 - pyiron_log - INFO - Assigning a channel with the label test_other to the io key loop__test_other
2026-03-27 11:56:34,280 - pyiron_log - INFO - Assigning a channel with the label body_n to the io key loop__body_n
2026-03-27 11:56:34,280 - pyiron_log - INFO - Assigning a channel with the label max_iterations to the io key loop__max_iterations
2026-03-27 11:56:34,281 - pyiron_log - INFO - Assigning a channel with the label test_obj to the io key loop__test_obj
2026-03-27 11:56:34,281 - pyiron_log - INFO - Assigning a channel with the label test_other to the io key loop__test_other
2026-03-27 11:56:34,281 - pyiron_log - INFO - Assigning a channel with the label body_n to the io key loop__body_n
2026-03-27 11:56:34,281 - pyiron_log - INFO - Assigning a channel with the label max_iterations to the io key loop__max_iterations
2026-03-27 11:56:34,281 - pyiron_log - INFO - Assigning a channel with the label test_obj to the io key loop__test_obj
2026-03-27 11:56:34,281 - pyiron_log - INFO - Assigning a channel with the label test_other to the io key loop__test_other
2026-03-27 11:56:34,281 - pyiron_log - INFO - Assigning a channel with the label body_n to the io key loop__body_n
2026-03-27 11:56:34,281 - pyiron_log - INFO - Assigning a channel with the label max_iterations to the io key loop__max_iterations
2026-03-27 11:56:34,281 - pyiron_log - INFO - Assigning a channel with the label test_obj to the io key loop__test_obj
2026-03-27 11:56:34,281 - pyiron_log - INFO - Assigning a channel with the label test_other to the io key loop__test_other
2026-03-27 11:56:34,281 - pyiron_log - INFO - Assigning a channel with the label body_n to the io key loop__body_n
2026-03-27 11:56:34,281 - pyiron_log - INFO - Assigning a channel with the label max_iterations to the io key loop__max_iterations
2026-03-27 11:56:34,281 - pyiron_log - INFO - Assigning a channel with the label test_obj to the io key loop__test_obj
2026-03-27 11:56:34,281 - pyiron_log - INFO - Assigning a channel with the label test_other to the io key loop__test_other
2026-03-27 11:56:34,281 - pyiron_log - INFO - Assigning a channel with the label body_n to the io key loop__body_n
2026-03-27 11:56:34,281 - pyiron_log - INFO - Assigning a channel with the label max_iterations to the io key loop__max_iterations
2026-03-27 11:56:34,402 - pyiron_log - INFO - Assigning a channel with the label max to the io key loop__max
2026-03-30 13:09:32,573 - pyiron_log - INFO - Assigning a channel with the label a0 to the io key new_for_loop140309191210432__a0
2026-03-30 13:09:32,574 - pyiron_log - INFO - Assigning a channel with the label a0 to the io key new_for_loop140309191210432__a0
2026-03-30 13:09:32,574 - pyiron_log - INFO - Assigning a channel with the label a0 to the io key new_for_loop140309191210432__a0
2026-03-30 13:09:32,574 - pyiron_log - INFO - Assigning a channel with the label a0 to the io key new_for_loop140309191210432__a0
2026-03-30 13:09:32,575 - pyiron_log - INFO - Assigning a channel with the label a0 to the io key new_for_loop140309191210432__a0
2026-03-30 13:09:32,575 - pyiron_log - INFO - Assigning a channel with the label a0 to the io key new_for_loop140309191210432__a0
2026-03-30 13:09:32,575 - pyiron_log - INFO - Assigning a channel with the label a0 to the io key new_for_loop140309191210432__a0
2026-03-30 13:09:32,575 - pyiron_log - INFO - Assigning a channel with the label a0 to the io key new_for_loop140309191210432__a0
2026-03-30 13:09:32,575 - pyiron_log - INFO - Assigning a channel with the label a0 to the io key new_for_loop140309191210432__a0
2026-03-30 13:09:32,575 - pyiron_log - INFO - Assigning a channel with the label a0 to the io key new_for_loop140309191210432__a0
2026-03-30 13:10:20,071 - pyiron_log - INFO - Assigning a channel with the label strain to the io key new_for_loop140309191210432__strain
2026-03-30 13:10:20,072 - pyiron_log - INFO - Assigning a channel with the label volume to the io key new_for_loop140309191210432__volume
2026-03-30 13:10:20,072 - pyiron_log - INFO - Assigning a channel with the label energy to the io key new_for_loop140309191210432__energy
2026-03-30 13:23:01,599 - pyiron_log - INFO - Assigning a channel with the label a to the io key int_input139826818984144__a
2026-03-30 13:23:01,600 - pyiron_log - INFO - Assigning a channel with the label a to the io key int_input139826818984144__a
2026-03-30 13:23:01,600 - pyiron_log - INFO - Assigning a channel with the label a to the io key int_input139826818984144__a
2026-03-30 13:23:01,600 - pyiron_log - INFO - Assigning a channel with the label a to the io key int_input139826818984144__a
2026-03-30 13:23:01,600 - pyiron_log - INFO - Assigning a channel with the label a to the io key int_input139826818984144__a
2026-03-30 13:23:01,600 - pyiron_log - INFO - Assigning a channel with the label a to the io key int_input139826818984144__a
2026-03-30 13:23:01,600 - pyiron_log - INFO - Assigning a channel with the label square to the io key macro139826820250992__square
2026-03-30 13:24:37,079 - pyiron_log - INFO - Assigning a channel with the label n to the io key new_for_loop139826820824288__n
2026-03-30 13:24:37,079 - pyiron_log - INFO - Assigning a channel with the label square to the io key new_for_loop139826820824288__square
2026-03-30 14:35:39,383 - pyiron_log - INFO - int_input is already a node; appending an index to the node label instead: int_input0
2026-03-30 14:35:40,069 - pyiron_log - INFO - int_input is already a node; appending an index to the node label instead: int_input1
2026-03-30 14:35:40,657 - pyiron_log - INFO - int_input is already a node; appending an index to the node label instead: int_input2
2026-03-30 14:36:20,080 - pyiron_log - INFO - Assigning a channel with the label max_iterations to the io key new_while_loop139934152869456__max_iterations
2026-03-30 14:36:20,080 - pyiron_log - INFO - Assigning a channel with the label n to the io key macro__n
2026-03-30 14:36:20,080 - pyiron_log - INFO - Assigning a channel with the label a to the io key int_input139933439536896__a
2026-03-30 14:36:20,080 - pyiron_log - INFO - Assigning a channel with the label a to the io key int_input0139933439126384__a
2026-03-30 14:36:20,080 - pyiron_log - INFO - Assigning a channel with the label a to the io key int_input1139933438096448__a
2026-03-30 14:36:20,080 - pyiron_log - INFO - Assigning a channel with the label a to the io key int_input2139933438244624__a
2026-03-30 14:36:20,080 - pyiron_log - INFO - Assigning a channel with the label max_iterations to the io key new_while_loop139934152869456__max_iterations
2026-03-30 14:36:20,080 - pyiron_log - INFO - Assigning a channel with the label n to the io key macro__n
2026-03-30 14:36:20,081 - pyiron_log - INFO - Assigning a channel with the label a to the io key int_input139933439536896__a
2026-03-30 14:36:20,081 - pyiron_log - INFO - Assigning a channel with the label a to the io key int_input0139933439126384__a
2026-03-30 14:36:20,081 - pyiron_log - INFO - Assigning a channel with the label a to the io key int_input1139933438096448__a
2026-03-30 14:36:20,082 - pyiron_log - INFO - Assigning a channel with the label a to the io key int_input2139933438244624__a
2026-03-30 14:36:20,082 - pyiron_log - INFO - Assigning a channel with the label max_iterations to the io key new_while_loop139934152869456__max_iterations
2026-03-30 14:36:20,082 - pyiron_log - INFO - Assigning a channel with the label n to the io key macro__n
2026-03-30 14:36:20,082 - pyiron_log - INFO - Assigning a channel with the label a to the io key int_input139933439536896__a
2026-03-30 14:36:20,082 - pyiron_log - INFO - Assigning a channel with the label a to the io key int_input0139933439126384__a
2026-03-30 14:36:20,082 - pyiron_log - INFO - Assigning a channel with the label a to the io key int_input1139933438096448__a
2026-03-30 14:36:20,082 - pyiron_log - INFO - Assigning a channel with the label a to the io key int_input2139933438244624__a
2026-03-30 14:36:20,082 - pyiron_log - INFO - Assigning a channel with the label max_iterations to the io key new_while_loop139934152869456__max_iterations
2026-03-30 14:36:20,082 - pyiron_log - INFO - Assigning a channel with the label n to the io key macro__n
2026-03-30 14:36:20,082 - pyiron_log - INFO - Assigning a channel with the label a to the io key int_input139933439536896__a
2026-03-30 14:36:20,082 - pyiron_log - INFO - Assigning a channel with the label a to the io key int_input0139933439126384__a
2026-03-30 14:36:20,082 - pyiron_log - INFO - Assigning a channel with the label a to the io key int_input1139933438096448__a
2026-03-30 14:36:20,082 - pyiron_log - INFO - Assigning a channel with the label a to the io key int_input2139933438244624__a
2026-03-30 14:36:20,082 - pyiron_log - INFO - Assigning a channel with the label max_iterations to the io key new_while_loop139934152869456__max_iterations
2026-03-30 14:36:20,082 - pyiron_log - INFO - Assigning a channel with the label n to the io key macro__n
2026-03-30 14:36:20,082 - pyiron_log - INFO - Assigning a channel with the label a to the io key int_input139933439536896__a
2026-03-30 14:36:20,082 - pyiron_log - INFO - Assigning a channel with the label a to the io key int_input0139933439126384__a
2026-03-30 14:36:20,082 - pyiron_log - INFO - Assigning a channel with the label a to the io key int_input1139933438096448__a
2026-03-30 14:36:20,082 - pyiron_log - INFO - Assigning a channel with the label a to the io key int_input2139933438244624__a
2026-03-30 14:36:20,082 - pyiron_log - INFO - Assigning a channel with the label max_iterations to the io key new_while_loop139934152869456__max_iterations
2026-03-30 14:36:20,082 - pyiron_log - INFO - Assigning a channel with the label n to the io key macro__n
2026-03-30 14:36:20,082 - pyiron_log - INFO - Assigning a channel with the label a to the io key int_input139933439536896__a
2026-03-30 14:36:20,082 - pyiron_log - INFO - Assigning a channel with the label a to the io key int_input0139933439126384__a
2026-03-30 14:36:20,082 - pyiron_log - INFO - Assigning a channel with the label a to the io key int_input1139933438096448__a
2026-03-30 14:36:20,082 - pyiron_log - INFO - Assigning a channel with the label a to the io key int_input2139933438244624__a
2026-03-30 14:36:20,082 - pyiron_log - INFO - Assigning a channel with the label max_iterations to the io key new_while_loop139934152869456__max_iterations
2026-03-30 14:36:20,082 - pyiron_log - INFO - Assigning a channel with the label n to the io key macro__n
2026-03-30 14:36:20,082 - pyiron_log - INFO - Assigning a channel with the label a to the io key int_input139933439536896__a
2026-03-30 14:36:20,083 - pyiron_log - INFO - Assigning a channel with the label a to the io key int_input0139933439126384__a
2026-03-30 14:36:20,083 - pyiron_log - INFO - Assigning a channel with the label a to the io key int_input1139933438096448__a
2026-03-30 14:36:20,083 - pyiron_log - INFO - Assigning a channel with the label a to the io key int_input2139933438244624__a
2026-03-30 14:36:20,083 - pyiron_log - INFO - Assigning a channel with the label max_iterations to the io key new_while_loop139934152869456__max_iterations
2026-03-30 14:36:20,083 - pyiron_log - INFO - Assigning a channel with the label n to the io key macro__n
2026-03-30 14:36:20,083 - pyiron_log - INFO - Assigning a channel with the label a to the io key int_input139933439536896__a
2026-03-30 14:36:20,083 - pyiron_log - INFO - Assigning a channel with the label a to the io key int_input0139933439126384__a
2026-03-30 14:36:20,083 - pyiron_log - INFO - Assigning a channel with the label a to the io key int_input1139933438096448__a
2026-03-30 14:36:20,083 - pyiron_log - INFO - Assigning a channel with the label a to the io key int_input2139933438244624__a
2026-03-30 14:36:20,083 - pyiron_log - INFO - Assigning a channel with the label max_iterations to the io key new_while_loop139934152869456__max_iterations
2026-03-30 14:36:20,083 - pyiron_log - INFO - Assigning a channel with the label n to the io key macro__n
2026-03-30 14:36:20,083 - pyiron_log - INFO - Assigning a channel with the label a to the io key int_input139933439536896__a
2026-03-30 14:36:20,083 - pyiron_log - INFO - Assigning a channel with the label a to the io key int_input0139933439126384__a
2026-03-30 14:36:20,083 - pyiron_log - INFO - Assigning a channel with the label a to the io key int_input1139933438096448__a
2026-03-30 14:36:20,083 - pyiron_log - INFO - Assigning a channel with the label a to the io key int_input2139933438244624__a
2026-03-30 14:36:20,083 - pyiron_log - INFO - Assigning a channel with the label max_iterations to the io key new_while_loop139934152869456__max_iterations
2026-03-30 14:36:20,083 - pyiron_log - INFO - Assigning a channel with the label n to the io key macro__n
2026-03-30 14:36:20,083 - pyiron_log - INFO - Assigning a channel with the label a to the io key int_input139933439536896__a
2026-03-30 14:36:20,083 - pyiron_log - INFO - Assigning a channel with the label a to the io key int_input0139933439126384__a
2026-03-30 14:36:20,083 - pyiron_log - INFO - Assigning a channel with the label a to the io key int_input1139933438096448__a
2026-03-30 14:36:20,083 - pyiron_log - INFO - Assigning a channel with the label a to the io key int_input2139933438244624__a
2026-03-30 14:36:29,788 - pyiron_log - INFO - Assigning a channel with the label max_iterations to the io key new_while_loop139934152869456__max_iterations
2026-03-30 14:36:29,788 - pyiron_log - INFO - Assigning a channel with the label a to the io key int_input139933439536896__a
2026-03-30 14:36:29,789 - pyiron_log - INFO - Assigning a channel with the label a to the io key int_input0139933439126384__a
2026-03-30 14:36:29,789 - pyiron_log - INFO - Assigning a channel with the label a to the io key int_input1139933438096448__a
2026-03-30 14:36:29,789 - pyiron_log - INFO - Assigning a channel with the label a to the io key int_input2139933438244624__a
2026-03-30 14:36:29,789 - pyiron_log - INFO - Assigning a channel with the label max_iterations to the io key new_while_loop139934152869456__max_iterations
2026-03-30 14:36:29,789 - pyiron_log - INFO - Assigning a channel with the label a to the io key int_input139933439536896__a
2026-03-30 14:36:29,789 - pyiron_log - INFO - Assigning a channel with the label a to the io key int_input0139933439126384__a
2026-03-30 14:36:29,789 - pyiron_log - INFO - Assigning a channel with the label a to the io key int_input1139933438096448__a
2026-03-30 14:36:29,789 - pyiron_log - INFO - Assigning a channel with the label a to the io key int_input2139933438244624__a
2026-03-30 14:36:29,789 - pyiron_log - INFO - Assigning a channel with the label max_iterations to the io key new_while_loop139934152869456__max_iterations
2026-03-30 14:36:29,789 - pyiron_log - INFO - Assigning a channel with the label a to the io key int_input139933439536896__a
2026-03-30 14:36:29,789 - pyiron_log - INFO - Assigning a channel with the label a to the io key int_input0139933439126384__a
2026-03-30 14:36:29,789 - pyiron_log - INFO - Assigning a channel with the label a to the io key int_input1139933438096448__a
2026-03-30 14:36:29,789 - pyiron_log - INFO - Assigning a channel with the label a to the io key int_input2139933438244624__a
2026-03-30 14:36:29,789 - pyiron_log - INFO - Assigning a channel with the label max_iterations to the io key new_while_loop139934152869456__max_iterations
2026-03-30 14:36:29,789 - pyiron_log - INFO - Assigning a channel with the label a to the io key int_input139933439536896__a
2026-03-30 14:36:29,789 - pyiron_log - INFO - Assigning a channel with the label a to the io key int_input0139933439126384__a
2026-03-30 14:36:29,789 - pyiron_log - INFO - Assigning a channel with the label a to the io key int_input1139933438096448__a
2026-03-30 14:36:29,789 - pyiron_log - INFO - Assigning a channel with the label a to the io key int_input2139933438244624__a
2026-03-30 14:36:29,789 - pyiron_log - INFO - Assigning a channel with the label max_iterations to the io key new_while_loop139934152869456__max_iterations
2026-03-30 14:36:29,789 - pyiron_log - INFO - Assigning a channel with the label a to the io key int_input139933439536896__a
2026-03-30 14:36:29,789 - pyiron_log - INFO - Assigning a channel with the label a to the io key int_input0139933439126384__a
2026-03-30 14:36:29,789 - pyiron_log - INFO - Assigning a channel with the label a to the io key int_input1139933438096448__a
2026-03-30 14:36:29,789 - pyiron_log - INFO - Assigning a channel with the label a to the io key int_input2139933438244624__a
2026-03-30 14:36:29,789 - pyiron_log - INFO - Assigning a channel with the label max_iterations to the io key new_while_loop139934152869456__max_iterations
2026-03-30 14:36:29,789 - pyiron_log - INFO - Assigning a channel with the label a to the io key int_input139933439536896__a
2026-03-30 14:36:29,789 - pyiron_log - INFO - Assigning a channel with the label a to the io key int_input0139933439126384__a
2026-03-30 14:36:29,789 - pyiron_log - INFO - Assigning a channel with the label a to the io key int_input1139933438096448__a
2026-03-30 14:36:29,789 - pyiron_log - INFO - Assigning a channel with the label a to the io key int_input2139933438244624__a
2026-03-30 14:36:29,790 - pyiron_log - INFO - Assigning a channel with the label next to the io key new_while_loop139934152869456__next
2026-03-30 14:36:29,790 - pyiron_log - INFO - Assigning a channel with the label now to the io key new_while_loop139934152869456__now
2026-03-30 14:37:37,211 - pyiron_log - INFO - int_input is already a node; appending an index to the node label instead: int_input0
2026-03-30 14:37:37,730 - pyiron_log - INFO - int_input is already a node; appending an index to the node label instead: int_input1
2026-03-30 14:37:37,924 - pyiron_log - INFO - int_input is already a node; appending an index to the node label instead: int_input2
2026-03-30 14:38:07,316 - pyiron_log - INFO - Assigning a channel with the label max_iterations to the io key new_while_loop139934188253936__max_iterations
2026-03-30 14:38:07,316 - pyiron_log - INFO - Assigning a channel with the label a to the io key int_input139933405721664__a
2026-03-30 14:38:07,316 - pyiron_log - INFO - Assigning a channel with the label a to the io key int_input0139933409239760__a
2026-03-30 14:38:07,316 - pyiron_log - INFO - Assigning a channel with the label a to the io key int_input1139933405151552__a
2026-03-30 14:38:07,316 - pyiron_log - INFO - Assigning a channel with the label a to the io key int_input2139933407704656__a
2026-03-30 14:38:07,316 - pyiron_log - INFO - Assigning a channel with the label max_iterations to the io key new_while_loop139934188253936__max_iterations
2026-03-30 14:38:07,316 - pyiron_log - INFO - Assigning a channel with the label a to the io key int_input139933405721664__a
2026-03-30 14:38:07,316 - pyiron_log - INFO - Assigning a channel with the label a to the io key int_input0139933409239760__a
2026-03-30 14:38:07,316 - pyiron_log - INFO - Assigning a channel with the label a to the io key int_input1139933405151552__a
2026-03-30 14:38:07,317 - pyiron_log - INFO - Assigning a channel with the label a to the io key int_input2139933407704656__a
2026-03-30 14:38:07,317 - pyiron_log - INFO - Assigning a channel with the label max_iterations to the io key new_while_loop139934188253936__max_iterations
2026-03-30 14:38:07,317 - pyiron_log - INFO - Assigning a channel with the label a to the io key int_input139933405721664__a
2026-03-30 14:38:07,317 - pyiron_log - INFO - Assigning a channel with the label a to the io key int_input0139933409239760__a
2026-03-30 14:38:07,317 - pyiron_log - INFO - Assigning a channel with the label a to the io key int_input1139933405151552__a
2026-03-30 14:38:07,317 - pyiron_log - INFO - Assigning a channel with the label a to the io key int_input2139933407704656__a
2026-03-30 14:38:07,317 - pyiron_log - INFO - Assigning a channel with the label max_iterations to the io key new_while_loop139934188253936__max_iterations
2026-03-30 14:38:07,317 - pyiron_log - INFO - Assigning a channel with the label a to the io key int_input139933405721664__a
2026-03-30 14:38:07,317 - pyiron_log - INFO - Assigning a channel with the label a to the io key int_input0139933409239760__a
2026-03-30 14:38:07,317 - pyiron_log - INFO - Assigning a channel with the label a to the io key int_input1139933405151552__a
2026-03-30 14:38:07,317 - pyiron_log - INFO - Assigning a channel with the label a to the io key int_input2139933407704656__a
2026-03-30 14:38:07,317 - pyiron_log - INFO - Assigning a channel with the label max_iterations to the io key new_while_loop139934188253936__max_iterations
2026-03-30 14:38:07,317 - pyiron_log - INFO - Assigning a channel with the label a to the io key int_input139933405721664__a
2026-03-30 14:38:07,317 - pyiron_log - INFO - Assigning a channel with the label a to the io key int_input0139933409239760__a
2026-03-30 14:38:07,317 - pyiron_log - INFO - Assigning a channel with the label a to the io key int_input1139933405151552__a
2026-03-30 14:38:07,317 - pyiron_log - INFO - Assigning a channel with the label a to the io key int_input2139933407704656__a
2026-03-30 14:38:07,317 - pyiron_log - INFO - Assigning a channel with the label max_iterations to the io key new_while_loop139934188253936__max_iterations
2026-03-30 14:38:07,317 - pyiron_log - INFO - Assigning a channel with the label a to the io key int_input139933405721664__a
2026-03-30 14:38:07,317 - pyiron_log - INFO - Assigning a channel with the label a to the io key int_input0139933409239760__a
2026-03-30 14:38:07,317 - pyiron_log - INFO - Assigning a channel with the label a to the io key int_input1139933405151552__a
2026-03-30 14:38:07,317 - pyiron_log - INFO - Assigning a channel with the label a to the io key int_input2139933407704656__a
2026-03-30 14:38:07,317 - pyiron_log - INFO - Assigning a channel with the label n to the io key new_for_loop__n
2026-03-30 14:38:07,317 - pyiron_log - INFO - Assigning a channel with the label square to the io key new_for_loop__square
2026-03-30 14:38:10,338 - pyiron_log - INFO - Assigning a channel with the label max_iterations to the io key new_while_loop139934188253936__max_iterations
2026-03-30 14:38:10,338 - pyiron_log - INFO - Assigning a channel with the label a to the io key int_input139933405721664__a
2026-03-30 14:38:10,338 - pyiron_log - INFO - Assigning a channel with the label a to the io key int_input0139933409239760__a
2026-03-30 14:38:10,338 - pyiron_log - INFO - Assigning a channel with the label a to the io key int_input1139933405151552__a
2026-03-30 14:38:10,339 - pyiron_log - INFO - Assigning a channel with the label a to the io key int_input2139933407704656__a
2026-03-30 14:38:10,339 - pyiron_log - INFO - Assigning a channel with the label max_iterations to the io key new_while_loop139934188253936__max_iterations
2026-03-30 14:38:10,339 - pyiron_log - INFO - Assigning a channel with the label a to the io key int_input139933405721664__a
2026-03-30 14:38:10,339 - pyiron_log - INFO - Assigning a channel with the label a to the io key int_input0139933409239760__a
2026-03-30 14:38:10,339 - pyiron_log - INFO - Assigning a channel with the label a to the io key int_input1139933405151552__a
2026-03-30 14:38:10,339 - pyiron_log - INFO - Assigning a channel with the label a to the io key int_input2139933407704656__a
2026-03-30 14:38:10,339 - pyiron_log - INFO - Assigning a channel with the label max_iterations to the io key new_while_loop139934188253936__max_iterations
2026-03-30 14:38:10,339 - pyiron_log - INFO - Assigning a channel with the label a to the io key int_input139933405721664__a
2026-03-30 14:38:10,339 - pyiron_log - INFO - Assigning a channel with the label a to the io key int_input0139933409239760__a
2026-03-30 14:38:10,339 - pyiron_log - INFO - Assigning a channel with the label a to the io key int_input1139933405151552__a
2026-03-30 14:38:10,339 - pyiron_log - INFO - Assigning a channel with the label a to the io key int_input2139933407704656__a
2026-03-30 14:38:10,339 - pyiron_log - INFO - Assigning a channel with the label max_iterations to the io key new_while_loop139934188253936__max_iterations
2026-03-30 14:38:10,339 - pyiron_log - INFO - Assigning a channel with the label a to the io key int_input139933405721664__a
2026-03-30 14:38:10,339 - pyiron_log - INFO - Assigning a channel with the label a to the io key int_input0139933409239760__a
2026-03-30 14:38:10,339 - pyiron_log - INFO - Assigning a channel with the label a to the io key int_input1139933405151552__a
2026-03-30 14:38:10,339 - pyiron_log - INFO - Assigning a channel with the label a to the io key int_input2139933407704656__a
2026-03-30 14:38:10,339 - pyiron_log - INFO - Assigning a channel with the label n to the io key new_for_loop__n
2026-03-30 14:38:10,339 - pyiron_log - INFO - Assigning a channel with the label square to the io key new_for_loop__square
2026-03-30 14:38:15,724 - pyiron_log - INFO - Assigning a channel with the label max_iterations to the io key new_while_loop139934188253936__max_iterations
2026-03-30 14:38:15,724 - pyiron_log - INFO - Assigning a channel with the label a to the io key int_input139933405721664__a
2026-03-30 14:38:15,724 - pyiron_log - INFO - Assigning a channel with the label a to the io key int_input0139933409239760__a
2026-03-30 14:38:15,724 - pyiron_log - INFO - Assigning a channel with the label a to the io key int_input1139933405151552__a
2026-03-30 14:38:15,724 - pyiron_log - INFO - Assigning a channel with the label a to the io key int_input2139933407704656__a
2026-03-30 14:38:15,724 - pyiron_log - INFO - Assigning a channel with the label max_iterations to the io key new_while_loop139934188253936__max_iterations
2026-03-30 14:38:15,724 - pyiron_log - INFO - Assigning a channel with the label a to the io key int_input139933405721664__a
2026-03-30 14:38:15,724 - pyiron_log - INFO - Assigning a channel with the label a to the io key int_input0139933409239760__a
2026-03-30 14:38:15,724 - pyiron_log - INFO - Assigning a channel with the label a to the io key int_input1139933405151552__a
2026-03-30 14:38:15,724 - pyiron_log - INFO - Assigning a channel with the label a to the io key int_input2139933407704656__a
2026-03-30 14:38:15,724 - pyiron_log - INFO - Assigning a channel with the label max_iterations to the io key new_while_loop139934188253936__max_iterations
2026-03-30 14:38:15,724 - pyiron_log - INFO - Assigning a channel with the label a to the io key int_input139933405721664__a
2026-03-30 14:38:15,725 - pyiron_log - INFO - Assigning a channel with the label a to the io key int_input0139933409239760__a
2026-03-30 14:38:15,725 - pyiron_log - INFO - Assigning a channel with the label a to the io key int_input1139933405151552__a
2026-03-30 14:38:15,725 - pyiron_log - INFO - Assigning a channel with the label a to the io key int_input2139933407704656__a
2026-03-30 14:38:15,725 - pyiron_log - INFO - Assigning a channel with the label max_iterations to the io key new_while_loop139934188253936__max_iterations
2026-03-30 14:38:15,725 - pyiron_log - INFO - Assigning a channel with the label a to the io key int_input139933405721664__a
2026-03-30 14:38:15,725 - pyiron_log - INFO - Assigning a channel with the label a to the io key int_input0139933409239760__a
2026-03-30 14:38:15,725 - pyiron_log - INFO - Assigning a channel with the label a to the io key int_input1139933405151552__a
2026-03-30 14:38:15,725 - pyiron_log - INFO - Assigning a channel with the label a to the io key int_input2139933407704656__a
2026-03-30 14:38:15,725 - pyiron_log - INFO - Assigning a channel with the label n to the io key new_for_loop139933409239616__n
2026-03-30 14:38:15,725 - pyiron_log - INFO - Assigning a channel with the label square to the io key new_for_loop139933409239616__square
2026-03-30 14:38:20,272 - pyiron_log - INFO - Assigning a channel with the label max_iterations to the io key new_while_loop139934188253936__max_iterations
2026-03-30 14:38:20,272 - pyiron_log - INFO - Assigning a channel with the label a to the io key int_input139933405721664__a
2026-03-30 14:38:20,272 - pyiron_log - INFO - Assigning a channel with the label a to the io key int_input0139933409239760__a
2026-03-30 14:38:20,272 - pyiron_log - INFO - Assigning a channel with the label a to the io key int_input1139933405151552__a
2026-03-30 14:38:20,272 - pyiron_log - INFO - Assigning a channel with the label a to the io key int_input2139933407704656__a
2026-03-30 14:38:20,272 - pyiron_log - INFO - Assigning a channel with the label max_iterations to the io key new_while_loop139934188253936__max_iterations
2026-03-30 14:38:20,273 - pyiron_log - INFO - Assigning a channel with the label a to the io key int_input139933405721664__a
2026-03-30 14:38:20,273 - pyiron_log - INFO - Assigning a channel with the label a to the io key int_input0139933409239760__a
2026-03-30 14:38:20,273 - pyiron_log - INFO - Assigning a channel with the label a to the io key int_input1139933405151552__a
2026-03-30 14:38:20,273 - pyiron_log - INFO - Assigning a channel with the label a to the io key int_input2139933407704656__a
2026-03-30 14:38:20,273 - pyiron_log - INFO - Assigning a channel with the label max_iterations to the io key new_while_loop139934188253936__max_iterations
2026-03-30 14:38:20,273 - pyiron_log - INFO - Assigning a channel with the label a to the io key int_input139933405721664__a
2026-03-30 14:38:20,273 - pyiron_log - INFO - Assigning a channel with the label a to the io key int_input0139933409239760__a
2026-03-30 14:38:20,273 - pyiron_log - INFO - Assigning a channel with the label a to the io key int_input1139933405151552__a
2026-03-30 14:38:20,273 - pyiron_log - INFO - Assigning a channel with the label a to the io key int_input2139933407704656__a
2026-03-30 14:38:20,273 - pyiron_log - INFO - Assigning a channel with the label max_iterations to the io key new_while_loop139934188253936__max_iterations
2026-03-30 14:38:20,273 - pyiron_log - INFO - Assigning a channel with the label a to the io key int_input139933405721664__a
2026-03-30 14:38:20,273 - pyiron_log - INFO - Assigning a channel with the label a to the io key int_input0139933409239760__a
2026-03-30 14:38:20,273 - pyiron_log - INFO - Assigning a channel with the label a to the io key int_input1139933405151552__a
2026-03-30 14:38:20,273 - pyiron_log - INFO - Assigning a channel with the label a to the io key int_input2139933407704656__a
2026-03-30 14:38:20,273 - pyiron_log - INFO - Assigning a channel with the label n to the io key new_for_loop__n
2026-03-30 14:38:20,273 - pyiron_log - INFO - Assigning a channel with the label square to the io key new_for_loop__square
2026-03-30 14:38:24,556 - pyiron_log - INFO - Assigning a channel with the label max_iterations to the io key new_while_loop139934188253936__max_iterations
2026-03-30 14:38:24,556 - pyiron_log - INFO - Assigning a channel with the label a to the io key int_input139933405721664__a
2026-03-30 14:38:24,556 - pyiron_log - INFO - Assigning a channel with the label a to the io key int_input0139933409239760__a
2026-03-30 14:38:24,556 - pyiron_log - INFO - Assigning a channel with the label a to the io key int_input1139933405151552__a
2026-03-30 14:38:24,557 - pyiron_log - INFO - Assigning a channel with the label a to the io key int_input2139933407704656__a
2026-03-30 14:38:24,557 - pyiron_log - INFO - Assigning a channel with the label max_iterations to the io key new_while_loop139934188253936__max_iterations
2026-03-30 14:38:24,557 - pyiron_log - INFO - Assigning a channel with the label a to the io key int_input139933405721664__a
2026-03-30 14:38:24,557 - pyiron_log - INFO - Assigning a channel with the label a to the io key int_input0139933409239760__a
2026-03-30 14:38:24,557 - pyiron_log - INFO - Assigning a channel with the label a to the io key int_input1139933405151552__a
2026-03-30 14:38:24,557 - pyiron_log - INFO - Assigning a channel with the label a to the io key int_input2139933407704656__a
2026-03-30 14:38:24,557 - pyiron_log - INFO - Assigning a channel with the label max_iterations to the io key new_while_loop139934188253936__max_iterations
2026-03-30 14:38:24,557 - pyiron_log - INFO - Assigning a channel with the label a to the io key int_input139933405721664__a
2026-03-30 14:38:24,557 - pyiron_log - INFO - Assigning a channel with the label a to the io key int_input0139933409239760__a
2026-03-30 14:38:24,557 - pyiron_log - INFO - Assigning a channel with the label a to the io key int_input1139933405151552__a
2026-03-30 14:38:24,557 - pyiron_log - INFO - Assigning a channel with the label a to the io key int_input2139933407704656__a
2026-03-30 14:38:24,557 - pyiron_log - INFO - Assigning a channel with the label max_iterations to the io key new_while_loop139934188253936__max_iterations
2026-03-30 14:38:24,557 - pyiron_log - INFO - Assigning a channel with the label a to the io key int_input139933405721664__a
2026-03-30 14:38:24,557 - pyiron_log - INFO - Assigning a channel with the label a to the io key int_input0139933409239760__a
2026-03-30 14:38:24,557 - pyiron_log - INFO - Assigning a channel with the label a to the io key int_input1139933405151552__a
2026-03-30 14:38:24,557 - pyiron_log - INFO - Assigning a channel with the label a to the io key int_input2139933407704656__a
2026-03-30 14:38:24,557 - pyiron_log - INFO - Assigning a channel with the label n to the io key new_for_loop__n
2026-03-30 14:38:24,557 - pyiron_log - INFO - Assigning a channel with the label square to the io key new_for_loop__square
2026-03-30 14:38:27,107 - pyiron_log - INFO - Assigning a channel with the label max_iterations to the io key new_while_loop139934188253936__max_iterations
2026-03-30 14:38:27,107 - pyiron_log - INFO - Assigning a channel with the label a to the io key int_input139933405721664__a
2026-03-30 14:38:27,107 - pyiron_log - INFO - Assigning a channel with the label a to the io key int_input0139933409239760__a
2026-03-30 14:38:27,107 - pyiron_log - INFO - Assigning a channel with the label a to the io key int_input1139933405151552__a
2026-03-30 14:38:27,107 - pyiron_log - INFO - Assigning a channel with the label a to the io key int_input2139933407704656__a
2026-03-30 14:38:27,107 - pyiron_log - INFO - Assigning a channel with the label max_iterations to the io key new_while_loop139934188253936__max_iterations
2026-03-30 14:38:27,107 - pyiron_log - INFO - Assigning a channel with the label a to the io key int_input139933405721664__a
2026-03-30 14:38:27,107 - pyiron_log - INFO - Assigning a channel with the label a to the io key int_input0139933409239760__a
2026-03-30 14:38:27,107 - pyiron_log - INFO - Assigning a channel with the label a to the io key int_input1139933405151552__a
2026-03-30 14:38:27,107 - pyiron_log - INFO - Assigning a channel with the label a to the io key int_input2139933407704656__a
2026-03-30 14:38:27,107 - pyiron_log - INFO - Assigning a channel with the label max_iterations to the io key new_while_loop139934188253936__max_iterations
2026-03-30 14:38:27,107 - pyiron_log - INFO - Assigning a channel with the label a to the io key int_input139933405721664__a
2026-03-30 14:38:27,107 - pyiron_log - INFO - Assigning a channel with the label a to the io key int_input0139933409239760__a
2026-03-30 14:38:27,107 - pyiron_log - INFO - Assigning a channel with the label a to the io key int_input1139933405151552__a
2026-03-30 14:38:27,107 - pyiron_log - INFO - Assigning a channel with the label a to the io key int_input2139933407704656__a
2026-03-30 14:38:27,107 - pyiron_log - INFO - Assigning a channel with the label max_iterations to the io key new_while_loop139934188253936__max_iterations
2026-03-30 14:38:27,107 - pyiron_log - INFO - Assigning a channel with the label a to the io key int_input139933405721664__a
2026-03-30 14:38:27,107 - pyiron_log - INFO - Assigning a channel with the label a to the io key int_input0139933409239760__a
2026-03-30 14:38:27,108 - pyiron_log - INFO - Assigning a channel with the label a to the io key int_input1139933405151552__a
2026-03-30 14:38:27,108 - pyiron_log - INFO - Assigning a channel with the label a to the io key int_input2139933407704656__a
2026-03-30 14:38:27,108 - pyiron_log - INFO - Assigning a channel with the label n to the io key new_for_loop__n
2026-03-30 14:38:27,108 - pyiron_log - INFO - Assigning a channel with the label square to the io key new_for_loop__square
2026-03-30 14:38:30,331 - pyiron_log - INFO - Assigning a channel with the label max_iterations to the io key new_while_loop139934188253936__max_iterations
2026-03-30 14:38:30,331 - pyiron_log - INFO - Assigning a channel with the label a to the io key int_input139933405721664__a
2026-03-30 14:38:30,332 - pyiron_log - INFO - Assigning a channel with the label a to the io key int_input0139933409239760__a
2026-03-30 14:38:30,332 - pyiron_log - INFO - Assigning a channel with the label a to the io key int_input1139933405151552__a
2026-03-30 14:38:30,332 - pyiron_log - INFO - Assigning a channel with the label a to the io key int_input2139933407704656__a
2026-03-30 14:38:30,332 - pyiron_log - INFO - Assigning a channel with the label max_iterations to the io key new_while_loop139934188253936__max_iterations
2026-03-30 14:38:30,332 - pyiron_log - INFO - Assigning a channel with the label a to the io key int_input139933405721664__a
2026-03-30 14:38:30,332 - pyiron_log - INFO - Assigning a channel with the label a to the io key int_input0139933409239760__a
2026-03-30 14:38:30,332 - pyiron_log - INFO - Assigning a channel with the label a to the io key int_input1139933405151552__a
2026-03-30 14:38:30,332 - pyiron_log - INFO - Assigning a channel with the label a to the io key int_input2139933407704656__a
2026-03-30 14:38:30,332 - pyiron_log - INFO - Assigning a channel with the label max_iterations to the io key new_while_loop139934188253936__max_iterations
2026-03-30 14:38:30,332 - pyiron_log - INFO - Assigning a channel with the label a to the io key int_input139933405721664__a
2026-03-30 14:38:30,332 - pyiron_log - INFO - Assigning a channel with the label a to the io key int_input0139933409239760__a
2026-03-30 14:38:30,332 - pyiron_log - INFO - Assigning a channel with the label a to the io key int_input1139933405151552__a
2026-03-30 14:38:30,332 - pyiron_log - INFO - Assigning a channel with the label a to the io key int_input2139933407704656__a
2026-03-30 14:38:30,332 - pyiron_log - INFO - Assigning a channel with the label max_iterations to the io key new_while_loop139934188253936__max_iterations
2026-03-30 14:38:30,332 - pyiron_log - INFO - Assigning a channel with the label a to the io key int_input139933405721664__a
2026-03-30 14:38:30,332 - pyiron_log - INFO - Assigning a channel with the label a to the io key int_input0139933409239760__a
2026-03-30 14:38:30,332 - pyiron_log - INFO - Assigning a channel with the label a to the io key int_input1139933405151552__a
2026-03-30 14:38:30,332 - pyiron_log - INFO - Assigning a channel with the label a to the io key int_input2139933407704656__a
2026-03-30 14:38:30,332 - pyiron_log - INFO - Assigning a channel with the label n to the io key new_for_loop139933409239616__n
2026-03-30 14:38:30,332 - pyiron_log - INFO - Assigning a channel with the label square to the io key new_for_loop139933409239616__square
2026-03-30 14:39:09,896 - pyiron_log - INFO - Assigning a channel with the label max_iterations to the io key new_while_loop139934188253936__max_iterations
2026-03-30 14:39:09,896 - pyiron_log - INFO - Assigning a channel with the label a to the io key int_input139933405721664__a
2026-03-30 14:39:09,897 - pyiron_log - INFO - Assigning a channel with the label a to the io key int_input0139933409239760__a
2026-03-30 14:39:09,898 - pyiron_log - INFO - Assigning a channel with the label a to the io key int_input1139933405151552__a
2026-03-30 14:39:09,898 - pyiron_log - INFO - Assigning a channel with the label a to the io key int_input2139933407704656__a
2026-03-30 14:39:09,898 - pyiron_log - INFO - Assigning a channel with the label max_iterations to the io key new_while_loop139934188253936__max_iterations
2026-03-30 14:39:09,898 - pyiron_log - INFO - Assigning a channel with the label a to the io key int_input139933405721664__a
2026-03-30 14:39:09,898 - pyiron_log - INFO - Assigning a channel with the label a to the io key int_input0139933409239760__a
2026-03-30 14:39:09,898 - pyiron_log - INFO - Assigning a channel with the label a to the io key int_input1139933405151552__a
2026-03-30 14:39:09,898 - pyiron_log - INFO - Assigning a channel with the label a to the io key int_input2139933407704656__a
2026-03-30 14:39:09,898 - pyiron_log - INFO - Assigning a channel with the label max_iterations to the io key new_while_loop139934188253936__max_iterations
2026-03-30 14:39:09,898 - pyiron_log - INFO - Assigning a channel with the label a to the io key int_input139933405721664__a
2026-03-30 14:39:09,898 - pyiron_log - INFO - Assigning a channel with the label a to the io key int_input0139933409239760__a
2026-03-30 14:39:09,898 - pyiron_log - INFO - Assigning a channel with the label a to the io key int_input1139933405151552__a
2026-03-30 14:39:09,898 - pyiron_log - INFO - Assigning a channel with the label a to the io key int_input2139933407704656__a
2026-03-30 14:39:09,898 - pyiron_log - INFO - Assigning a channel with the label max_iterations to the io key new_while_loop139934188253936__max_iterations
2026-03-30 14:39:09,898 - pyiron_log - INFO - Assigning a channel with the label a to the io key int_input139933405721664__a
2026-03-30 14:39:09,898 - pyiron_log - INFO - Assigning a channel with the label a to the io key int_input0139933409239760__a
2026-03-30 14:39:09,898 - pyiron_log - INFO - Assigning a channel with the label a to the io key int_input1139933405151552__a
2026-03-30 14:39:09,898 - pyiron_log - INFO - Assigning a channel with the label a to the io key int_input2139933407704656__a
2026-03-30 14:39:09,898 - pyiron_log - INFO - Assigning a channel with the label n to the io key new_for_loop__n
2026-03-30 14:39:09,898 - pyiron_log - INFO - Assigning a channel with the label square to the io key new_for_loop__square
2026-03-30 14:39:56,444 - pyiron_log - INFO - AppendToList is already a node; appending an index to the node label instead: AppendToList0
2026-03-30 14:40:24,233 - pyiron_log - INFO - Assigning a channel with the label max_iterations to the io key new_while_loop139934188253936__max_iterations
2026-03-30 14:40:24,233 - pyiron_log - INFO - Assigning a channel with the label a to the io key int_input139933405721664__a
2026-03-30 14:40:24,233 - pyiron_log - INFO - Assigning a channel with the label a to the io key int_input0139933409239760__a
2026-03-30 14:40:24,233 - pyiron_log - INFO - Assigning a channel with the label a to the io key int_input1139933405151552__a
2026-03-30 14:40:24,233 - pyiron_log - INFO - Assigning a channel with the label a to the io key int_input2139933407704656__a
2026-03-30 14:40:24,234 - pyiron_log - INFO - Assigning a channel with the label a_list to the io key list_input139933404825312__a_list
2026-03-30 14:40:24,234 - pyiron_log - INFO - Assigning a channel with the label max_iterations to the io key new_while_loop139934188253936__max_iterations
2026-03-30 14:40:24,234 - pyiron_log - INFO - Assigning a channel with the label a to the io key int_input139933405721664__a
2026-03-30 14:40:24,234 - pyiron_log - INFO - Assigning a channel with the label a to the io key int_input0139933409239760__a
2026-03-30 14:40:24,234 - pyiron_log - INFO - Assigning a channel with the label a to the io key int_input1139933405151552__a
2026-03-30 14:40:24,234 - pyiron_log - INFO - Assigning a channel with the label a to the io key int_input2139933407704656__a
2026-03-30 14:40:24,234 - pyiron_log - INFO - Assigning a channel with the label a_list to the io key list_input139933404825312__a_list
2026-03-30 14:40:24,234 - pyiron_log - INFO - Assigning a channel with the label max_iterations to the io key new_while_loop139934188253936__max_iterations
2026-03-30 14:40:24,234 - pyiron_log - INFO - Assigning a channel with the label a to the io key int_input139933405721664__a
2026-03-30 14:40:24,234 - pyiron_log - INFO - Assigning a channel with the label a to the io key int_input0139933409239760__a
2026-03-30 14:40:24,234 - pyiron_log - INFO - Assigning a channel with the label a to the io key int_input1139933405151552__a
2026-03-30 14:40:24,234 - pyiron_log - INFO - Assigning a channel with the label a to the io key int_input2139933407704656__a
2026-03-30 14:40:24,234 - pyiron_log - INFO - Assigning a channel with the label a_list to the io key list_input139933404825312__a_list
2026-03-30 14:40:24,234 - pyiron_log - INFO - Assigning a channel with the label max_iterations to the io key new_while_loop139934188253936__max_iterations
2026-03-30 14:40:24,234 - pyiron_log - INFO - Assigning a channel with the label a to the io key int_input139933405721664__a
2026-03-30 14:40:24,234 - pyiron_log - INFO - Assigning a channel with the label a to the io key int_input0139933409239760__a
2026-03-30 14:40:24,234 - pyiron_log - INFO - Assigning a channel with the label a to the io key int_input1139933405151552__a
2026-03-30 14:40:24,234 - pyiron_log - INFO - Assigning a channel with the label a to the io key int_input2139933407704656__a
2026-03-30 14:40:24,234 - pyiron_log - INFO - Assigning a channel with the label a_list to the io key list_input139933404825312__a_list
2026-03-30 14:40:24,234 - pyiron_log - INFO - Assigning a channel with the label max_iterations to the io key new_while_loop139934188253936__max_iterations
2026-03-30 14:40:24,234 - pyiron_log - INFO - Assigning a channel with the label a to the io key int_input139933405721664__a
2026-03-30 14:40:24,234 - pyiron_log - INFO - Assigning a channel with the label a to the io key int_input0139933409239760__a
2026-03-30 14:40:24,234 - pyiron_log - INFO - Assigning a channel with the label a to the io key int_input1139933405151552__a
2026-03-30 14:40:24,234 - pyiron_log - INFO - Assigning a channel with the label a to the io key int_input2139933407704656__a
2026-03-30 14:40:24,234 - pyiron_log - INFO - Assigning a channel with the label a_list to the io key list_input139933404825312__a_list
2026-03-30 14:40:24,234 - pyiron_log - INFO - Assigning a channel with the label max_iterations to the io key new_while_loop139934188253936__max_iterations
2026-03-30 14:40:24,234 - pyiron_log - INFO - Assigning a channel with the label a to the io key int_input139933405721664__a
2026-03-30 14:40:24,234 - pyiron_log - INFO - Assigning a channel with the label a to the io key int_input0139933409239760__a
2026-03-30 14:40:24,234 - pyiron_log - INFO - Assigning a channel with the label a to the io key int_input1139933405151552__a
2026-03-30 14:40:24,234 - pyiron_log - INFO - Assigning a channel with the label a to the io key int_input2139933407704656__a
2026-03-30 14:40:24,234 - pyiron_log - INFO - Assigning a channel with the label a_list to the io key list_input139933404825312__a_list
2026-03-30 14:40:24,235 - pyiron_log - INFO - Assigning a channel with the label n to the io key new_for_loop__n
2026-03-30 14:40:24,235 - pyiron_log - INFO - Assigning a channel with the label square to the io key new_for_loop__square
2026-03-30 14:40:26,915 - pyiron_log - INFO - Assigning a channel with the label max_iterations to the io key new_while_loop139934188253936__max_iterations
2026-03-30 14:40:26,915 - pyiron_log - INFO - Assigning a channel with the label a to the io key int_input139933405721664__a
2026-03-30 14:40:26,916 - pyiron_log - INFO - Assigning a channel with the label a to the io key int_input0139933409239760__a
2026-03-30 14:40:26,916 - pyiron_log - INFO - Assigning a channel with the label a to the io key int_input1139933405151552__a
2026-03-30 14:40:26,916 - pyiron_log - INFO - Assigning a channel with the label a to the io key int_input2139933407704656__a
2026-03-30 14:40:26,916 - pyiron_log - INFO - Assigning a channel with the label a_list to the io key list_input139933404825312__a_list
2026-03-30 14:40:26,916 - pyiron_log - INFO - Assigning a channel with the label max_iterations to the io key new_while_loop139934188253936__max_iterations
2026-03-30 14:40:26,916 - pyiron_log - INFO - Assigning a channel with the label a to the io key int_input139933405721664__a
2026-03-30 14:40:26,916 - pyiron_log - INFO - Assigning a channel with the label a to the io key int_input0139933409239760__a
2026-03-30 14:40:26,916 - pyiron_log - INFO - Assigning a channel with the label a to the io key int_input1139933405151552__a
2026-03-30 14:40:26,916 - pyiron_log - INFO - Assigning a channel with the label a to the io key int_input2139933407704656__a
2026-03-30 14:40:26,916 - pyiron_log - INFO - Assigning a channel with the label a_list to the io key list_input139933404825312__a_list
2026-03-30 14:40:26,916 - pyiron_log - INFO - Assigning a channel with the label max_iterations to the io key new_while_loop139934188253936__max_iterations
2026-03-30 14:40:26,916 - pyiron_log - INFO - Assigning a channel with the label a to the io key int_input139933405721664__a
2026-03-30 14:40:26,916 - pyiron_log - INFO - Assigning a channel with the label a to the io key int_input0139933409239760__a
2026-03-30 14:40:26,916 - pyiron_log - INFO - Assigning a channel with the label a to the io key int_input1139933405151552__a
2026-03-30 14:40:26,916 - pyiron_log - INFO - Assigning a channel with the label a to the io key int_input2139933407704656__a
2026-03-30 14:40:26,916 - pyiron_log - INFO - Assigning a channel with the label a_list to the io key list_input139933404825312__a_list
2026-03-30 14:40:26,916 - pyiron_log - INFO - Assigning a channel with the label max_iterations to the io key new_while_loop139934188253936__max_iterations
2026-03-30 14:40:26,916 - pyiron_log - INFO - Assigning a channel with the label a to the io key int_input139933405721664__a
2026-03-30 14:40:26,916 - pyiron_log - INFO - Assigning a channel with the label a to the io key int_input0139933409239760__a
2026-03-30 14:40:26,916 - pyiron_log - INFO - Assigning a channel with the label a to the io key int_input1139933405151552__a
2026-03-30 14:40:26,916 - pyiron_log - INFO - Assigning a channel with the label a to the io key int_input2139933407704656__a
2026-03-30 14:40:26,916 - pyiron_log - INFO - Assigning a channel with the label a_list to the io key list_input139933404825312__a_list
2026-03-30 14:40:26,916 - pyiron_log - INFO - Assigning a channel with the label n to the io key new_for_loop139933409239616__n
2026-03-30 14:40:26,916 - pyiron_log - INFO - Assigning a channel with the label square to the io key new_for_loop139933409239616__square
2026-03-30 14:53:10,455 - pyiron_log - INFO - int_input is already a node; appending an index to the node label instead: int_input0
2026-03-30 14:53:10,675 - pyiron_log - INFO - int_input is already a node; appending an index to the node label instead: int_input1
2026-03-30 14:53:10,888 - pyiron_log - INFO - int_input is already a node; appending an index to the node label instead: int_input2
2026-03-30 14:53:35,373 - pyiron_log - INFO - Assigning a channel with the label test_obj to the io key new_loop139634904562768__test_obj
2026-03-30 14:53:35,373 - pyiron_log - INFO - Assigning a channel with the label max_iterations to the io key new_loop139634904562768__max_iterations
2026-03-30 14:53:35,373 - pyiron_log - INFO - Assigning a channel with the label n to the io key macro__n
2026-03-30 14:53:35,373 - pyiron_log - INFO - Assigning a channel with the label n to the io key new_for_loop__n
2026-03-30 14:53:35,373 - pyiron_log - INFO - Assigning a channel with the label a to the io key int_input__a
2026-03-30 14:53:35,373 - pyiron_log - INFO - Assigning a channel with the label a to the io key int_input0139635643047360__a
2026-03-30 14:53:35,373 - pyiron_log - INFO - Assigning a channel with the label a to the io key int_input1139634892494784__a
2026-03-30 14:53:35,373 - pyiron_log - INFO - Assigning a channel with the label a to the io key int_input2139635643057216__a
2026-03-30 14:53:35,373 - pyiron_log - INFO - Assigning a channel with the label test_obj to the io key new_loop139634904562768__test_obj
2026-03-30 14:53:35,373 - pyiron_log - INFO - Assigning a channel with the label max_iterations to the io key new_loop139634904562768__max_iterations
2026-03-30 14:53:35,373 - pyiron_log - INFO - Assigning a channel with the label n to the io key macro__n
2026-03-30 14:53:35,373 - pyiron_log - INFO - Assigning a channel with the label n to the io key new_for_loop__n
2026-03-30 14:53:35,373 - pyiron_log - INFO - Assigning a channel with the label a to the io key int_input__a
2026-03-30 14:53:35,374 - pyiron_log - INFO - Assigning a channel with the label a to the io key int_input0139635643047360__a
2026-03-30 14:53:35,374 - pyiron_log - INFO - Assigning a channel with the label a to the io key int_input1139634892494784__a
2026-03-30 14:53:35,374 - pyiron_log - INFO - Assigning a channel with the label a to the io key int_input2139635643057216__a
2026-03-30 14:53:35,374 - pyiron_log - INFO - Assigning a channel with the label test_obj to the io key new_loop139634904562768__test_obj
2026-03-30 14:53:35,374 - pyiron_log - INFO - Assigning a channel with the label max_iterations to the io key new_loop139634904562768__max_iterations
2026-03-30 14:53:35,374 - pyiron_log - INFO - Assigning a channel with the label n to the io key macro__n
2026-03-30 14:53:35,374 - pyiron_log - INFO - Assigning a channel with the label n to the io key new_for_loop__n
2026-03-30 14:53:35,374 - pyiron_log - INFO - Assigning a channel with the label a to the io key int_input__a
2026-03-30 14:53:35,374 - pyiron_log - INFO - Assigning a channel with the label a to the io key int_input0139635643047360__a
2026-03-30 14:53:35,374 - pyiron_log - INFO - Assigning a channel with the label a to the io key int_input1139634892494784__a
2026-03-30 14:53:35,374 - pyiron_log - INFO - Assigning a channel with the label a to the io key int_input2139635643057216__a
2026-03-30 14:53:35,374 - pyiron_log - INFO - Assigning a channel with the label test_obj to the io key new_loop139634904562768__test_obj
2026-03-30 14:53:35,374 - pyiron_log - INFO - Assigning a channel with the label max_iterations to the io key new_loop139634904562768__max_iterations
2026-03-30 14:53:35,374 - pyiron_log - INFO - Assigning a channel with the label n to the io key macro__n
2026-03-30 14:53:35,374 - pyiron_log - INFO - Assigning a channel with the label n to the io key new_for_loop__n
2026-03-30 14:53:35,374 - pyiron_log - INFO - Assigning a channel with the label a to the io key int_input__a
2026-03-30 14:53:35,374 - pyiron_log - INFO - Assigning a channel with the label a to the io key int_input0139635643047360__a
2026-03-30 14:53:35,374 - pyiron_log - INFO - Assigning a channel with the label a to the io key int_input1139634892494784__a
2026-03-30 14:53:35,374 - pyiron_log - INFO - Assigning a channel with the label a to the io key int_input2139635643057216__a
2026-03-30 14:53:35,374 - pyiron_log - INFO - Assigning a channel with the label test_obj to the io key new_loop139634904562768__test_obj
2026-03-30 14:53:35,374 - pyiron_log - INFO - Assigning a channel with the label max_iterations to the io key new_loop139634904562768__max_iterations
2026-03-30 14:53:35,374 - pyiron_log - INFO - Assigning a channel with the label n to the io key macro__n
2026-03-30 14:53:35,374 - pyiron_log - INFO - Assigning a channel with the label n to the io key new_for_loop__n
2026-03-30 14:53:35,374 - pyiron_log - INFO - Assigning a channel with the label a to the io key int_input__a
2026-03-30 14:53:35,374 - pyiron_log - INFO - Assigning a channel with the label a to the io key int_input0139635643047360__a
2026-03-30 14:53:35,374 - pyiron_log - INFO - Assigning a channel with the label a to the io key int_input1139634892494784__a
2026-03-30 14:53:35,375 - pyiron_log - INFO - Assigning a channel with the label a to the io key int_input2139635643057216__a
2026-03-30 14:53:35,375 - pyiron_log - INFO - Assigning a channel with the label test_obj to the io key new_loop139634904562768__test_obj
2026-03-30 14:53:35,375 - pyiron_log - INFO - Assigning a channel with the label max_iterations to the io key new_loop139634904562768__max_iterations
2026-03-30 14:53:35,375 - pyiron_log - INFO - Assigning a channel with the label n to the io key macro__n
2026-03-30 14:53:35,375 - pyiron_log - INFO - Assigning a channel with the label n to the io key new_for_loop__n
2026-03-30 14:53:35,375 - pyiron_log - INFO - Assigning a channel with the label a to the io key int_input__a
2026-03-30 14:53:35,375 - pyiron_log - INFO - Assigning a channel with the label a to the io key int_input0139635643047360__a
2026-03-30 14:53:35,375 - pyiron_log - INFO - Assigning a channel with the label a to the io key int_input1139634892494784__a
2026-03-30 14:53:35,375 - pyiron_log - INFO - Assigning a channel with the label a to the io key int_input2139635643057216__a
2026-03-30 14:53:35,375 - pyiron_log - INFO - Assigning a channel with the label test_obj to the io key new_loop139634904562768__test_obj
2026-03-30 14:53:35,375 - pyiron_log - INFO - Assigning a channel with the label max_iterations to the io key new_loop139634904562768__max_iterations
2026-03-30 14:53:35,375 - pyiron_log - INFO - Assigning a channel with the label n to the io key macro__n
2026-03-30 14:53:35,375 - pyiron_log - INFO - Assigning a channel with the label n to the io key new_for_loop__n
2026-03-30 14:53:35,375 - pyiron_log - INFO - Assigning a channel with the label a to the io key int_input__a
2026-03-30 14:53:35,375 - pyiron_log - INFO - Assigning a channel with the label a to the io key int_input0139635643047360__a
2026-03-30 14:53:35,375 - pyiron_log - INFO - Assigning a channel with the label a to the io key int_input1139634892494784__a
2026-03-30 14:53:35,375 - pyiron_log - INFO - Assigning a channel with the label a to the io key int_input2139635643057216__a
2026-03-30 14:53:35,375 - pyiron_log - INFO - Assigning a channel with the label test_obj to the io key new_loop139634904562768__test_obj
2026-03-30 14:53:35,375 - pyiron_log - INFO - Assigning a channel with the label max_iterations to the io key new_loop139634904562768__max_iterations
2026-03-30 14:53:35,375 - pyiron_log - INFO - Assigning a channel with the label n to the io key macro__n
2026-03-30 14:53:35,375 - pyiron_log - INFO - Assigning a channel with the label n to the io key new_for_loop__n
2026-03-30 14:53:35,375 - pyiron_log - INFO - Assigning a channel with the label a to the io key int_input__a
2026-03-30 14:53:35,375 - pyiron_log - INFO - Assigning a channel with the label a to the io key int_input0139635643047360__a
2026-03-30 14:53:35,375 - pyiron_log - INFO - Assigning a channel with the label a to the io key int_input1139634892494784__a
2026-03-30 14:53:35,375 - pyiron_log - INFO - Assigning a channel with the label a to the io key int_input2139635643057216__a
2026-03-30 14:53:35,375 - pyiron_log - INFO - Assigning a channel with the label test_obj to the io key new_loop139634904562768__test_obj
2026-03-30 14:53:35,376 - pyiron_log - INFO - Assigning a channel with the label max_iterations to the io key new_loop139634904562768__max_iterations
2026-03-30 14:53:35,376 - pyiron_log - INFO - Assigning a channel with the label n to the io key macro__n
2026-03-30 14:53:35,376 - pyiron_log - INFO - Assigning a channel with the label n to the io key new_for_loop__n
2026-03-30 14:53:35,376 - pyiron_log - INFO - Assigning a channel with the label a to the io key int_input__a
2026-03-30 14:53:35,376 - pyiron_log - INFO - Assigning a channel with the label a to the io key int_input0139635643047360__a
2026-03-30 14:53:35,376 - pyiron_log - INFO - Assigning a channel with the label a to the io key int_input1139634892494784__a
2026-03-30 14:53:35,376 - pyiron_log - INFO - Assigning a channel with the label a to the io key int_input2139635643057216__a
2026-03-30 14:53:35,376 - pyiron_log - INFO - Assigning a channel with the label test_obj to the io key new_loop139634904562768__test_obj
2026-03-30 14:53:35,376 - pyiron_log - INFO - Assigning a channel with the label max_iterations to the io key new_loop139634904562768__max_iterations
2026-03-30 14:53:35,376 - pyiron_log - INFO - Assigning a channel with the label n to the io key macro__n
2026-03-30 14:53:35,376 - pyiron_log - INFO - Assigning a channel with the label n to the io key new_for_loop__n
2026-03-30 14:53:35,376 - pyiron_log - INFO - Assigning a channel with the label a to the io key int_input__a
2026-03-30 14:53:35,376 - pyiron_log - INFO - Assigning a channel with the label a to the io key int_input0139635643047360__a
2026-03-30 14:53:35,376 - pyiron_log - INFO - Assigning a channel with the label a to the io key int_input1139634892494784__a
2026-03-30 14:53:35,376 - pyiron_log - INFO - Assigning a channel with the label a to the io key int_input2139635643057216__a
2026-03-30 14:53:54,920 - pyiron_log - INFO - AppendToList is already a node; appending an index to the node label instead: AppendToList0
2026-03-30 14:54:14,703 - pyiron_log - INFO - Assigning a channel with the label test_obj to the io key new_loop139634904562768__test_obj
2026-03-30 14:54:14,704 - pyiron_log - INFO - Assigning a channel with the label max_iterations to the io key new_loop139634904562768__max_iterations
2026-03-30 14:54:14,704 - pyiron_log - INFO - Assigning a channel with the label n to the io key macro__n
2026-03-30 14:54:14,704 - pyiron_log - INFO - Assigning a channel with the label n to the io key new_for_loop__n
2026-03-30 14:54:14,704 - pyiron_log - INFO - Assigning a channel with the label a to the io key int_input__a
2026-03-30 14:54:14,704 - pyiron_log - INFO - Assigning a channel with the label a to the io key int_input0139635643047360__a
2026-03-30 14:54:14,704 - pyiron_log - INFO - Assigning a channel with the label a to the io key int_input1139634892494784__a
2026-03-30 14:54:14,704 - pyiron_log - INFO - Assigning a channel with the label a to the io key int_input2139635643057216__a
2026-03-30 14:54:14,704 - pyiron_log - INFO - Assigning a channel with the label a_list to the io key list_input139635642893424__a_list
2026-03-30 14:54:14,704 - pyiron_log - INFO - Assigning a channel with the label test_obj to the io key new_loop139634904562768__test_obj
2026-03-30 14:54:14,704 - pyiron_log - INFO - Assigning a channel with the label max_iterations to the io key new_loop139634904562768__max_iterations
2026-03-30 14:54:14,704 - pyiron_log - INFO - Assigning a channel with the label n to the io key macro__n
2026-03-30 14:54:14,704 - pyiron_log - INFO - Assigning a channel with the label n to the io key new_for_loop__n
2026-03-30 14:54:14,704 - pyiron_log - INFO - Assigning a channel with the label a to the io key int_input__a
2026-03-30 14:54:14,704 - pyiron_log - INFO - Assigning a channel with the label a to the io key int_input0139635643047360__a
2026-03-30 14:54:14,704 - pyiron_log - INFO - Assigning a channel with the label a to the io key int_input1139634892494784__a
2026-03-30 14:54:14,704 - pyiron_log - INFO - Assigning a channel with the label a to the io key int_input2139635643057216__a
2026-03-30 14:54:14,704 - pyiron_log - INFO - Assigning a channel with the label a_list to the io key list_input139635642893424__a_list
2026-03-30 14:54:14,704 - pyiron_log - INFO - Assigning a channel with the label test_obj to the io key new_loop139634904562768__test_obj
2026-03-30 14:54:14,704 - pyiron_log - INFO - Assigning a channel with the label max_iterations to the io key new_loop139634904562768__max_iterations
2026-03-30 14:54:14,704 - pyiron_log - INFO - Assigning a channel with the label n to the io key macro__n
2026-03-30 14:54:14,704 - pyiron_log - INFO - Assigning a channel with the label n to the io key new_for_loop__n
2026-03-30 14:54:14,704 - pyiron_log - INFO - Assigning a channel with the label a to the io key int_input__a
2026-03-30 14:54:14,704 - pyiron_log - INFO - Assigning a channel with the label a to the io key int_input0139635643047360__a
2026-03-30 14:54:14,705 - pyiron_log - INFO - Assigning a channel with the label a to the io key int_input1139634892494784__a
2026-03-30 14:54:14,705 - pyiron_log - INFO - Assigning a channel with the label a to the io key int_input2139635643057216__a
2026-03-30 14:54:14,705 - pyiron_log - INFO - Assigning a channel with the label a_list to the io key list_input139635642893424__a_list
2026-03-30 14:54:14,705 - pyiron_log - INFO - Assigning a channel with the label test_obj to the io key new_loop139634904562768__test_obj
2026-03-30 14:54:14,705 - pyiron_log - INFO - Assigning a channel with the label max_iterations to the io key new_loop139634904562768__max_iterations
2026-03-30 14:54:14,705 - pyiron_log - INFO - Assigning a channel with the label n to the io key macro__n
2026-03-30 14:54:14,705 - pyiron_log - INFO - Assigning a channel with the label n to the io key new_for_loop__n
2026-03-30 14:54:14,705 - pyiron_log - INFO - Assigning a channel with the label a to the io key int_input__a
2026-03-30 14:54:14,705 - pyiron_log - INFO - Assigning a channel with the label a to the io key int_input0139635643047360__a
2026-03-30 14:54:14,705 - pyiron_log - INFO - Assigning a channel with the label a to the io key int_input1139634892494784__a
2026-03-30 14:54:14,705 - pyiron_log - INFO - Assigning a channel with the label a to the io key int_input2139635643057216__a
2026-03-30 14:54:14,705 - pyiron_log - INFO - Assigning a channel with the label a_list to the io key list_input139635642893424__a_list
2026-03-30 14:54:14,705 - pyiron_log - INFO - Assigning a channel with the label test_obj to the io key new_loop139634904562768__test_obj
2026-03-30 14:54:14,705 - pyiron_log - INFO - Assigning a channel with the label max_iterations to the io key new_loop139634904562768__max_iterations
2026-03-30 14:54:14,705 - pyiron_log - INFO - Assigning a channel with the label n to the io key macro__n
2026-03-30 14:54:14,705 - pyiron_log - INFO - Assigning a channel with the label n to the io key new_for_loop__n
2026-03-30 14:54:14,705 - pyiron_log - INFO - Assigning a channel with the label a to the io key int_input__a
2026-03-30 14:54:14,705 - pyiron_log - INFO - Assigning a channel with the label a to the io key int_input0139635643047360__a
2026-03-30 14:54:14,705 - pyiron_log - INFO - Assigning a channel with the label a to the io key int_input1139634892494784__a
2026-03-30 14:54:14,705 - pyiron_log - INFO - Assigning a channel with the label a to the io key int_input2139635643057216__a
2026-03-30 14:54:14,705 - pyiron_log - INFO - Assigning a channel with the label a_list to the io key list_input139635642893424__a_list
2026-03-30 14:54:14,705 - pyiron_log - INFO - Assigning a channel with the label test_obj to the io key new_loop139634904562768__test_obj
2026-03-30 14:54:14,705 - pyiron_log - INFO - Assigning a channel with the label max_iterations to the io key new_loop139634904562768__max_iterations
2026-03-30 14:54:14,705 - pyiron_log - INFO - Assigning a channel with the label n to the io key macro__n
2026-03-30 14:54:14,705 - pyiron_log - INFO - Assigning a channel with the label n to the io key new_for_loop__n
2026-03-30 14:54:14,705 - pyiron_log - INFO - Assigning a channel with the label a to the io key int_input__a
2026-03-30 14:54:14,705 - pyiron_log - INFO - Assigning a channel with the label a to the io key int_input0139635643047360__a
2026-03-30 14:54:14,705 - pyiron_log - INFO - Assigning a channel with the label a to the io key int_input1139634892494784__a
2026-03-30 14:54:14,705 - pyiron_log - INFO - Assigning a channel with the label a to the io key int_input2139635643057216__a
2026-03-30 14:54:14,705 - pyiron_log - INFO - Assigning a channel with the label a_list to the io key list_input139635642893424__a_list
2026-03-30 14:54:14,705 - pyiron_log - INFO - Assigning a channel with the label test_obj to the io key new_loop139634904562768__test_obj
2026-03-30 14:54:14,705 - pyiron_log - INFO - Assigning a channel with the label max_iterations to the io key new_loop139634904562768__max_iterations
2026-03-30 14:54:14,705 - pyiron_log - INFO - Assigning a channel with the label n to the io key macro__n
2026-03-30 14:54:14,705 - pyiron_log - INFO - Assigning a channel with the label n to the io key new_for_loop__n
2026-03-30 14:54:14,706 - pyiron_log - INFO - Assigning a channel with the label a to the io key int_input__a
2026-03-30 14:54:14,706 - pyiron_log - INFO - Assigning a channel with the label a to the io key int_input0139635643047360__a
2026-03-30 14:54:14,706 - pyiron_log - INFO - Assigning a channel with the label a to the io key int_input1139634892494784__a
2026-03-30 14:54:14,706 - pyiron_log - INFO - Assigning a channel with the label a to the io key int_input2139635643057216__a
2026-03-30 14:54:14,706 - pyiron_log - INFO - Assigning a channel with the label a_list to the io key list_input139635642893424__a_list
2026-03-30 14:54:14,706 - pyiron_log - INFO - Assigning a channel with the label test_obj to the io key new_loop139634904562768__test_obj
2026-03-30 14:54:14,706 - pyiron_log - INFO - Assigning a channel with the label max_iterations to the io key new_loop139634904562768__max_iterations
2026-03-30 14:54:14,706 - pyiron_log - INFO - Assigning a channel with the label n to the io key macro__n
2026-03-30 14:54:14,706 - pyiron_log - INFO - Assigning a channel with the label n to the io key new_for_loop__n
2026-03-30 14:54:14,706 - pyiron_log - INFO - Assigning a channel with the label a to the io key int_input__a
2026-03-30 14:54:14,706 - pyiron_log - INFO - Assigning a channel with the label a to the io key int_input0139635643047360__a
2026-03-30 14:54:14,706 - pyiron_log - INFO - Assigning a channel with the label a to the io key int_input1139634892494784__a
2026-03-30 14:54:14,706 - pyiron_log - INFO - Assigning a channel with the label a to the io key int_input2139635643057216__a
2026-03-30 14:54:14,706 - pyiron_log - INFO - Assigning a channel with the label a_list to the io key list_input139635642893424__a_list
2026-03-30 14:54:14,706 - pyiron_log - INFO - Assigning a channel with the label test_obj to the io key new_loop139634904562768__test_obj
2026-03-30 14:54:14,706 - pyiron_log - INFO - Assigning a channel with the label max_iterations to the io key new_loop139634904562768__max_iterations
2026-03-30 14:54:14,706 - pyiron_log - INFO - Assigning a channel with the label n to the io key macro__n
2026-03-30 14:54:14,706 - pyiron_log - INFO - Assigning a channel with the label n to the io key new_for_loop__n
2026-03-30 14:54:14,706 - pyiron_log - INFO - Assigning a channel with the label a to the io key int_input__a
2026-03-30 14:54:14,706 - pyiron_log - INFO - Assigning a channel with the label a to the io key int_input0139635643047360__a
2026-03-30 14:54:14,706 - pyiron_log - INFO - Assigning a channel with the label a to the io key int_input1139634892494784__a
2026-03-30 14:54:14,706 - pyiron_log - INFO - Assigning a channel with the label a to the io key int_input2139635643057216__a
2026-03-30 14:54:14,706 - pyiron_log - INFO - Assigning a channel with the label a_list to the io key list_input139635642893424__a_list
2026-03-30 14:54:14,706 - pyiron_log - INFO - Assigning a channel with the label test_obj to the io key new_loop139634904562768__test_obj
2026-03-30 14:54:14,706 - pyiron_log - INFO - Assigning a channel with the label max_iterations to the io key new_loop139634904562768__max_iterations
2026-03-30 14:54:14,706 - pyiron_log - INFO - Assigning a channel with the label n to the io key macro__n
2026-03-30 14:54:14,706 - pyiron_log - INFO - Assigning a channel with the label n to the io key new_for_loop__n
2026-03-30 14:54:14,706 - pyiron_log - INFO - Assigning a channel with the label a to the io key int_input__a
2026-03-30 14:54:14,706 - pyiron_log - INFO - Assigning a channel with the label a to the io key int_input0139635643047360__a
2026-03-30 14:54:14,706 - pyiron_log - INFO - Assigning a channel with the label a to the io key int_input1139634892494784__a
2026-03-30 14:54:14,706 - pyiron_log - INFO - Assigning a channel with the label a to the io key int_input2139635643057216__a
2026-03-30 14:54:14,706 - pyiron_log - INFO - Assigning a channel with the label a_list to the io key list_input139635642893424__a_list
2026-03-30 14:54:22,680 - pyiron_log - INFO - Assigning a channel with the label test_obj to the io key new_loop139634904562768__test_obj
2026-03-30 14:54:22,680 - pyiron_log - INFO - Assigning a channel with the label max_iterations to the io key new_loop139634904562768__max_iterations
2026-03-30 14:54:22,680 - pyiron_log - INFO - Assigning a channel with the label a to the io key int_input__a
2026-03-30 14:54:22,680 - pyiron_log - INFO - Assigning a channel with the label a to the io key int_input0139635643047360__a
2026-03-30 14:54:22,680 - pyiron_log - INFO - Assigning a channel with the label a to the io key int_input1139634892494784__a
2026-03-30 14:54:22,680 - pyiron_log - INFO - Assigning a channel with the label a to the io key int_input2139635643057216__a
2026-03-30 14:54:22,680 - pyiron_log - INFO - Assigning a channel with the label a_list to the io key list_input__a_list
2026-03-30 14:54:22,680 - pyiron_log - INFO - Assigning a channel with the label test_obj to the io key new_loop139634904562768__test_obj
2026-03-30 14:54:22,680 - pyiron_log - INFO - Assigning a channel with the label max_iterations to the io key new_loop139634904562768__max_iterations
2026-03-30 14:54:22,680 - pyiron_log - INFO - Assigning a channel with the label a to the io key int_input__a
2026-03-30 14:54:22,680 - pyiron_log - INFO - Assigning a channel with the label a to the io key int_input0139635643047360__a
2026-03-30 14:54:22,680 - pyiron_log - INFO - Assigning a channel with the label a to the io key int_input1139634892494784__a
2026-03-30 14:54:22,680 - pyiron_log - INFO - Assigning a channel with the label a to the io key int_input2139635643057216__a
2026-03-30 14:54:22,680 - pyiron_log - INFO - Assigning a channel with the label a_list to the io key list_input__a_list
2026-03-30 14:54:22,680 - pyiron_log - INFO - Assigning a channel with the label test_obj to the io key new_loop139634904562768__test_obj
2026-03-30 14:54:22,680 - pyiron_log - INFO - Assigning a channel with the label max_iterations to the io key new_loop139634904562768__max_iterations
2026-03-30 14:54:22,680 - pyiron_log - INFO - Assigning a channel with the label a to the io key int_input__a
2026-03-30 14:54:22,680 - pyiron_log - INFO - Assigning a channel with the label a to the io key int_input0139635643047360__a
2026-03-30 14:54:22,680 - pyiron_log - INFO - Assigning a channel with the label a to the io key int_input1139634892494784__a
2026-03-30 14:54:22,680 - pyiron_log - INFO - Assigning a channel with the label a to the io key int_input2139635643057216__a
2026-03-30 14:54:22,680 - pyiron_log - INFO - Assigning a channel with the label a_list to the io key list_input__a_list
2026-03-30 14:54:22,680 - pyiron_log - INFO - Assigning a channel with the label test_obj to the io key new_loop139634904562768__test_obj
2026-03-30 14:54:22,680 - pyiron_log - INFO - Assigning a channel with the label max_iterations to the io key new_loop139634904562768__max_iterations
2026-03-30 14:54:22,680 - pyiron_log - INFO - Assigning a channel with the label a to the io key int_input__a
2026-03-30 14:54:22,680 - pyiron_log - INFO - Assigning a channel with the label a to the io key int_input0139635643047360__a
2026-03-30 14:54:22,680 - pyiron_log - INFO - Assigning a channel with the label a to the io key int_input1139634892494784__a
2026-03-30 14:54:22,680 - pyiron_log - INFO - Assigning a channel with the label a to the io key int_input2139635643057216__a
2026-03-30 14:54:22,680 - pyiron_log - INFO - Assigning a channel with the label a_list to the io key list_input__a_list
2026-03-30 14:54:22,680 - pyiron_log - INFO - Assigning a channel with the label test_obj to the io key new_loop139634904562768__test_obj
2026-03-30 14:54:22,681 - pyiron_log - INFO - Assigning a channel with the label max_iterations to the io key new_loop139634904562768__max_iterations
2026-03-30 14:54:22,681 - pyiron_log - INFO - Assigning a channel with the label a to the io key int_input__a
2026-03-30 14:54:22,681 - pyiron_log - INFO - Assigning a channel with the label a to the io key int_input0139635643047360__a
2026-03-30 14:54:22,681 - pyiron_log - INFO - Assigning a channel with the label a to the io key int_input1139634892494784__a
2026-03-30 14:54:22,681 - pyiron_log - INFO - Assigning a channel with the label a to the io key int_input2139635643057216__a
2026-03-30 14:54:22,681 - pyiron_log - INFO - Assigning a channel with the label a_list to the io key list_input__a_list
2026-03-30 14:54:22,681 - pyiron_log - INFO - Assigning a channel with the label test_obj to the io key new_loop139634904562768__test_obj
2026-03-30 14:54:22,681 - pyiron_log - INFO - Assigning a channel with the label max_iterations to the io key new_loop139634904562768__max_iterations
2026-03-30 14:54:22,681 - pyiron_log - INFO - Assigning a channel with the label a to the io key int_input__a
2026-03-30 14:54:22,681 - pyiron_log - INFO - Assigning a channel with the label a to the io key int_input0139635643047360__a
2026-03-30 14:54:22,681 - pyiron_log - INFO - Assigning a channel with the label a to the io key int_input1139634892494784__a
2026-03-30 14:54:22,681 - pyiron_log - INFO - Assigning a channel with the label a to the io key int_input2139635643057216__a
2026-03-30 14:54:22,681 - pyiron_log - INFO - Assigning a channel with the label a_list to the io key list_input__a_list
2026-03-30 14:54:22,681 - pyiron_log - INFO - Assigning a channel with the label test_obj to the io key new_loop139634904562768__test_obj
2026-03-30 14:54:22,681 - pyiron_log - INFO - Assigning a channel with the label max_iterations to the io key new_loop139634904562768__max_iterations
2026-03-30 14:54:22,681 - pyiron_log - INFO - Assigning a channel with the label a to the io key int_input__a
2026-03-30 14:54:22,681 - pyiron_log - INFO - Assigning a channel with the label a to the io key int_input0139635643047360__a
2026-03-30 14:54:22,681 - pyiron_log - INFO - Assigning a channel with the label a to the io key int_input1139634892494784__a
2026-03-30 14:54:22,681 - pyiron_log - INFO - Assigning a channel with the label a to the io key int_input2139635643057216__a
2026-03-30 14:54:22,681 - pyiron_log - INFO - Assigning a channel with the label a_list to the io key list_input__a_list
2026-03-30 14:54:22,681 - pyiron_log - INFO - Assigning a channel with the label test_obj to the io key new_loop139634904562768__test_obj
2026-03-30 14:54:22,681 - pyiron_log - INFO - Assigning a channel with the label max_iterations to the io key new_loop139634904562768__max_iterations
2026-03-30 14:54:22,681 - pyiron_log - INFO - Assigning a channel with the label a to the io key int_input__a
2026-03-30 14:54:22,681 - pyiron_log - INFO - Assigning a channel with the label a to the io key int_input0139635643047360__a
2026-03-30 14:54:22,681 - pyiron_log - INFO - Assigning a channel with the label a to the io key int_input1139634892494784__a
2026-03-30 14:54:22,681 - pyiron_log - INFO - Assigning a channel with the label a to the io key int_input2139635643057216__a
2026-03-30 14:54:22,681 - pyiron_log - INFO - Assigning a channel with the label a_list to the io key list_input__a_list
2026-03-30 14:54:22,681 - pyiron_log - INFO - Assigning a channel with the label test_obj to the io key new_loop139634904562768__test_obj
2026-03-30 14:54:22,681 - pyiron_log - INFO - Assigning a channel with the label max_iterations to the io key new_loop139634904562768__max_iterations
2026-03-30 14:54:22,681 - pyiron_log - INFO - Assigning a channel with the label a to the io key int_input__a
2026-03-30 14:54:22,681 - pyiron_log - INFO - Assigning a channel with the label a to the io key int_input0139635643047360__a
2026-03-30 14:54:22,681 - pyiron_log - INFO - Assigning a channel with the label a to the io key int_input1139634892494784__a
2026-03-30 14:54:22,681 - pyiron_log - INFO - Assigning a channel with the label a to the io key int_input2139635643057216__a
2026-03-30 14:54:22,681 - pyiron_log - INFO - Assigning a channel with the label a_list to the io key list_input__a_list
2026-03-30 14:54:22,682 - pyiron_log - INFO - Assigning a channel with the label test_obj to the io key new_loop139634904562768__test_obj
2026-03-30 14:54:22,682 - pyiron_log - INFO - Assigning a channel with the label max_iterations to the io key new_loop139634904562768__max_iterations
2026-03-30 14:54:22,682 - pyiron_log - INFO - Assigning a channel with the label a to the io key int_input__a
2026-03-30 14:54:22,682 - pyiron_log - INFO - Assigning a channel with the label a to the io key int_input0139635643047360__a
2026-03-30 14:54:22,682 - pyiron_log - INFO - Assigning a channel with the label a to the io key int_input1139634892494784__a
2026-03-30 14:54:22,682 - pyiron_log - INFO - Assigning a channel with the label a to the io key int_input2139635643057216__a
2026-03-30 14:54:22,682 - pyiron_log - INFO - Assigning a channel with the label a_list to the io key list_input__a_list
2026-03-30 14:54:28,738 - pyiron_log - INFO - Assigning a channel with the label test_obj to the io key new_loop139634904562768__test_obj
2026-03-30 14:54:28,738 - pyiron_log - INFO - Assigning a channel with the label max_iterations to the io key new_loop139634904562768__max_iterations
2026-03-30 14:54:28,738 - pyiron_log - INFO - Assigning a channel with the label a to the io key int_input__a
2026-03-30 14:54:28,738 - pyiron_log - INFO - Assigning a channel with the label a to the io key int_input0139635643047360__a
2026-03-30 14:54:28,738 - pyiron_log - INFO - Assigning a channel with the label a to the io key int_input1139634892494784__a
2026-03-30 14:54:28,738 - pyiron_log - INFO - Assigning a channel with the label a to the io key int_input2139635643057216__a
2026-03-30 14:54:28,738 - pyiron_log - INFO - Assigning a channel with the label a_list to the io key list_input139635642893424__a_list
2026-03-30 14:54:28,738 - pyiron_log - INFO - Assigning a channel with the label test_obj to the io key new_loop139634904562768__test_obj
2026-03-30 14:54:28,738 - pyiron_log - INFO - Assigning a channel with the label max_iterations to the io key new_loop139634904562768__max_iterations
2026-03-30 14:54:28,738 - pyiron_log - INFO - Assigning a channel with the label a to the io key int_input__a
2026-03-30 14:54:28,738 - pyiron_log - INFO - Assigning a channel with the label a to the io key int_input0139635643047360__a
2026-03-30 14:54:28,738 - pyiron_log - INFO - Assigning a channel with the label a to the io key int_input1139634892494784__a
2026-03-30 14:54:28,738 - pyiron_log - INFO - Assigning a channel with the label a to the io key int_input2139635643057216__a
2026-03-30 14:54:28,738 - pyiron_log - INFO - Assigning a channel with the label a_list to the io key list_input139635642893424__a_list
2026-03-30 14:54:28,738 - pyiron_log - INFO - Assigning a channel with the label test_obj to the io key new_loop139634904562768__test_obj
2026-03-30 14:54:28,738 - pyiron_log - INFO - Assigning a channel with the label max_iterations to the io key new_loop139634904562768__max_iterations
2026-03-30 14:54:28,738 - pyiron_log - INFO - Assigning a channel with the label a to the io key int_input__a
2026-03-30 14:54:28,738 - pyiron_log - INFO - Assigning a channel with the label a to the io key int_input0139635643047360__a
2026-03-30 14:54:28,738 - pyiron_log - INFO - Assigning a channel with the label a to the io key int_input1139634892494784__a
2026-03-30 14:54:28,738 - pyiron_log - INFO - Assigning a channel with the label a to the io key int_input2139635643057216__a
2026-03-30 14:54:28,738 - pyiron_log - INFO - Assigning a channel with the label a_list to the io key list_input139635642893424__a_list
2026-03-30 14:54:28,738 - pyiron_log - INFO - Assigning a channel with the label test_obj to the io key new_loop139634904562768__test_obj
2026-03-30 14:54:28,739 - pyiron_log - INFO - Assigning a channel with the label max_iterations to the io key new_loop139634904562768__max_iterations
2026-03-30 14:54:28,739 - pyiron_log - INFO - Assigning a channel with the label a to the io key int_input__a
2026-03-30 14:54:28,739 - pyiron_log - INFO - Assigning a channel with the label a to the io key int_input0139635643047360__a
2026-03-30 14:54:28,739 - pyiron_log - INFO - Assigning a channel with the label a to the io key int_input1139634892494784__a
2026-03-30 14:54:28,739 - pyiron_log - INFO - Assigning a channel with the label a to the io key int_input2139635643057216__a
2026-03-30 14:54:28,739 - pyiron_log - INFO - Assigning a channel with the label a_list to the io key list_input139635642893424__a_list
2026-03-30 14:54:28,739 - pyiron_log - INFO - Assigning a channel with the label test_obj to the io key new_loop139634904562768__test_obj
2026-03-30 14:54:28,739 - pyiron_log - INFO - Assigning a channel with the label max_iterations to the io key new_loop139634904562768__max_iterations
2026-03-30 14:54:28,739 - pyiron_log - INFO - Assigning a channel with the label a to the io key int_input__a
2026-03-30 14:54:28,739 - pyiron_log - INFO - Assigning a channel with the label a to the io key int_input0139635643047360__a
2026-03-30 14:54:28,739 - pyiron_log - INFO - Assigning a channel with the label a to the io key int_input1139634892494784__a
2026-03-30 14:54:28,739 - pyiron_log - INFO - Assigning a channel with the label a to the io key int_input2139635643057216__a
2026-03-30 14:54:28,739 - pyiron_log - INFO - Assigning a channel with the label a_list to the io key list_input139635642893424__a_list
2026-03-30 14:54:28,739 - pyiron_log - INFO - Assigning a channel with the label test_obj to the io key new_loop139634904562768__test_obj
2026-03-30 14:54:28,739 - pyiron_log - INFO - Assigning a channel with the label max_iterations to the io key new_loop139634904562768__max_iterations
2026-03-30 14:54:28,739 - pyiron_log - INFO - Assigning a channel with the label a to the io key int_input__a
2026-03-30 14:54:28,739 - pyiron_log - INFO - Assigning a channel with the label a to the io key int_input0139635643047360__a
2026-03-30 14:54:28,739 - pyiron_log - INFO - Assigning a channel with the label a to the io key int_input1139634892494784__a
2026-03-30 14:54:28,739 - pyiron_log - INFO - Assigning a channel with the label a to the io key int_input2139635643057216__a
2026-03-30 14:54:28,739 - pyiron_log - INFO - Assigning a channel with the label a_list to the io key list_input139635642893424__a_list
2026-03-30 14:54:28,739 - pyiron_log - INFO - Assigning a channel with the label test_obj to the io key new_loop139634904562768__test_obj
2026-03-30 14:54:28,739 - pyiron_log - INFO - Assigning a channel with the label max_iterations to the io key new_loop139634904562768__max_iterations
2026-03-30 14:54:28,739 - pyiron_log - INFO - Assigning a channel with the label a to the io key int_input__a
2026-03-30 14:54:28,739 - pyiron_log - INFO - Assigning a channel with the label a to the io key int_input0139635643047360__a
2026-03-30 14:54:28,739 - pyiron_log - INFO - Assigning a channel with the label a to the io key int_input1139634892494784__a
2026-03-30 14:54:28,739 - pyiron_log - INFO - Assigning a channel with the label a to the io key int_input2139635643057216__a
2026-03-30 14:54:28,739 - pyiron_log - INFO - Assigning a channel with the label a_list to the io key list_input139635642893424__a_list
2026-03-30 14:54:28,739 - pyiron_log - INFO - Assigning a channel with the label test_obj to the io key new_loop139634904562768__test_obj
2026-03-30 14:54:28,739 - pyiron_log - INFO - Assigning a channel with the label max_iterations to the io key new_loop139634904562768__max_iterations
2026-03-30 14:54:28,739 - pyiron_log - INFO - Assigning a channel with the label a to the io key int_input__a
2026-03-30 14:54:28,739 - pyiron_log - INFO - Assigning a channel with the label a to the io key int_input0139635643047360__a
2026-03-30 14:54:28,739 - pyiron_log - INFO - Assigning a channel with the label a to the io key int_input1139634892494784__a
2026-03-30 14:54:28,739 - pyiron_log - INFO - Assigning a channel with the label a to the io key int_input2139635643057216__a
2026-03-30 14:54:28,739 - pyiron_log - INFO - Assigning a channel with the label a_list to the io key list_input139635642893424__a_list
2026-03-30 14:54:28,739 - pyiron_log - INFO - Assigning a channel with the label test_obj to the io key new_loop139634904562768__test_obj
2026-03-30 14:54:28,739 - pyiron_log - INFO - Assigning a channel with the label max_iterations to the io key new_loop139634904562768__max_iterations
2026-03-30 14:54:28,740 - pyiron_log - INFO - Assigning a channel with the label a to the io key int_input__a
2026-03-30 14:54:28,740 - pyiron_log - INFO - Assigning a channel with the label a to the io key int_input0139635643047360__a
2026-03-30 14:54:28,740 - pyiron_log - INFO - Assigning a channel with the label a to the io key int_input1139634892494784__a
2026-03-30 14:54:28,740 - pyiron_log - INFO - Assigning a channel with the label a to the io key int_input2139635643057216__a
2026-03-30 14:54:28,740 - pyiron_log - INFO - Assigning a channel with the label a_list to the io key list_input139635642893424__a_list
2026-03-30 14:54:28,740 - pyiron_log - INFO - Assigning a channel with the label test_obj to the io key new_loop139634904562768__test_obj
2026-03-30 14:54:28,740 - pyiron_log - INFO - Assigning a channel with the label max_iterations to the io key new_loop139634904562768__max_iterations
2026-03-30 14:54:28,740 - pyiron_log - INFO - Assigning a channel with the label a to the io key int_input__a
2026-03-30 14:54:28,740 - pyiron_log - INFO - Assigning a channel with the label a to the io key int_input0139635643047360__a
2026-03-30 14:54:28,740 - pyiron_log - INFO - Assigning a channel with the label a to the io key int_input1139634892494784__a
2026-03-30 14:54:28,740 - pyiron_log - INFO - Assigning a channel with the label a to the io key int_input2139635643057216__a
2026-03-30 14:54:28,740 - pyiron_log - INFO - Assigning a channel with the label a_list to the io key list_input139635642893424__a_list
2026-03-30 14:54:43,939 - pyiron_log - INFO - Assigning a channel with the label max_iterations to the io key new_loop139634904562768__max_iterations
2026-03-30 14:54:43,939 - pyiron_log - INFO - Assigning a channel with the label a to the io key int_input139638651051456__a
2026-03-30 14:54:43,939 - pyiron_log - INFO - Assigning a channel with the label a to the io key int_input0139635643047360__a
2026-03-30 14:54:43,939 - pyiron_log - INFO - Assigning a channel with the label a to the io key int_input1139634892494784__a
2026-03-30 14:54:43,939 - pyiron_log - INFO - Assigning a channel with the label a to the io key int_input2139635643057216__a
2026-03-30 14:54:43,939 - pyiron_log - INFO - Assigning a channel with the label a_list to the io key list_input__a_list
2026-03-30 14:54:43,939 - pyiron_log - INFO - Assigning a channel with the label max_iterations to the io key new_loop139634904562768__max_iterations
2026-03-30 14:54:43,939 - pyiron_log - INFO - Assigning a channel with the label a to the io key int_input139638651051456__a
2026-03-30 14:54:43,939 - pyiron_log - INFO - Assigning a channel with the label a to the io key int_input0139635643047360__a
2026-03-30 14:54:43,939 - pyiron_log - INFO - Assigning a channel with the label a to the io key int_input1139634892494784__a
2026-03-30 14:54:43,939 - pyiron_log - INFO - Assigning a channel with the label a to the io key int_input2139635643057216__a
2026-03-30 14:54:43,939 - pyiron_log - INFO - Assigning a channel with the label a_list to the io key list_input__a_list
2026-03-30 14:54:43,939 - pyiron_log - INFO - Assigning a channel with the label max_iterations to the io key new_loop139634904562768__max_iterations
2026-03-30 14:54:43,939 - pyiron_log - INFO - Assigning a channel with the label a to the io key int_input139638651051456__a
2026-03-30 14:54:43,939 - pyiron_log - INFO - Assigning a channel with the label a to the io key int_input0139635643047360__a
2026-03-30 14:54:43,939 - pyiron_log - INFO - Assigning a channel with the label a to the io key int_input1139634892494784__a
2026-03-30 14:54:43,939 - pyiron_log - INFO - Assigning a channel with the label a to the io key int_input2139635643057216__a
2026-03-30 14:54:43,939 - pyiron_log - INFO - Assigning a channel with the label a_list to the io key list_input__a_list
2026-03-30 14:54:43,939 - pyiron_log - INFO - Assigning a channel with the label max_iterations to the io key new_loop139634904562768__max_iterations
2026-03-30 14:54:43,940 - pyiron_log - INFO - Assigning a channel with the label a to the io key int_input139638651051456__a
2026-03-30 14:54:43,940 - pyiron_log - INFO - Assigning a channel with the label a to the io key int_input0139635643047360__a
2026-03-30 14:54:43,940 - pyiron_log - INFO - Assigning a channel with the label a to the io key int_input1139634892494784__a
2026-03-30 14:54:43,940 - pyiron_log - INFO - Assigning a channel with the label a to the io key int_input2139635643057216__a
2026-03-30 14:54:43,940 - pyiron_log - INFO - Assigning a channel with the label a_list to the io key list_input__a_list
2026-03-30 14:54:43,940 - pyiron_log - INFO - Assigning a channel with the label max_iterations to the io key new_loop139634904562768__max_iterations
2026-03-30 14:54:43,940 - pyiron_log - INFO - Assigning a channel with the label a to the io key int_input139638651051456__a
2026-03-30 14:54:43,940 - pyiron_log - INFO - Assigning a channel with the label a to the io key int_input0139635643047360__a
2026-03-30 14:54:43,940 - pyiron_log - INFO - Assigning a channel with the label a to the io key int_input1139634892494784__a
2026-03-30 14:54:43,940 - pyiron_log - INFO - Assigning a channel with the label a to the io key int_input2139635643057216__a
2026-03-30 14:54:43,940 - pyiron_log - INFO - Assigning a channel with the label a_list to the io key list_input__a_list
2026-03-30 14:54:43,940 - pyiron_log - INFO - Assigning a channel with the label max_iterations to the io key new_loop139634904562768__max_iterations
2026-03-30 14:54:43,940 - pyiron_log - INFO - Assigning a channel with the label a to the io key int_input139638651051456__a
2026-03-30 14:54:43,940 - pyiron_log - INFO - Assigning a channel with the label a to the io key int_input0139635643047360__a
2026-03-30 14:54:43,940 - pyiron_log - INFO - Assigning a channel with the label a to the io key int_input1139634892494784__a
2026-03-30 14:54:43,940 - pyiron_log - INFO - Assigning a channel with the label a to the io key int_input2139635643057216__a
2026-03-30 14:54:43,940 - pyiron_log - INFO - Assigning a channel with the label a_list to the io key list_input__a_list
2026-03-30 14:54:43,940 - pyiron_log - INFO - Assigning a channel with the label n to the io key new_for_loop__n
2026-03-30 14:54:43,940 - pyiron_log - INFO - Assigning a channel with the label square to the io key new_for_loop__square
2026-03-30 14:55:21,885 - pyiron_log - INFO - Assigning a channel with the label max_iterations to the io key new_loop139634904562768__max_iterations
2026-03-30 14:55:21,885 - pyiron_log - INFO - Assigning a channel with the label a to the io key int_input139638651051456__a
2026-03-30 14:55:21,885 - pyiron_log - INFO - Assigning a channel with the label a to the io key int_input0139635643047360__a
2026-03-30 14:55:21,885 - pyiron_log - INFO - Assigning a channel with the label a to the io key int_input1139634892494784__a
2026-03-30 14:55:21,885 - pyiron_log - INFO - Assigning a channel with the label a to the io key int_input2139635643057216__a
2026-03-30 14:55:21,885 - pyiron_log - INFO - Assigning a channel with the label a_list to the io key list_input139635642893424__a_list
2026-03-30 14:55:21,885 - pyiron_log - INFO - Assigning a channel with the label max_iterations to the io key new_loop139634904562768__max_iterations
2026-03-30 14:55:21,885 - pyiron_log - INFO - Assigning a channel with the label a to the io key int_input139638651051456__a
2026-03-30 14:55:21,885 - pyiron_log - INFO - Assigning a channel with the label a to the io key int_input0139635643047360__a
2026-03-30 14:55:21,885 - pyiron_log - INFO - Assigning a channel with the label a to the io key int_input1139634892494784__a
2026-03-30 14:55:21,885 - pyiron_log - INFO - Assigning a channel with the label a to the io key int_input2139635643057216__a
2026-03-30 14:55:21,885 - pyiron_log - INFO - Assigning a channel with the label a_list to the io key list_input139635642893424__a_list
2026-03-30 14:55:21,885 - pyiron_log - INFO - Assigning a channel with the label max_iterations to the io key new_loop139634904562768__max_iterations
2026-03-30 14:55:21,885 - pyiron_log - INFO - Assigning a channel with the label a to the io key int_input139638651051456__a
2026-03-30 14:55:21,885 - pyiron_log - INFO - Assigning a channel with the label a to the io key int_input0139635643047360__a
2026-03-30 14:55:21,885 - pyiron_log - INFO - Assigning a channel with the label a to the io key int_input1139634892494784__a
2026-03-30 14:55:21,885 - pyiron_log - INFO - Assigning a channel with the label a to the io key int_input2139635643057216__a
2026-03-30 14:55:21,885 - pyiron_log - INFO - Assigning a channel with the label a_list to the io key list_input139635642893424__a_list
2026-03-30 14:55:21,885 - pyiron_log - INFO - Assigning a channel with the label max_iterations to the io key new_loop139634904562768__max_iterations
2026-03-30 14:55:21,885 - pyiron_log - INFO - Assigning a channel with the label a to the io key int_input139638651051456__a
2026-03-30 14:55:21,885 - pyiron_log - INFO - Assigning a channel with the label a to the io key int_input0139635643047360__a
2026-03-30 14:55:21,885 - pyiron_log - INFO - Assigning a channel with the label a to the io key int_input1139634892494784__a
2026-03-30 14:55:21,885 - pyiron_log - INFO - Assigning a channel with the label a to the io key int_input2139635643057216__a
2026-03-30 14:55:21,885 - pyiron_log - INFO - Assigning a channel with the label a_list to the io key list_input139635642893424__a_list
2026-03-30 14:55:21,885 - pyiron_log - INFO - Assigning a channel with the label max_iterations to the io key new_loop139634904562768__max_iterations
2026-03-30 14:55:21,885 - pyiron_log - INFO - Assigning a channel with the label a to the io key int_input139638651051456__a
2026-03-30 14:55:21,886 - pyiron_log - INFO - Assigning a channel with the label a to the io key int_input0139635643047360__a
2026-03-30 14:55:21,886 - pyiron_log - INFO - Assigning a channel with the label a to the io key int_input1139634892494784__a
2026-03-30 14:55:21,886 - pyiron_log - INFO - Assigning a channel with the label a to the io key int_input2139635643057216__a
2026-03-30 14:55:21,886 - pyiron_log - INFO - Assigning a channel with the label a_list to the io key list_input139635642893424__a_list
2026-03-30 14:55:21,886 - pyiron_log - INFO - Assigning a channel with the label max_iterations to the io key new_loop139634904562768__max_iterations
2026-03-30 14:55:21,886 - pyiron_log - INFO - Assigning a channel with the label a to the io key int_input139638651051456__a
2026-03-30 14:55:21,886 - pyiron_log - INFO - Assigning a channel with the label a to the io key int_input0139635643047360__a
2026-03-30 14:55:21,886 - pyiron_log - INFO - Assigning a channel with the label a to the io key int_input1139634892494784__a
2026-03-30 14:55:21,886 - pyiron_log - INFO - Assigning a channel with the label a to the io key int_input2139635643057216__a
2026-03-30 14:55:21,886 - pyiron_log - INFO - Assigning a channel with the label a_list to the io key list_input139635642893424__a_list
2026-03-30 14:55:21,886 - pyiron_log - INFO - Assigning a channel with the label n to the io key new_for_loop139634916461072__n
2026-03-30 14:55:21,886 - pyiron_log - INFO - Assigning a channel with the label square to the io key new_for_loop139634916461072__square
2026-03-30 14:58:31,450 - pyiron_log - INFO - Assigning a channel with the label max_iterations to the io key new_loop139634904562768__max_iterations
2026-03-30 14:58:31,450 - pyiron_log - INFO - Assigning a channel with the label a to the io key int_input139638651051456__a
2026-03-30 14:58:31,450 - pyiron_log - INFO - Assigning a channel with the label a to the io key int_input0139635643047360__a
2026-03-30 14:58:31,450 - pyiron_log - INFO - Assigning a channel with the label a to the io key int_input1139634892494784__a
2026-03-30 14:58:31,450 - pyiron_log - INFO - Assigning a channel with the label a to the io key int_input2139635643057216__a
2026-03-30 14:58:31,451 - pyiron_log - INFO - Assigning a channel with the label a_list to the io key list_input139635642893424__a_list
2026-03-30 14:58:31,451 - pyiron_log - INFO - Assigning a channel with the label max_iterations to the io key new_loop139634904562768__max_iterations
2026-03-30 14:58:31,451 - pyiron_log - INFO - Assigning a channel with the label a to the io key int_input139638651051456__a
2026-03-30 14:58:31,451 - pyiron_log - INFO - Assigning a channel with the label a to the io key int_input0139635643047360__a
2026-03-30 14:58:31,451 - pyiron_log - INFO - Assigning a channel with the label a to the io key int_input1139634892494784__a
2026-03-30 14:58:31,451 - pyiron_log - INFO - Assigning a channel with the label a to the io key int_input2139635643057216__a
2026-03-30 14:58:31,451 - pyiron_log - INFO - Assigning a channel with the label a_list to the io key list_input139635642893424__a_list
2026-03-30 14:58:31,451 - pyiron_log - INFO - Assigning a channel with the label max_iterations to the io key new_loop139634904562768__max_iterations
2026-03-30 14:58:31,451 - pyiron_log - INFO - Assigning a channel with the label a to the io key int_input139638651051456__a
2026-03-30 14:58:31,451 - pyiron_log - INFO - Assigning a channel with the label a to the io key int_input0139635643047360__a
2026-03-30 14:58:31,451 - pyiron_log - INFO - Assigning a channel with the label a to the io key int_input1139634892494784__a
2026-03-30 14:58:31,451 - pyiron_log - INFO - Assigning a channel with the label a to the io key int_input2139635643057216__a
2026-03-30 14:58:31,451 - pyiron_log - INFO - Assigning a channel with the label a_list to the io key list_input139635642893424__a_list
2026-03-30 14:58:31,451 - pyiron_log - INFO - Assigning a channel with the label max_iterations to the io key new_loop139634904562768__max_iterations
2026-03-30 14:58:31,451 - pyiron_log - INFO - Assigning a channel with the label a to the io key int_input139638651051456__a
2026-03-30 14:58:31,451 - pyiron_log - INFO - Assigning a channel with the label a to the io key int_input0139635643047360__a
2026-03-30 14:58:31,451 - pyiron_log - INFO - Assigning a channel with the label a to the io key int_input1139634892494784__a
2026-03-30 14:58:31,451 - pyiron_log - INFO - Assigning a channel with the label a to the io key int_input2139635643057216__a
2026-03-30 14:58:31,451 - pyiron_log - INFO - Assigning a channel with the label a_list to the io key list_input139635642893424__a_list
2026-03-30 14:58:31,451 - pyiron_log - INFO - Assigning a channel with the label n to the io key new_for_loop139634916461072__n
2026-03-30 14:58:31,451 - pyiron_log - INFO - Assigning a channel with the label square to the io key new_for_loop139634916461072__square
2026-03-30 15:03:27,771 - pyiron_log - INFO - int_input is already a node; appending an index to the node label instead: int_input0
2026-03-30 15:03:28,095 - pyiron_log - INFO - int_input is already a node; appending an index to the node label instead: int_input1
2026-03-30 15:03:28,568 - pyiron_log - INFO - int_input is already a node; appending an index to the node label instead: int_input2
2026-03-30 15:03:58,403 - pyiron_log - INFO - Assigning a channel with the label max_iterations to the io key new_loop139716040159792__max_iterations
2026-03-30 15:03:58,403 - pyiron_log - INFO - Assigning a channel with the label n to the io key new_for_loop__n
2026-03-30 15:03:58,403 - pyiron_log - INFO - Assigning a channel with the label a to the io key int_input139715334082624__a
2026-03-30 15:03:58,403 - pyiron_log - INFO - Assigning a channel with the label a to the io key int_input0139715333500000__a
2026-03-30 15:03:58,403 - pyiron_log - INFO - Assigning a channel with the label a to the io key int_input1139715335471808__a
2026-03-30 15:03:58,403 - pyiron_log - INFO - Assigning a channel with the label a to the io key int_input2139716083736144__a
2026-03-30 15:03:58,403 - pyiron_log - INFO - Assigning a channel with the label max_iterations to the io key new_loop139716040159792__max_iterations
2026-03-30 15:03:58,404 - pyiron_log - INFO - Assigning a channel with the label n to the io key new_for_loop__n
2026-03-30 15:03:58,404 - pyiron_log - INFO - Assigning a channel with the label a to the io key int_input139715334082624__a
2026-03-30 15:03:58,404 - pyiron_log - INFO - Assigning a channel with the label a to the io key int_input0139715333500000__a
2026-03-30 15:03:58,404 - pyiron_log - INFO - Assigning a channel with the label a to the io key int_input1139715335471808__a
2026-03-30 15:03:58,404 - pyiron_log - INFO - Assigning a channel with the label a to the io key int_input2139716083736144__a
2026-03-30 15:03:58,404 - pyiron_log - INFO - Assigning a channel with the label max_iterations to the io key new_loop139716040159792__max_iterations
2026-03-30 15:03:58,404 - pyiron_log - INFO - Assigning a channel with the label n to the io key new_for_loop__n
2026-03-30 15:03:58,404 - pyiron_log - INFO - Assigning a channel with the label a to the io key int_input139715334082624__a
2026-03-30 15:03:58,404 - pyiron_log - INFO - Assigning a channel with the label a to the io key int_input0139715333500000__a
2026-03-30 15:03:58,404 - pyiron_log - INFO - Assigning a channel with the label a to the io key int_input1139715335471808__a
2026-03-30 15:03:58,404 - pyiron_log - INFO - Assigning a channel with the label a to the io key int_input2139716083736144__a
2026-03-30 15:03:58,404 - pyiron_log - INFO - Assigning a channel with the label max_iterations to the io key new_loop139716040159792__max_iterations
2026-03-30 15:03:58,404 - pyiron_log - INFO - Assigning a channel with the label n to the io key new_for_loop__n
2026-03-30 15:03:58,404 - pyiron_log - INFO - Assigning a channel with the label a to the io key int_input139715334082624__a
2026-03-30 15:03:58,404 - pyiron_log - INFO - Assigning a channel with the label a to the io key int_input0139715333500000__a
2026-03-30 15:03:58,404 - pyiron_log - INFO - Assigning a channel with the label a to the io key int_input1139715335471808__a
2026-03-30 15:03:58,405 - pyiron_log - INFO - Assigning a channel with the label a to the io key int_input2139716083736144__a
2026-03-30 15:03:58,405 - pyiron_log - INFO - Assigning a channel with the label max_iterations to the io key new_loop139716040159792__max_iterations
2026-03-30 15:03:58,405 - pyiron_log - INFO - Assigning a channel with the label n to the io key new_for_loop__n
2026-03-30 15:03:58,405 - pyiron_log - INFO - Assigning a channel with the label a to the io key int_input139715334082624__a
2026-03-30 15:03:58,405 - pyiron_log - INFO - Assigning a channel with the label a to the io key int_input0139715333500000__a
2026-03-30 15:03:58,405 - pyiron_log - INFO - Assigning a channel with the label a to the io key int_input1139715335471808__a
2026-03-30 15:03:58,405 - pyiron_log - INFO - Assigning a channel with the label a to the io key int_input2139716083736144__a
2026-03-30 15:03:58,405 - pyiron_log - INFO - Assigning a channel with the label max_iterations to the io key new_loop139716040159792__max_iterations
2026-03-30 15:03:58,405 - pyiron_log - INFO - Assigning a channel with the label n to the io key new_for_loop__n
2026-03-30 15:03:58,405 - pyiron_log - INFO - Assigning a channel with the label a to the io key int_input139715334082624__a
2026-03-30 15:03:58,405 - pyiron_log - INFO - Assigning a channel with the label a to the io key int_input0139715333500000__a
2026-03-30 15:03:58,405 - pyiron_log - INFO - Assigning a channel with the label a to the io key int_input1139715335471808__a
2026-03-30 15:03:58,405 - pyiron_log - INFO - Assigning a channel with the label a to the io key int_input2139716083736144__a
2026-03-30 15:03:58,405 - pyiron_log - INFO - Assigning a channel with the label max_iterations to the io key new_loop139716040159792__max_iterations
2026-03-30 15:03:58,405 - pyiron_log - INFO - Assigning a channel with the label n to the io key new_for_loop__n
2026-03-30 15:03:58,405 - pyiron_log - INFO - Assigning a channel with the label a to the io key int_input139715334082624__a
2026-03-30 15:03:58,405 - pyiron_log - INFO - Assigning a channel with the label a to the io key int_input0139715333500000__a
2026-03-30 15:03:58,405 - pyiron_log - INFO - Assigning a channel with the label a to the io key int_input1139715335471808__a
2026-03-30 15:03:58,405 - pyiron_log - INFO - Assigning a channel with the label a to the io key int_input2139716083736144__a
2026-03-30 15:03:58,405 - pyiron_log - INFO - Assigning a channel with the label max_iterations to the io key new_loop139716040159792__max_iterations
2026-03-30 15:03:58,405 - pyiron_log - INFO - Assigning a channel with the label n to the io key new_for_loop__n
2026-03-30 15:03:58,405 - pyiron_log - INFO - Assigning a channel with the label a to the io key int_input139715334082624__a
2026-03-30 15:03:58,405 - pyiron_log - INFO - Assigning a channel with the label a to the io key int_input0139715333500000__a
2026-03-30 15:03:58,405 - pyiron_log - INFO - Assigning a channel with the label a to the io key int_input1139715335471808__a
2026-03-30 15:03:58,405 - pyiron_log - INFO - Assigning a channel with the label a to the io key int_input2139716083736144__a
2026-03-30 15:03:58,405 - pyiron_log - INFO - Assigning a channel with the label max_iterations to the io key new_loop139716040159792__max_iterations
2026-03-30 15:03:58,405 - pyiron_log - INFO - Assigning a channel with the label n to the io key new_for_loop__n
2026-03-30 15:03:58,405 - pyiron_log - INFO - Assigning a channel with the label a to the io key int_input139715334082624__a
2026-03-30 15:03:58,405 - pyiron_log - INFO - Assigning a channel with the label a to the io key int_input0139715333500000__a
2026-03-30 15:03:58,405 - pyiron_log - INFO - Assigning a channel with the label a to the io key int_input1139715335471808__a
2026-03-30 15:03:58,405 - pyiron_log - INFO - Assigning a channel with the label a to the io key int_input2139716083736144__a
2026-03-30 15:03:58,405 - pyiron_log - INFO - Assigning a channel with the label max_iterations to the io key new_loop139716040159792__max_iterations
2026-03-30 15:03:58,405 - pyiron_log - INFO - Assigning a channel with the label n to the io key new_for_loop__n
2026-03-30 15:03:58,405 - pyiron_log - INFO - Assigning a channel with the label a to the io key int_input139715334082624__a
2026-03-30 15:03:58,405 - pyiron_log - INFO - Assigning a channel with the label a to the io key int_input0139715333500000__a
2026-03-30 15:03:58,405 - pyiron_log - INFO - Assigning a channel with the label a to the io key int_input1139715335471808__a
2026-03-30 15:03:58,405 - pyiron_log - INFO - Assigning a channel with the label a to the io key int_input2139716083736144__a
2026-03-30 15:04:05,488 - pyiron_log - INFO - int_input is already a node; appending an index to the node label instead: int_input3
2026-03-30 15:04:05,683 - pyiron_log - INFO - int_input is already a node; appending an index to the node label instead: int_input4
2026-03-30 15:04:18,900 - pyiron_log - INFO - Assigning a channel with the label max_iterations to the io key new_loop139716040159792__max_iterations
2026-03-30 15:04:18,900 - pyiron_log - INFO - Assigning a channel with the label a to the io key int_input139715334082624__a
2026-03-30 15:04:18,900 - pyiron_log - INFO - Assigning a channel with the label a to the io key int_input0139715333500000__a
2026-03-30 15:04:18,900 - pyiron_log - INFO - Assigning a channel with the label a to the io key int_input1139715335471808__a
2026-03-30 15:04:18,900 - pyiron_log - INFO - Assigning a channel with the label a to the io key int_input2139716083736144__a
2026-03-30 15:04:18,900 - pyiron_log - INFO - Assigning a channel with the label a to the io key int_input3__a
2026-03-30 15:04:18,900 - pyiron_log - INFO - Assigning a channel with the label max_iterations to the io key new_loop139716040159792__max_iterations
2026-03-30 15:04:18,900 - pyiron_log - INFO - Assigning a channel with the label a to the io key int_input139715334082624__a
2026-03-30 15:04:18,901 - pyiron_log - INFO - Assigning a channel with the label a to the io key int_input0139715333500000__a
2026-03-30 15:04:18,901 - pyiron_log - INFO - Assigning a channel with the label a to the io key int_input1139715335471808__a
2026-03-30 15:04:18,901 - pyiron_log - INFO - Assigning a channel with the label a to the io key int_input2139716083736144__a
2026-03-30 15:04:18,901 - pyiron_log - INFO - Assigning a channel with the label a to the io key int_input3__a
2026-03-30 15:04:18,901 - pyiron_log - INFO - Assigning a channel with the label max_iterations to the io key new_loop139716040159792__max_iterations
2026-03-30 15:04:18,901 - pyiron_log - INFO - Assigning a channel with the label a to the io key int_input139715334082624__a
2026-03-30 15:04:18,901 - pyiron_log - INFO - Assigning a channel with the label a to the io key int_input0139715333500000__a
2026-03-30 15:04:18,901 - pyiron_log - INFO - Assigning a channel with the label a to the io key int_input1139715335471808__a
2026-03-30 15:04:18,901 - pyiron_log - INFO - Assigning a channel with the label a to the io key int_input2139716083736144__a
2026-03-30 15:04:18,901 - pyiron_log - INFO - Assigning a channel with the label a to the io key int_input3__a
2026-03-30 15:04:18,901 - pyiron_log - INFO - Assigning a channel with the label max_iterations to the io key new_loop139716040159792__max_iterations
2026-03-30 15:04:18,901 - pyiron_log - INFO - Assigning a channel with the label a to the io key int_input139715334082624__a
2026-03-30 15:04:18,901 - pyiron_log - INFO - Assigning a channel with the label a to the io key int_input0139715333500000__a
2026-03-30 15:04:18,901 - pyiron_log - INFO - Assigning a channel with the label a to the io key int_input1139715335471808__a
2026-03-30 15:04:18,901 - pyiron_log - INFO - Assigning a channel with the label a to the io key int_input2139716083736144__a
2026-03-30 15:04:18,901 - pyiron_log - INFO - Assigning a channel with the label a to the io key int_input3__a
2026-03-30 15:04:18,901 - pyiron_log - INFO - Assigning a channel with the label max_iterations to the io key new_loop139716040159792__max_iterations
2026-03-30 15:04:18,901 - pyiron_log - INFO - Assigning a channel with the label a to the io key int_input139715334082624__a
2026-03-30 15:04:18,901 - pyiron_log - INFO - Assigning a channel with the label a to the io key int_input0139715333500000__a
2026-03-30 15:04:18,901 - pyiron_log - INFO - Assigning a channel with the label a to the io key int_input1139715335471808__a
2026-03-30 15:04:18,901 - pyiron_log - INFO - Assigning a channel with the label a to the io key int_input2139716083736144__a
2026-03-30 15:04:18,901 - pyiron_log - INFO - Assigning a channel with the label a to the io key int_input3__a
2026-03-30 15:04:18,901 - pyiron_log - INFO - Assigning a channel with the label max_iterations to the io key new_loop139716040159792__max_iterations
2026-03-30 15:04:18,901 - pyiron_log - INFO - Assigning a channel with the label a to the io key int_input139715334082624__a
2026-03-30 15:04:18,901 - pyiron_log - INFO - Assigning a channel with the label a to the io key int_input0139715333500000__a
2026-03-30 15:04:18,901 - pyiron_log - INFO - Assigning a channel with the label a to the io key int_input1139715335471808__a
2026-03-30 15:04:18,901 - pyiron_log - INFO - Assigning a channel with the label a to the io key int_input2139716083736144__a
2026-03-30 15:04:18,901 - pyiron_log - INFO - Assigning a channel with the label a to the io key int_input3__a
2026-03-30 15:04:18,901 - pyiron_log - INFO - Assigning a channel with the label next to the io key new_loop139716040159792__next
2026-03-30 15:04:18,902 - pyiron_log - INFO - Assigning a channel with the label now to the io key new_loop139716040159792__now
2026-03-30 15:04:18,902 - pyiron_log - INFO - Assigning a channel with the label n to the io key new_for_loop__n
2026-03-30 15:04:18,902 - pyiron_log - INFO - Assigning a channel with the label square to the io key new_for_loop__square
2026-03-30 15:12:50,988 - pyiron_log - INFO - Assigning a channel with the label test_obj to the io key new_loop__test_obj
2026-03-30 15:12:50,988 - pyiron_log - INFO - Assigning a channel with the label test_other to the io key new_loop__test_other
2026-03-30 15:12:50,988 - pyiron_log - INFO - Assigning a channel with the label body_this to the io key new_loop__body_this
2026-03-30 15:12:50,988 - pyiron_log - INFO - Assigning a channel with the label body_last to the io key new_loop__body_last
2026-03-30 15:12:50,989 - pyiron_log - INFO - Assigning a channel with the label max_iterations to the io key new_loop__max_iterations
2026-03-30 15:12:50,989 - pyiron_log - INFO - Assigning a channel with the label test_obj to the io key new_loop__test_obj
2026-03-30 15:12:50,989 - pyiron_log - INFO - Assigning a channel with the label test_other to the io key new_loop__test_other
2026-03-30 15:12:50,989 - pyiron_log - INFO - Assigning a channel with the label body_this to the io key new_loop__body_this
2026-03-30 15:12:50,989 - pyiron_log - INFO - Assigning a channel with the label body_last to the io key new_loop__body_last
2026-03-30 15:12:50,989 - pyiron_log - INFO - Assigning a channel with the label max_iterations to the io key new_loop__max_iterations
2026-03-30 15:12:50,989 - pyiron_log - INFO - Assigning a channel with the label test_obj to the io key new_loop__test_obj
2026-03-30 15:12:50,989 - pyiron_log - INFO - Assigning a channel with the label test_other to the io key new_loop__test_other
2026-03-30 15:12:50,989 - pyiron_log - INFO - Assigning a channel with the label body_this to the io key new_loop__body_this
2026-03-30 15:12:50,989 - pyiron_log - INFO - Assigning a channel with the label body_last to the io key new_loop__body_last
2026-03-30 15:12:50,989 - pyiron_log - INFO - Assigning a channel with the label max_iterations to the io key new_loop__max_iterations
2026-03-30 15:12:50,989 - pyiron_log - INFO - Assigning a channel with the label test_obj to the io key new_loop__test_obj
2026-03-30 15:12:50,989 - pyiron_log - INFO - Assigning a channel with the label test_other to the io key new_loop__test_other
2026-03-30 15:12:50,989 - pyiron_log - INFO - Assigning a channel with the label body_this to the io key new_loop__body_this
2026-03-30 15:12:50,989 - pyiron_log - INFO - Assigning a channel with the label body_last to the io key new_loop__body_last
2026-03-30 15:12:50,989 - pyiron_log - INFO - Assigning a channel with the label max_iterations to the io key new_loop__max_iterations
2026-03-30 15:12:50,989 - pyiron_log - INFO - Assigning a channel with the label test_obj to the io key new_loop__test_obj
2026-03-30 15:12:50,989 - pyiron_log - INFO - Assigning a channel with the label test_other to the io key new_loop__test_other
2026-03-30 15:12:50,989 - pyiron_log - INFO - Assigning a channel with the label body_this to the io key new_loop__body_this
2026-03-30 15:12:50,989 - pyiron_log - INFO - Assigning a channel with the label body_last to the io key new_loop__body_last
2026-03-30 15:12:50,989 - pyiron_log - INFO - Assigning a channel with the label max_iterations to the io key new_loop__max_iterations
2026-03-30 15:12:50,990 - pyiron_log - INFO - Assigning a channel with the label test_obj to the io key new_loop__test_obj
2026-03-30 15:12:50,990 - pyiron_log - INFO - Assigning a channel with the label test_other to the io key new_loop__test_other
2026-03-30 15:12:50,990 - pyiron_log - INFO - Assigning a channel with the label body_this to the io key new_loop__body_this
2026-03-30 15:12:50,990 - pyiron_log - INFO - Assigning a channel with the label body_last to the io key new_loop__body_last
2026-03-30 15:12:50,990 - pyiron_log - INFO - Assigning a channel with the label max_iterations to the io key new_loop__max_iterations
2026-03-30 15:12:50,990 - pyiron_log - INFO - Assigning a channel with the label test_obj to the io key new_loop__test_obj
2026-03-30 15:12:50,990 - pyiron_log - INFO - Assigning a channel with the label test_other to the io key new_loop__test_other
2026-03-30 15:12:50,990 - pyiron_log - INFO - Assigning a channel with the label body_this to the io key new_loop__body_this
2026-03-30 15:12:50,990 - pyiron_log - INFO - Assigning a channel with the label body_last to the io key new_loop__body_last
2026-03-30 15:12:50,990 - pyiron_log - INFO - Assigning a channel with the label max_iterations to the io key new_loop__max_iterations
2026-03-30 15:12:50,990 - pyiron_log - INFO - Assigning a channel with the label test_obj to the io key new_loop__test_obj
2026-03-30 15:12:50,990 - pyiron_log - INFO - Assigning a channel with the label test_other to the io key new_loop__test_other
2026-03-30 15:12:50,990 - pyiron_log - INFO - Assigning a channel with the label body_this to the io key new_loop__body_this
2026-03-30 15:12:50,990 - pyiron_log - INFO - Assigning a channel with the label body_last to the io key new_loop__body_last
2026-03-30 15:12:50,990 - pyiron_log - INFO - Assigning a channel with the label max_iterations to the io key new_loop__max_iterations
2026-03-30 15:12:50,990 - pyiron_log - INFO - Assigning a channel with the label test_obj to the io key new_loop__test_obj
2026-03-30 15:12:50,990 - pyiron_log - INFO - Assigning a channel with the label test_other to the io key new_loop__test_other
2026-03-30 15:12:50,990 - pyiron_log - INFO - Assigning a channel with the label body_this to the io key new_loop__body_this
2026-03-30 15:12:50,990 - pyiron_log - INFO - Assigning a channel with the label body_last to the io key new_loop__body_last
2026-03-30 15:12:50,990 - pyiron_log - INFO - Assigning a channel with the label max_iterations to the io key new_loop__max_iterations
2026-03-30 15:12:50,990 - pyiron_log - INFO - Assigning a channel with the label test_obj to the io key new_loop__test_obj
2026-03-30 15:12:50,990 - pyiron_log - INFO - Assigning a channel with the label test_other to the io key new_loop__test_other
2026-03-30 15:12:50,990 - pyiron_log - INFO - Assigning a channel with the label body_this to the io key new_loop__body_this
2026-03-30 15:12:50,990 - pyiron_log - INFO - Assigning a channel with the label body_last to the io key new_loop__body_last
2026-03-30 15:12:50,990 - pyiron_log - INFO - Assigning a channel with the label max_iterations to the io key new_loop__max_iterations
2026-03-30 15:13:06,289 - pyiron_log - INFO - Assigning a channel with the label n to the io key new_for_loop140668920938768__n
2026-03-30 15:13:06,289 - pyiron_log - INFO - Assigning a channel with the label square to the io key new_for_loop140668920938768__square
2026-03-30 15:18:06,645 - pyiron_log - INFO - Assigning a channel with the label n to the io key new_for_loop140668920938768__n
2026-03-30 15:18:06,645 - pyiron_log - INFO - Assigning a channel with the label square to the io key new_for_loop140668920938768__square
2026-04-10 10:54:35,555 - pyiron_log - INFO - Assigning a channel with the label a to the io key add140258168160960__a
2026-04-10 10:54:35,556 - pyiron_log - INFO - Assigning a channel with the label x to the io key divide140258167011232__x
2026-04-10 10:54:35,556 - pyiron_log - INFO - Assigning a channel with the label y to the io key divide140258167011232__y
2026-04-10 10:54:35,556 - pyiron_log - INFO - Assigning a channel with the label x to the io key multiply__x
2026-04-10 10:54:35,556 - pyiron_log - INFO - Assigning a channel with the label y to the io key multiply__y
2026-04-10 10:54:35,556 - pyiron_log - INFO - Assigning a channel with the label x to the io key half__x
2026-04-10 10:54:35,556 - pyiron_log - INFO - Assigning a channel with the label a to the io key add140258168160960__a
2026-04-10 10:54:35,556 - pyiron_log - INFO - Assigning a channel with the label x to the io key divide140258167011232__x
2026-04-10 10:54:35,557 - pyiron_log - INFO - Assigning a channel with the label y to the io key divide140258167011232__y
2026-04-10 10:54:35,557 - pyiron_log - INFO - Assigning a channel with the label x to the io key multiply__x
2026-04-10 10:54:35,557 - pyiron_log - INFO - Assigning a channel with the label y to the io key multiply__y
2026-04-10 10:54:35,557 - pyiron_log - INFO - Assigning a channel with the label x to the io key half__x
2026-04-10 10:54:35,557 - pyiron_log - INFO - Assigning a channel with the label a to the io key add140258168160960__a
2026-04-10 10:54:35,557 - pyiron_log - INFO - Assigning a channel with the label x to the io key divide140258167011232__x
2026-04-10 10:54:35,557 - pyiron_log - INFO - Assigning a channel with the label y to the io key divide140258167011232__y
2026-04-10 10:54:35,557 - pyiron_log - INFO - Assigning a channel with the label x to the io key multiply__x
2026-04-10 10:54:35,557 - pyiron_log - INFO - Assigning a channel with the label y to the io key multiply__y
2026-04-10 10:54:35,557 - pyiron_log - INFO - Assigning a channel with the label x to the io key half__x
2026-04-10 10:54:35,557 - pyiron_log - INFO - Assigning a channel with the label a to the io key add140258168160960__a
2026-04-10 10:54:35,557 - pyiron_log - INFO - Assigning a channel with the label x to the io key divide140258167011232__x
2026-04-10 10:54:35,557 - pyiron_log - INFO - Assigning a channel with the label y to the io key divide140258167011232__y
2026-04-10 10:54:35,557 - pyiron_log - INFO - Assigning a channel with the label x to the io key multiply__x
2026-04-10 10:54:35,557 - pyiron_log - INFO - Assigning a channel with the label y to the io key multiply__y
2026-04-10 10:54:35,557 - pyiron_log - INFO - Assigning a channel with the label x to the io key half__x
2026-04-10 10:54:35,557 - pyiron_log - INFO - Assigning a channel with the label a to the io key add140258168160960__a
2026-04-10 10:54:35,557 - pyiron_log - INFO - Assigning a channel with the label x to the io key divide140258167011232__x
2026-04-10 10:54:35,557 - pyiron_log - INFO - Assigning a channel with the label y to the io key divide140258167011232__y
2026-04-10 10:54:35,557 - pyiron_log - INFO - Assigning a channel with the label x to the io key multiply__x
2026-04-10 10:54:35,557 - pyiron_log - INFO - Assigning a channel with the label y to the io key multiply__y
2026-04-10 10:54:35,557 - pyiron_log - INFO - Assigning a channel with the label x to the io key half__x
2026-04-10 10:54:35,557 - pyiron_log - INFO - Assigning a channel with the label a to the io key add140258168160960__a
2026-04-10 10:54:35,557 - pyiron_log - INFO - Assigning a channel with the label x to the io key divide140258167011232__x
2026-04-10 10:54:35,558 - pyiron_log - INFO - Assigning a channel with the label y to the io key divide140258167011232__y
2026-04-10 10:54:35,558 - pyiron_log - INFO - Assigning a channel with the label x to the io key multiply__x
2026-04-10 10:54:35,558 - pyiron_log - INFO - Assigning a channel with the label y to the io key multiply__y
2026-04-10 10:54:35,558 - pyiron_log - INFO - Assigning a channel with the label x to the io key half__x
2026-04-10 10:54:35,558 - pyiron_log - INFO - Assigning a channel with the label added to the io key add140258168160960__added
2026-04-10 10:54:35,558 - pyiron_log - INFO - Assigning a channel with the label out to the io key multiply__out
2026-04-10 10:54:35,558 - pyiron_log - INFO - Assigning a channel with the label x_halfed to the io key half__x_halfed
2026-04-10 10:54:57,731 - pyiron_log - INFO - Assigning a channel with the label a to the io key add140258168160960__a
2026-04-10 10:54:57,731 - pyiron_log - INFO - Assigning a channel with the label x to the io key divide140258167011232__x
2026-04-10 10:54:57,731 - pyiron_log - INFO - Assigning a channel with the label y to the io key divide140258167011232__y
2026-04-10 10:54:57,731 - pyiron_log - INFO - Assigning a channel with the label a to the io key add140258168160960__a
2026-04-10 10:54:57,731 - pyiron_log - INFO - Assigning a channel with the label x to the io key divide140258167011232__x
2026-04-10 10:54:57,732 - pyiron_log - INFO - Assigning a channel with the label y to the io key divide140258167011232__y
2026-04-10 10:54:57,732 - pyiron_log - INFO - Assigning a channel with the label a to the io key add140258168160960__a
2026-04-10 10:54:57,732 - pyiron_log - INFO - Assigning a channel with the label x to the io key divide140258167011232__x
2026-04-10 10:54:57,732 - pyiron_log - INFO - Assigning a channel with the label y to the io key divide140258167011232__y
2026-04-10 10:54:57,732 - pyiron_log - INFO - Assigning a channel with the label a to the io key add140258168160960__a
2026-04-10 10:54:57,732 - pyiron_log - INFO - Assigning a channel with the label x to the io key divide140258167011232__x
2026-04-10 10:54:57,732 - pyiron_log - INFO - Assigning a channel with the label y to the io key divide140258167011232__y
2026-04-10 10:54:57,732 - pyiron_log - INFO - Assigning a channel with the label a to the io key add140258168160960__a
2026-04-10 10:54:57,732 - pyiron_log - INFO - Assigning a channel with the label x to the io key divide140258167011232__x
2026-04-10 10:54:57,732 - pyiron_log - INFO - Assigning a channel with the label y to the io key divide140258167011232__y
2026-04-10 10:54:57,732 - pyiron_log - INFO - Assigning a channel with the label a to the io key add140258168160960__a
2026-04-10 10:54:57,732 - pyiron_log - INFO - Assigning a channel with the label x to the io key divide140258167011232__x
2026-04-10 10:54:57,732 - pyiron_log - INFO - Assigning a channel with the label y to the io key divide140258167011232__y
2026-04-10 10:54:57,732 - pyiron_log - INFO - Assigning a channel with the label x_halfed to the io key half140258166988944__x_halfed
2026-04-10 10:56:33,487 - pyiron_log - INFO - Assigning a channel with the label a to the io key add140258168160960__a
2026-04-10 10:56:33,487 - pyiron_log - INFO - Assigning a channel with the label x to the io key divide140258167011232__x
2026-04-10 10:56:33,487 - pyiron_log - INFO - Assigning a channel with the label y to the io key divide140258167011232__y
2026-04-10 10:56:33,487 - pyiron_log - INFO - Assigning a channel with the label a to the io key add140258168160960__a
2026-04-10 10:56:33,487 - pyiron_log - INFO - Assigning a channel with the label x to the io key divide140258167011232__x
2026-04-10 10:56:33,487 - pyiron_log - INFO - Assigning a channel with the label y to the io key divide140258167011232__y
2026-04-10 10:56:33,488 - pyiron_log - INFO - Assigning a channel with the label a to the io key add140258168160960__a
2026-04-10 10:56:33,488 - pyiron_log - INFO - Assigning a channel with the label x to the io key divide140258167011232__x
2026-04-10 10:56:33,488 - pyiron_log - INFO - Assigning a channel with the label y to the io key divide140258167011232__y
2026-04-10 10:56:33,488 - pyiron_log - INFO - Assigning a channel with the label a to the io key add140258168160960__a
2026-04-10 10:56:33,488 - pyiron_log - INFO - Assigning a channel with the label x to the io key divide140258167011232__x
2026-04-10 10:56:33,488 - pyiron_log - INFO - Assigning a channel with the label y to the io key divide140258167011232__y
2026-04-10 10:56:33,488 - pyiron_log - INFO - Assigning a channel with the label a to the io key add140258168160960__a
2026-04-10 10:56:33,488 - pyiron_log - INFO - Assigning a channel with the label x to the io key divide140258167011232__x
2026-04-10 10:56:33,488 - pyiron_log - INFO - Assigning a channel with the label y to the io key divide140258167011232__y
2026-04-10 10:56:33,488 - pyiron_log - INFO - Assigning a channel with the label a to the io key add140258168160960__a
2026-04-10 10:56:33,488 - pyiron_log - INFO - Assigning a channel with the label x to the io key divide140258167011232__x
2026-04-10 10:56:33,488 - pyiron_log - INFO - Assigning a channel with the label y to the io key divide140258167011232__y
2026-04-10 10:56:33,488 - pyiron_log - INFO - Assigning a channel with the label x_halfed to the io key half140258166988944__x_halfed
2026-04-10 11:04:24,708 - pyiron_log - INFO - Assigning a channel with the label x_n to the io key heron140258154910000__x_n
2026-04-10 11:04:24,708 - pyiron_log - INFO - Assigning a channel with the label a to the io key int_input140258153444080__a
2026-04-10 11:04:24,709 - pyiron_log - INFO - Assigning a channel with the label x_n to the io key heron140258154910000__x_n
2026-04-10 11:04:24,709 - pyiron_log - INFO - Assigning a channel with the label a to the io key int_input140258153444080__a
2026-04-10 11:04:24,709 - pyiron_log - INFO - Assigning a channel with the label x_n to the io key heron140258154910000__x_n
2026-04-10 11:04:24,709 - pyiron_log - INFO - Assigning a channel with the label a to the io key int_input140258153444080__a
2026-04-10 11:04:24,709 - pyiron_log - INFO - Assigning a channel with the label x_n to the io key heron140258154910000__x_n
2026-04-10 11:04:24,709 - pyiron_log - INFO - Assigning a channel with the label a to the io key int_input140258153444080__a
2026-04-10 11:04:24,709 - pyiron_log - INFO - Assigning a channel with the label x_n to the io key heron140258154910000__x_n
2026-04-10 11:04:24,709 - pyiron_log - INFO - Assigning a channel with the label a to the io key int_input140258153444080__a
2026-04-10 11:04:24,709 - pyiron_log - INFO - Assigning a channel with the label x_n to the io key heron140258154910000__x_n
2026-04-10 11:04:24,709 - pyiron_log - INFO - Assigning a channel with the label a to the io key int_input140258153444080__a
2026-04-10 11:04:24,709 - pyiron_log - INFO - Assigning a channel with the label half to the io key heron140258154910000__half
2026-04-10 11:07:31,165 - pyiron_log - INFO - Assigning a channel with the label a to the io key int_input140235371106896__a
2026-04-10 11:07:31,166 - pyiron_log - INFO - Assigning a channel with the label a to the io key float_input140232715944304__a
2026-04-10 11:07:31,166 - pyiron_log - INFO - Assigning a channel with the label a to the io key int_input140235371106896__a
2026-04-10 11:07:31,166 - pyiron_log - INFO - Assigning a channel with the label a to the io key float_input140232715944304__a
2026-04-10 11:07:31,166 - pyiron_log - INFO - Assigning a channel with the label a to the io key int_input140235371106896__a
2026-04-10 11:07:31,166 - pyiron_log - INFO - Assigning a channel with the label a to the io key float_input140232715944304__a
2026-04-10 11:07:31,166 - pyiron_log - INFO - Assigning a channel with the label a to the io key int_input140235371106896__a
2026-04-10 11:07:31,166 - pyiron_log - INFO - Assigning a channel with the label a to the io key float_input140232715944304__a
2026-04-10 11:07:31,166 - pyiron_log - INFO - Assigning a channel with the label a to the io key int_input140235371106896__a
2026-04-10 11:07:31,166 - pyiron_log - INFO - Assigning a channel with the label a to the io key float_input140232715944304__a
2026-04-10 11:07:31,166 - pyiron_log - INFO - Assigning a channel with the label a to the io key int_input140235371106896__a
2026-04-10 11:07:31,166 - pyiron_log - INFO - Assigning a channel with the label a to the io key float_input140232715944304__a
2026-04-10 11:07:31,166 - pyiron_log - INFO - Assigning a channel with the label half to the io key heron140235371305808__half
2026-04-10 11:21:24,748 - pyiron_log - INFO - int_input is already a node; appending an index to the node label instead: int_input0
2026-04-10 11:21:28,430 - pyiron_log - INFO - int_input is already a node; appending an index to the node label instead: int_input1
2026-04-10 11:21:28,912 - pyiron_log - INFO - float_input is already a node; appending an index to the node label instead: float_input0
2026-04-10 11:22:29,188 - pyiron_log - INFO - Assigning a channel with the label S to the io key heron__S
2026-04-10 11:22:29,188 - pyiron_log - INFO - Assigning a channel with the label x_n to the io key heron__x_n
2026-04-10 11:22:29,188 - pyiron_log - INFO - Assigning a channel with the label S to the io key heron2__S
2026-04-10 11:22:29,188 - pyiron_log - INFO - Assigning a channel with the label max_diff to the io key diff__max_diff
2026-04-10 11:22:29,188 - pyiron_log - INFO - Assigning a channel with the label max_iterations to the io key new_while_loop140232710756672__max_iterations
2026-04-10 11:22:29,188 - pyiron_log - INFO - Assigning a channel with the label a to the io key int_input140232711146720__a
2026-04-10 11:22:29,188 - pyiron_log - INFO - Assigning a channel with the label a to the io key int_input0140232700178512__a
2026-04-10 11:22:29,188 - pyiron_log - INFO - Assigning a channel with the label a to the io key float_input140232710890144__a
2026-04-10 11:22:29,188 - pyiron_log - INFO - Assigning a channel with the label a to the io key int_input1140232700168096__a
2026-04-10 11:22:29,188 - pyiron_log - INFO - Assigning a channel with the label a to the io key float_input0140232700179760__a
2026-04-10 11:22:29,188 - pyiron_log - INFO - Assigning a channel with the label S to the io key heron__S
2026-04-10 11:22:29,188 - pyiron_log - INFO - Assigning a channel with the label x_n to the io key heron__x_n
2026-04-10 11:22:29,188 - pyiron_log - INFO - Assigning a channel with the label S to the io key heron2__S
2026-04-10 11:22:29,189 - pyiron_log - INFO - Assigning a channel with the label max_diff to the io key diff__max_diff
2026-04-10 11:22:29,189 - pyiron_log - INFO - Assigning a channel with the label max_iterations to the io key new_while_loop140232710756672__max_iterations
2026-04-10 11:22:29,189 - pyiron_log - INFO - Assigning a channel with the label a to the io key int_input140232711146720__a
2026-04-10 11:22:29,189 - pyiron_log - INFO - Assigning a channel with the label a to the io key int_input0140232700178512__a
2026-04-10 11:22:29,189 - pyiron_log - INFO - Assigning a channel with the label a to the io key float_input140232710890144__a
2026-04-10 11:22:29,189 - pyiron_log - INFO - Assigning a channel with the label a to the io key int_input1140232700168096__a
2026-04-10 11:22:29,189 - pyiron_log - INFO - Assigning a channel with the label a to the io key float_input0140232700179760__a
2026-04-10 11:22:29,189 - pyiron_log - INFO - Assigning a channel with the label S to the io key heron__S
2026-04-10 11:22:29,189 - pyiron_log - INFO - Assigning a channel with the label x_n to the io key heron__x_n
2026-04-10 11:22:29,189 - pyiron_log - INFO - Assigning a channel with the label S to the io key heron2__S
2026-04-10 11:22:29,189 - pyiron_log - INFO - Assigning a channel with the label max_diff to the io key diff__max_diff
2026-04-10 11:22:29,189 - pyiron_log - INFO - Assigning a channel with the label max_iterations to the io key new_while_loop140232710756672__max_iterations
2026-04-10 11:22:29,189 - pyiron_log - INFO - Assigning a channel with the label a to the io key int_input140232711146720__a
2026-04-10 11:22:29,189 - pyiron_log - INFO - Assigning a channel with the label a to the io key int_input0140232700178512__a
2026-04-10 11:22:29,189 - pyiron_log - INFO - Assigning a channel with the label a to the io key float_input140232710890144__a
2026-04-10 11:22:29,189 - pyiron_log - INFO - Assigning a channel with the label a to the io key int_input1140232700168096__a
2026-04-10 11:22:29,189 - pyiron_log - INFO - Assigning a channel with the label a to the io key float_input0140232700179760__a
2026-04-10 11:22:29,189 - pyiron_log - INFO - Assigning a channel with the label S to the io key heron__S
2026-04-10 11:22:29,189 - pyiron_log - INFO - Assigning a channel with the label x_n to the io key heron__x_n
2026-04-10 11:22:29,189 - pyiron_log - INFO - Assigning a channel with the label S to the io key heron2__S
2026-04-10 11:22:29,189 - pyiron_log - INFO - Assigning a channel with the label max_diff to the io key diff__max_diff
2026-04-10 11:22:29,189 - pyiron_log - INFO - Assigning a channel with the label max_iterations to the io key new_while_loop140232710756672__max_iterations
2026-04-10 11:22:29,189 - pyiron_log - INFO - Assigning a channel with the label a to the io key int_input140232711146720__a
2026-04-10 11:22:29,189 - pyiron_log - INFO - Assigning a channel with the label a to the io key int_input0140232700178512__a
2026-04-10 11:22:29,189 - pyiron_log - INFO - Assigning a channel with the label a to the io key float_input140232710890144__a
2026-04-10 11:22:29,189 - pyiron_log - INFO - Assigning a channel with the label a to the io key int_input1140232700168096__a
2026-04-10 11:22:29,189 - pyiron_log - INFO - Assigning a channel with the label a to the io key float_input0140232700179760__a
2026-04-10 11:22:29,189 - pyiron_log - INFO - Assigning a channel with the label S to the io key heron__S
2026-04-10 11:22:29,189 - pyiron_log - INFO - Assigning a channel with the label x_n to the io key heron__x_n
2026-04-10 11:22:29,189 - pyiron_log - INFO - Assigning a channel with the label S to the io key heron2__S
2026-04-10 11:22:29,189 - pyiron_log - INFO - Assigning a channel with the label max_diff to the io key diff__max_diff
2026-04-10 11:22:29,189 - pyiron_log - INFO - Assigning a channel with the label max_iterations to the io key new_while_loop140232710756672__max_iterations
2026-04-10 11:22:29,189 - pyiron_log - INFO - Assigning a channel with the label a to the io key int_input140232711146720__a
2026-04-10 11:22:29,189 - pyiron_log - INFO - Assigning a channel with the label a to the io key int_input0140232700178512__a
2026-04-10 11:22:29,189 - pyiron_log - INFO - Assigning a channel with the label a to the io key float_input140232710890144__a
2026-04-10 11:22:29,190 - pyiron_log - INFO - Assigning a channel with the label a to the io key int_input1140232700168096__a
2026-04-10 11:22:29,190 - pyiron_log - INFO - Assigning a channel with the label a to the io key float_input0140232700179760__a
2026-04-10 11:22:29,190 - pyiron_log - INFO - Assigning a channel with the label S to the io key heron__S
2026-04-10 11:22:29,190 - pyiron_log - INFO - Assigning a channel with the label x_n to the io key heron__x_n
2026-04-10 11:22:29,190 - pyiron_log - INFO - Assigning a channel with the label S to the io key heron2__S
2026-04-10 11:22:29,190 - pyiron_log - INFO - Assigning a channel with the label max_diff to the io key diff__max_diff
2026-04-10 11:22:29,190 - pyiron_log - INFO - Assigning a channel with the label max_iterations to the io key new_while_loop140232710756672__max_iterations
2026-04-10 11:22:29,190 - pyiron_log - INFO - Assigning a channel with the label a to the io key int_input140232711146720__a
2026-04-10 11:22:29,190 - pyiron_log - INFO - Assigning a channel with the label a to the io key int_input0140232700178512__a
2026-04-10 11:22:29,190 - pyiron_log - INFO - Assigning a channel with the label a to the io key float_input140232710890144__a
2026-04-10 11:22:29,190 - pyiron_log - INFO - Assigning a channel with the label a to the io key int_input1140232700168096__a
2026-04-10 11:22:29,190 - pyiron_log - INFO - Assigning a channel with the label a to the io key float_input0140232700179760__a
2026-04-10 11:22:29,190 - pyiron_log - INFO - Assigning a channel with the label half to the io key heron2__half
2026-04-10 11:22:29,190 - pyiron_log - INFO - Assigning a channel with the label x_n to the io key heron2__x_n
2026-04-10 11:22:29,190 - pyiron_log - INFO - Assigning a channel with the label diff_in_range to the io key diff__diff_in_range
2026-04-10 11:22:29,190 - pyiron_log - INFO - Assigning a channel with the label half to the io key new_while_loop140232710756672__half
2026-04-10 11:22:29,190 - pyiron_log - INFO - Assigning a channel with the label x_n to the io key new_while_loop140232710756672__x_n
2026-04-10 11:23:20,925 - pyiron_log - INFO - Assigning a channel with the label S to the io key heron__S
2026-04-10 11:23:20,926 - pyiron_log - INFO - Assigning a channel with the label x_n to the io key heron__x_n
2026-04-10 11:23:20,926 - pyiron_log - INFO - Assigning a channel with the label S to the io key heron2__S
2026-04-10 11:23:20,926 - pyiron_log - INFO - Assigning a channel with the label max_diff to the io key diff__max_diff
2026-04-10 11:23:20,926 - pyiron_log - INFO - Assigning a channel with the label max_iterations to the io key new_while_loop140232710756672__max_iterations
2026-04-10 11:23:20,926 - pyiron_log - INFO - Assigning a channel with the label a to the io key int_input140232711146720__a
2026-04-10 11:23:20,926 - pyiron_log - INFO - Assigning a channel with the label a to the io key int_input0140232700178512__a
2026-04-10 11:23:20,926 - pyiron_log - INFO - Assigning a channel with the label a to the io key float_input140232710890144__a
2026-04-10 11:23:20,926 - pyiron_log - INFO - Assigning a channel with the label a to the io key int_input1140232700168096__a
2026-04-10 11:23:20,926 - pyiron_log - INFO - Assigning a channel with the label a to the io key float_input0140232700179760__a
2026-04-10 11:23:20,926 - pyiron_log - INFO - Assigning a channel with the label S to the io key heron__S
2026-04-10 11:23:20,926 - pyiron_log - INFO - Assigning a channel with the label x_n to the io key heron__x_n
2026-04-10 11:23:20,926 - pyiron_log - INFO - Assigning a channel with the label S to the io key heron2__S
2026-04-10 11:23:20,926 - pyiron_log - INFO - Assigning a channel with the label max_diff to the io key diff__max_diff
2026-04-10 11:23:20,926 - pyiron_log - INFO - Assigning a channel with the label max_iterations to the io key new_while_loop140232710756672__max_iterations
2026-04-10 11:23:20,926 - pyiron_log - INFO - Assigning a channel with the label a to the io key int_input140232711146720__a
2026-04-10 11:23:20,926 - pyiron_log - INFO - Assigning a channel with the label a to the io key int_input0140232700178512__a
2026-04-10 11:23:20,926 - pyiron_log - INFO - Assigning a channel with the label a to the io key float_input140232710890144__a
2026-04-10 11:23:20,926 - pyiron_log - INFO - Assigning a channel with the label a to the io key int_input1140232700168096__a
2026-04-10 11:23:20,926 - pyiron_log - INFO - Assigning a channel with the label a to the io key float_input0140232700179760__a
2026-04-10 11:23:20,926 - pyiron_log - INFO - Assigning a channel with the label S to the io key heron__S
2026-04-10 11:23:20,926 - pyiron_log - INFO - Assigning a channel with the label x_n to the io key heron__x_n
2026-04-10 11:23:20,926 - pyiron_log - INFO - Assigning a channel with the label S to the io key heron2__S
2026-04-10 11:23:20,926 - pyiron_log - INFO - Assigning a channel with the label max_diff to the io key diff__max_diff
2026-04-10 11:23:20,926 - pyiron_log - INFO - Assigning a channel with the label max_iterations to the io key new_while_loop140232710756672__max_iterations
2026-04-10 11:23:20,926 - pyiron_log - INFO - Assigning a channel with the label a to the io key int_input140232711146720__a
2026-04-10 11:23:20,926 - pyiron_log - INFO - Assigning a channel with the label a to the io key int_input0140232700178512__a
2026-04-10 11:23:20,926 - pyiron_log - INFO - Assigning a channel with the label a to the io key float_input140232710890144__a
2026-04-10 11:23:20,926 - pyiron_log - INFO - Assigning a channel with the label a to the io key int_input1140232700168096__a
2026-04-10 11:23:20,926 - pyiron_log - INFO - Assigning a channel with the label a to the io key float_input0140232700179760__a
2026-04-10 11:23:20,926 - pyiron_log - INFO - Assigning a channel with the label S to the io key heron__S
2026-04-10 11:23:20,927 - pyiron_log - INFO - Assigning a channel with the label x_n to the io key heron__x_n
2026-04-10 11:23:20,927 - pyiron_log - INFO - Assigning a channel with the label S to the io key heron2__S
2026-04-10 11:23:20,927 - pyiron_log - INFO - Assigning a channel with the label max_diff to the io key diff__max_diff
2026-04-10 11:23:20,927 - pyiron_log - INFO - Assigning a channel with the label max_iterations to the io key new_while_loop140232710756672__max_iterations
2026-04-10 11:23:20,927 - pyiron_log - INFO - Assigning a channel with the label a to the io key int_input140232711146720__a
2026-04-10 11:23:20,927 - pyiron_log - INFO - Assigning a channel with the label a to the io key int_input0140232700178512__a
2026-04-10 11:23:20,927 - pyiron_log - INFO - Assigning a channel with the label a to the io key float_input140232710890144__a
2026-04-10 11:23:20,927 - pyiron_log - INFO - Assigning a channel with the label a to the io key int_input1140232700168096__a
2026-04-10 11:23:20,927 - pyiron_log - INFO - Assigning a channel with the label a to the io key float_input0140232700179760__a
2026-04-10 11:23:20,927 - pyiron_log - INFO - Assigning a channel with the label half to the io key heron2__half
2026-04-10 11:23:20,927 - pyiron_log - INFO - Assigning a channel with the label x_n to the io key heron2__x_n
2026-04-10 11:23:20,927 - pyiron_log - INFO - Assigning a channel with the label diff_in_range to the io key diff__diff_in_range
2026-04-10 11:23:20,927 - pyiron_log - INFO - Assigning a channel with the label half to the io key new_while_loop140232710756672__half
2026-04-10 11:23:20,927 - pyiron_log - INFO - Assigning a channel with the label x_n to the io key new_while_loop140232710756672__x_n
2026-04-10 11:24:36,944 - pyiron_log - INFO - Assigning a channel with the label S to the io key heron140235370609024__S
2026-04-10 11:24:36,944 - pyiron_log - INFO - Assigning a channel with the label x_n to the io key heron140235370609024__x_n
2026-04-10 11:24:36,944 - pyiron_log - INFO - Assigning a channel with the label S to the io key heron2__S
2026-04-10 11:24:36,944 - pyiron_log - INFO - Assigning a channel with the label max_diff to the io key diff140232710882752__max_diff
2026-04-10 11:24:36,944 - pyiron_log - INFO - Assigning a channel with the label max_iterations to the io key new_while_loop__max_iterations
2026-04-10 11:24:36,944 - pyiron_log - INFO - Assigning a channel with the label a to the io key int_input__a
2026-04-10 11:24:36,944 - pyiron_log - INFO - Assigning a channel with the label a to the io key int_input0__a
2026-04-10 11:24:36,944 - pyiron_log - INFO - Assigning a channel with the label a to the io key float_input__a
2026-04-10 11:24:36,944 - pyiron_log - INFO - Assigning a channel with the label a to the io key int_input1__a
2026-04-10 11:24:36,944 - pyiron_log - INFO - Assigning a channel with the label a to the io key float_input0__a
2026-04-10 11:24:36,944 - pyiron_log - INFO - Assigning a channel with the label S to the io key heron140235370609024__S
2026-04-10 11:24:36,944 - pyiron_log - INFO - Assigning a channel with the label x_n to the io key heron140235370609024__x_n
2026-04-10 11:24:36,944 - pyiron_log - INFO - Assigning a channel with the label S to the io key heron2__S
2026-04-10 11:24:36,944 - pyiron_log - INFO - Assigning a channel with the label max_diff to the io key diff140232710882752__max_diff
2026-04-10 11:24:36,944 - pyiron_log - INFO - Assigning a channel with the label max_iterations to the io key new_while_loop__max_iterations
2026-04-10 11:24:36,944 - pyiron_log - INFO - Assigning a channel with the label a to the io key int_input__a
2026-04-10 11:24:36,944 - pyiron_log - INFO - Assigning a channel with the label a to the io key int_input0__a
2026-04-10 11:24:36,944 - pyiron_log - INFO - Assigning a channel with the label a to the io key float_input__a
2026-04-10 11:24:36,944 - pyiron_log - INFO - Assigning a channel with the label a to the io key int_input1__a
2026-04-10 11:24:36,944 - pyiron_log - INFO - Assigning a channel with the label a to the io key float_input0__a
2026-04-10 11:24:36,944 - pyiron_log - INFO - Assigning a channel with the label S to the io key heron140235370609024__S
2026-04-10 11:24:36,944 - pyiron_log - INFO - Assigning a channel with the label x_n to the io key heron140235370609024__x_n
2026-04-10 11:24:36,944 - pyiron_log - INFO - Assigning a channel with the label S to the io key heron2__S
2026-04-10 11:24:36,944 - pyiron_log - INFO - Assigning a channel with the label max_diff to the io key diff140232710882752__max_diff
2026-04-10 11:24:36,945 - pyiron_log - INFO - Assigning a channel with the label max_iterations to the io key new_while_loop__max_iterations
2026-04-10 11:24:36,945 - pyiron_log - INFO - Assigning a channel with the label a to the io key int_input__a
2026-04-10 11:24:36,945 - pyiron_log - INFO - Assigning a channel with the label a to the io key int_input0__a
2026-04-10 11:24:36,945 - pyiron_log - INFO - Assigning a channel with the label a to the io key float_input__a
2026-04-10 11:24:36,945 - pyiron_log - INFO - Assigning a channel with the label a to the io key int_input1__a
2026-04-10 11:24:36,945 - pyiron_log - INFO - Assigning a channel with the label a to the io key float_input0__a
2026-04-10 11:24:36,945 - pyiron_log - INFO - Assigning a channel with the label S to the io key heron140235370609024__S
2026-04-10 11:24:36,945 - pyiron_log - INFO - Assigning a channel with the label x_n to the io key heron140235370609024__x_n
2026-04-10 11:24:36,945 - pyiron_log - INFO - Assigning a channel with the label S to the io key heron2__S
2026-04-10 11:24:36,945 - pyiron_log - INFO - Assigning a channel with the label max_diff to the io key diff140232710882752__max_diff
2026-04-10 11:24:36,945 - pyiron_log - INFO - Assigning a channel with the label max_iterations to the io key new_while_loop__max_iterations
2026-04-10 11:24:36,945 - pyiron_log - INFO - Assigning a channel with the label a to the io key int_input__a
2026-04-10 11:24:36,945 - pyiron_log - INFO - Assigning a channel with the label a to the io key int_input0__a
2026-04-10 11:24:36,945 - pyiron_log - INFO - Assigning a channel with the label a to the io key float_input__a
2026-04-10 11:24:36,945 - pyiron_log - INFO - Assigning a channel with the label a to the io key int_input1__a
2026-04-10 11:24:36,945 - pyiron_log - INFO - Assigning a channel with the label a to the io key float_input0__a
2026-04-10 11:24:36,945 - pyiron_log - INFO - Assigning a channel with the label S to the io key heron140235370609024__S
2026-04-10 11:24:36,945 - pyiron_log - INFO - Assigning a channel with the label x_n to the io key heron140235370609024__x_n
2026-04-10 11:24:36,945 - pyiron_log - INFO - Assigning a channel with the label S to the io key heron2__S
2026-04-10 11:24:36,945 - pyiron_log - INFO - Assigning a channel with the label max_diff to the io key diff140232710882752__max_diff
2026-04-10 11:24:36,945 - pyiron_log - INFO - Assigning a channel with the label max_iterations to the io key new_while_loop__max_iterations
2026-04-10 11:24:36,945 - pyiron_log - INFO - Assigning a channel with the label a to the io key int_input__a
2026-04-10 11:24:36,945 - pyiron_log - INFO - Assigning a channel with the label a to the io key int_input0__a
2026-04-10 11:24:36,945 - pyiron_log - INFO - Assigning a channel with the label a to the io key float_input__a
2026-04-10 11:24:36,945 - pyiron_log - INFO - Assigning a channel with the label a to the io key int_input1__a
2026-04-10 11:24:36,945 - pyiron_log - INFO - Assigning a channel with the label a to the io key float_input0__a
2026-04-10 11:24:36,945 - pyiron_log - INFO - Assigning a channel with the label S to the io key heron140235370609024__S
2026-04-10 11:24:36,945 - pyiron_log - INFO - Assigning a channel with the label x_n to the io key heron140235370609024__x_n
2026-04-10 11:24:36,945 - pyiron_log - INFO - Assigning a channel with the label S to the io key heron2__S
2026-04-10 11:24:36,945 - pyiron_log - INFO - Assigning a channel with the label max_diff to the io key diff140232710882752__max_diff
2026-04-10 11:24:36,945 - pyiron_log - INFO - Assigning a channel with the label max_iterations to the io key new_while_loop__max_iterations
2026-04-10 11:24:36,945 - pyiron_log - INFO - Assigning a channel with the label a to the io key int_input__a
2026-04-10 11:24:36,945 - pyiron_log - INFO - Assigning a channel with the label a to the io key int_input0__a
2026-04-10 11:24:36,945 - pyiron_log - INFO - Assigning a channel with the label a to the io key float_input__a
2026-04-10 11:24:36,945 - pyiron_log - INFO - Assigning a channel with the label a to the io key int_input1__a
2026-04-10 11:24:36,945 - pyiron_log - INFO - Assigning a channel with the label a to the io key float_input0__a
2026-04-10 11:24:50,609 - pyiron_log - INFO - float_input is already a node; appending an index to the node label instead: float_input1
2026-04-10 11:24:51,189 - pyiron_log - INFO - int_input is already a node; appending an index to the node label instead: int_input2
2026-04-10 11:25:27,292 - pyiron_log - INFO - Assigning a channel with the label S to the io key heron2__S
2026-04-10 11:25:27,292 - pyiron_log - INFO - Assigning a channel with the label max_diff to the io key diff140232710882752__max_diff
2026-04-10 11:25:27,292 - pyiron_log - INFO - Assigning a channel with the label max_iterations to the io key new_while_loop__max_iterations
2026-04-10 11:25:27,292 - pyiron_log - INFO - Assigning a channel with the label a to the io key int_input__a
2026-04-10 11:25:27,292 - pyiron_log - INFO - Assigning a channel with the label a to the io key int_input0__a
2026-04-10 11:25:27,292 - pyiron_log - INFO - Assigning a channel with the label a to the io key float_input__a
2026-04-10 11:25:27,292 - pyiron_log - INFO - Assigning a channel with the label a to the io key int_input1__a
2026-04-10 11:25:27,292 - pyiron_log - INFO - Assigning a channel with the label a to the io key float_input0__a
2026-04-10 11:25:27,292 - pyiron_log - INFO - Assigning a channel with the label a to the io key float_input1140232710355952__a
2026-04-10 11:25:27,293 - pyiron_log - INFO - Assigning a channel with the label a to the io key int_input2140232700191104__a
2026-04-10 11:25:27,293 - pyiron_log - INFO - Assigning a channel with the label S to the io key heron2__S
2026-04-10 11:25:27,293 - pyiron_log - INFO - Assigning a channel with the label max_diff to the io key diff140232710882752__max_diff
2026-04-10 11:25:27,293 - pyiron_log - INFO - Assigning a channel with the label max_iterations to the io key new_while_loop__max_iterations
2026-04-10 11:25:27,293 - pyiron_log - INFO - Assigning a channel with the label a to the io key int_input__a
2026-04-10 11:25:27,293 - pyiron_log - INFO - Assigning a channel with the label a to the io key int_input0__a
2026-04-10 11:25:27,293 - pyiron_log - INFO - Assigning a channel with the label a to the io key float_input__a
2026-04-10 11:25:27,293 - pyiron_log - INFO - Assigning a channel with the label a to the io key int_input1__a
2026-04-10 11:25:27,293 - pyiron_log - INFO - Assigning a channel with the label a to the io key float_input0__a
2026-04-10 11:25:27,293 - pyiron_log - INFO - Assigning a channel with the label a to the io key float_input1140232710355952__a
2026-04-10 11:25:27,293 - pyiron_log - INFO - Assigning a channel with the label a to the io key int_input2140232700191104__a
2026-04-10 11:25:27,293 - pyiron_log - INFO - Assigning a channel with the label S to the io key heron2__S
2026-04-10 11:25:27,293 - pyiron_log - INFO - Assigning a channel with the label max_diff to the io key diff140232710882752__max_diff
2026-04-10 11:25:27,293 - pyiron_log - INFO - Assigning a channel with the label max_iterations to the io key new_while_loop__max_iterations
2026-04-10 11:25:27,293 - pyiron_log - INFO - Assigning a channel with the label a to the io key int_input__a
2026-04-10 11:25:27,293 - pyiron_log - INFO - Assigning a channel with the label a to the io key int_input0__a
2026-04-10 11:25:27,293 - pyiron_log - INFO - Assigning a channel with the label a to the io key float_input__a
2026-04-10 11:25:27,293 - pyiron_log - INFO - Assigning a channel with the label a to the io key int_input1__a
2026-04-10 11:25:27,293 - pyiron_log - INFO - Assigning a channel with the label a to the io key float_input0__a
2026-04-10 11:25:27,293 - pyiron_log - INFO - Assigning a channel with the label a to the io key float_input1140232710355952__a
2026-04-10 11:25:27,293 - pyiron_log - INFO - Assigning a channel with the label a to the io key int_input2140232700191104__a
2026-04-10 11:25:27,293 - pyiron_log - INFO - Assigning a channel with the label S to the io key heron2__S
2026-04-10 11:25:27,293 - pyiron_log - INFO - Assigning a channel with the label max_diff to the io key diff140232710882752__max_diff
2026-04-10 11:25:27,293 - pyiron_log - INFO - Assigning a channel with the label max_iterations to the io key new_while_loop__max_iterations
2026-04-10 11:25:27,293 - pyiron_log - INFO - Assigning a channel with the label a to the io key int_input__a
2026-04-10 11:25:27,293 - pyiron_log - INFO - Assigning a channel with the label a to the io key int_input0__a
2026-04-10 11:25:27,293 - pyiron_log - INFO - Assigning a channel with the label a to the io key float_input__a
2026-04-10 11:25:27,293 - pyiron_log - INFO - Assigning a channel with the label a to the io key int_input1__a
2026-04-10 11:25:27,293 - pyiron_log - INFO - Assigning a channel with the label a to the io key float_input0__a
2026-04-10 11:25:27,293 - pyiron_log - INFO - Assigning a channel with the label a to the io key float_input1140232710355952__a
2026-04-10 11:25:27,293 - pyiron_log - INFO - Assigning a channel with the label a to the io key int_input2140232700191104__a
2026-04-10 11:25:27,293 - pyiron_log - INFO - Assigning a channel with the label S to the io key heron2__S
2026-04-10 11:25:27,293 - pyiron_log - INFO - Assigning a channel with the label max_diff to the io key diff140232710882752__max_diff
2026-04-10 11:25:27,293 - pyiron_log - INFO - Assigning a channel with the label max_iterations to the io key new_while_loop__max_iterations
2026-04-10 11:25:27,293 - pyiron_log - INFO - Assigning a channel with the label a to the io key int_input__a
2026-04-10 11:25:27,293 - pyiron_log - INFO - Assigning a channel with the label a to the io key int_input0__a
2026-04-10 11:25:27,293 - pyiron_log - INFO - Assigning a channel with the label a to the io key float_input__a
2026-04-10 11:25:27,293 - pyiron_log - INFO - Assigning a channel with the label a to the io key int_input1__a
2026-04-10 11:25:27,293 - pyiron_log - INFO - Assigning a channel with the label a to the io key float_input0__a
2026-04-10 11:25:27,294 - pyiron_log - INFO - Assigning a channel with the label a to the io key float_input1140232710355952__a
2026-04-10 11:25:27,294 - pyiron_log - INFO - Assigning a channel with the label a to the io key int_input2140232700191104__a
2026-04-10 11:25:27,294 - pyiron_log - INFO - Assigning a channel with the label S to the io key heron2__S
2026-04-10 11:25:27,294 - pyiron_log - INFO - Assigning a channel with the label max_diff to the io key diff140232710882752__max_diff
2026-04-10 11:25:27,294 - pyiron_log - INFO - Assigning a channel with the label max_iterations to the io key new_while_loop__max_iterations
2026-04-10 11:25:27,294 - pyiron_log - INFO - Assigning a channel with the label a to the io key int_input__a
2026-04-10 11:25:27,294 - pyiron_log - INFO - Assigning a channel with the label a to the io key int_input0__a
2026-04-10 11:25:27,294 - pyiron_log - INFO - Assigning a channel with the label a to the io key float_input__a
2026-04-10 11:25:27,294 - pyiron_log - INFO - Assigning a channel with the label a to the io key int_input1__a
2026-04-10 11:25:27,294 - pyiron_log - INFO - Assigning a channel with the label a to the io key float_input0__a
2026-04-10 11:25:27,294 - pyiron_log - INFO - Assigning a channel with the label a to the io key float_input1140232710355952__a
2026-04-10 11:25:27,294 - pyiron_log - INFO - Assigning a channel with the label a to the io key int_input2140232700191104__a
2026-04-10 11:25:27,294 - pyiron_log - INFO - Assigning a channel with the label S to the io key heron2__S
2026-04-10 11:25:27,294 - pyiron_log - INFO - Assigning a channel with the label max_diff to the io key diff140232710882752__max_diff
2026-04-10 11:25:27,294 - pyiron_log - INFO - Assigning a channel with the label max_iterations to the io key new_while_loop__max_iterations
2026-04-10 11:25:27,294 - pyiron_log - INFO - Assigning a channel with the label a to the io key int_input__a
2026-04-10 11:25:27,294 - pyiron_log - INFO - Assigning a channel with the label a to the io key int_input0__a
2026-04-10 11:25:27,294 - pyiron_log - INFO - Assigning a channel with the label a to the io key float_input__a
2026-04-10 11:25:27,294 - pyiron_log - INFO - Assigning a channel with the label a to the io key int_input1__a
2026-04-10 11:25:27,294 - pyiron_log - INFO - Assigning a channel with the label a to the io key float_input0__a
2026-04-10 11:25:27,294 - pyiron_log - INFO - Assigning a channel with the label a to the io key float_input1140232710355952__a
2026-04-10 11:25:27,294 - pyiron_log - INFO - Assigning a channel with the label a to the io key int_input2140232700191104__a
2026-04-10 11:25:34,079 - pyiron_log - INFO - Assigning a channel with the label S to the io key heron2__S
2026-04-10 11:25:34,079 - pyiron_log - INFO - Assigning a channel with the label max_diff to the io key diff__max_diff
2026-04-10 11:25:34,079 - pyiron_log - INFO - Assigning a channel with the label max_iterations to the io key new_while_loop__max_iterations
2026-04-10 11:25:34,079 - pyiron_log - INFO - Assigning a channel with the label a to the io key int_input__a
2026-04-10 11:25:34,079 - pyiron_log - INFO - Assigning a channel with the label a to the io key int_input0__a
2026-04-10 11:25:34,079 - pyiron_log - INFO - Assigning a channel with the label a to the io key float_input__a
2026-04-10 11:25:34,079 - pyiron_log - INFO - Assigning a channel with the label a to the io key int_input1__a
2026-04-10 11:25:34,079 - pyiron_log - INFO - Assigning a channel with the label a to the io key float_input0__a
2026-04-10 11:25:34,079 - pyiron_log - INFO - Assigning a channel with the label a to the io key float_input1140232710355952__a
2026-04-10 11:25:34,079 - pyiron_log - INFO - Assigning a channel with the label a to the io key int_input2140232700191104__a
2026-04-10 11:25:34,079 - pyiron_log - INFO - Assigning a channel with the label S to the io key heron2__S
2026-04-10 11:25:34,079 - pyiron_log - INFO - Assigning a channel with the label max_diff to the io key diff__max_diff
2026-04-10 11:25:34,079 - pyiron_log - INFO - Assigning a channel with the label max_iterations to the io key new_while_loop__max_iterations
2026-04-10 11:25:34,079 - pyiron_log - INFO - Assigning a channel with the label a to the io key int_input__a
2026-04-10 11:25:34,079 - pyiron_log - INFO - Assigning a channel with the label a to the io key int_input0__a
2026-04-10 11:25:34,079 - pyiron_log - INFO - Assigning a channel with the label a to the io key float_input__a
2026-04-10 11:25:34,079 - pyiron_log - INFO - Assigning a channel with the label a to the io key int_input1__a
2026-04-10 11:25:34,079 - pyiron_log - INFO - Assigning a channel with the label a to the io key float_input0__a
2026-04-10 11:25:34,079 - pyiron_log - INFO - Assigning a channel with the label a to the io key float_input1140232710355952__a
2026-04-10 11:25:34,079 - pyiron_log - INFO - Assigning a channel with the label a to the io key int_input2140232700191104__a
2026-04-10 11:25:34,080 - pyiron_log - INFO - Assigning a channel with the label S to the io key heron2__S
2026-04-10 11:25:34,080 - pyiron_log - INFO - Assigning a channel with the label max_diff to the io key diff__max_diff
2026-04-10 11:25:34,080 - pyiron_log - INFO - Assigning a channel with the label max_iterations to the io key new_while_loop__max_iterations
2026-04-10 11:25:34,080 - pyiron_log - INFO - Assigning a channel with the label a to the io key int_input__a
2026-04-10 11:25:34,080 - pyiron_log - INFO - Assigning a channel with the label a to the io key int_input0__a
2026-04-10 11:25:34,080 - pyiron_log - INFO - Assigning a channel with the label a to the io key float_input__a
2026-04-10 11:25:34,080 - pyiron_log - INFO - Assigning a channel with the label a to the io key int_input1__a
2026-04-10 11:25:34,080 - pyiron_log - INFO - Assigning a channel with the label a to the io key float_input0__a
2026-04-10 11:25:34,080 - pyiron_log - INFO - Assigning a channel with the label a to the io key float_input1140232710355952__a
2026-04-10 11:25:34,080 - pyiron_log - INFO - Assigning a channel with the label a to the io key int_input2140232700191104__a
2026-04-10 11:25:34,080 - pyiron_log - INFO - Assigning a channel with the label S to the io key heron2__S
2026-04-10 11:25:34,080 - pyiron_log - INFO - Assigning a channel with the label max_diff to the io key diff__max_diff
2026-04-10 11:25:34,080 - pyiron_log - INFO - Assigning a channel with the label max_iterations to the io key new_while_loop__max_iterations
2026-04-10 11:25:34,080 - pyiron_log - INFO - Assigning a channel with the label a to the io key int_input__a
2026-04-10 11:25:34,080 - pyiron_log - INFO - Assigning a channel with the label a to the io key int_input0__a
2026-04-10 11:25:34,080 - pyiron_log - INFO - Assigning a channel with the label a to the io key float_input__a
2026-04-10 11:25:34,080 - pyiron_log - INFO - Assigning a channel with the label a to the io key int_input1__a
2026-04-10 11:25:34,080 - pyiron_log - INFO - Assigning a channel with the label a to the io key float_input0__a
2026-04-10 11:25:34,080 - pyiron_log - INFO - Assigning a channel with the label a to the io key float_input1140232710355952__a
2026-04-10 11:25:34,080 - pyiron_log - INFO - Assigning a channel with the label a to the io key int_input2140232700191104__a
2026-04-10 11:25:34,080 - pyiron_log - INFO - Assigning a channel with the label S to the io key heron2__S
2026-04-10 11:25:34,080 - pyiron_log - INFO - Assigning a channel with the label max_diff to the io key diff__max_diff
2026-04-10 11:25:34,080 - pyiron_log - INFO - Assigning a channel with the label max_iterations to the io key new_while_loop__max_iterations
2026-04-10 11:25:34,080 - pyiron_log - INFO - Assigning a channel with the label a to the io key int_input__a
2026-04-10 11:25:34,080 - pyiron_log - INFO - Assigning a channel with the label a to the io key int_input0__a
2026-04-10 11:25:34,080 - pyiron_log - INFO - Assigning a channel with the label a to the io key float_input__a
2026-04-10 11:25:34,080 - pyiron_log - INFO - Assigning a channel with the label a to the io key int_input1__a
2026-04-10 11:25:34,080 - pyiron_log - INFO - Assigning a channel with the label a to the io key float_input0__a
2026-04-10 11:25:34,080 - pyiron_log - INFO - Assigning a channel with the label a to the io key float_input1140232710355952__a
2026-04-10 11:25:34,080 - pyiron_log - INFO - Assigning a channel with the label a to the io key int_input2140232700191104__a
2026-04-10 11:25:34,080 - pyiron_log - INFO - Assigning a channel with the label S to the io key heron2__S
2026-04-10 11:25:34,080 - pyiron_log - INFO - Assigning a channel with the label max_diff to the io key diff__max_diff
2026-04-10 11:25:34,080 - pyiron_log - INFO - Assigning a channel with the label max_iterations to the io key new_while_loop__max_iterations
2026-04-10 11:25:34,080 - pyiron_log - INFO - Assigning a channel with the label a to the io key int_input__a
2026-04-10 11:25:34,080 - pyiron_log - INFO - Assigning a channel with the label a to the io key int_input0__a
2026-04-10 11:25:34,080 - pyiron_log - INFO - Assigning a channel with the label a to the io key float_input__a
2026-04-10 11:25:34,080 - pyiron_log - INFO - Assigning a channel with the label a to the io key int_input1__a
2026-04-10 11:25:34,080 - pyiron_log - INFO - Assigning a channel with the label a to the io key float_input0__a
2026-04-10 11:25:34,080 - pyiron_log - INFO - Assigning a channel with the label a to the io key float_input1140232710355952__a
2026-04-10 11:25:34,081 - pyiron_log - INFO - Assigning a channel with the label a to the io key int_input2140232700191104__a
2026-04-10 11:25:34,081 - pyiron_log - INFO - Assigning a channel with the label half to the io key heron2__half
2026-04-10 11:25:34,081 - pyiron_log - INFO - Assigning a channel with the label x_n to the io key heron2__x_n
2026-04-10 11:25:34,081 - pyiron_log - INFO - Assigning a channel with the label diff_in_range to the io key diff__diff_in_range
2026-04-10 11:25:34,081 - pyiron_log - INFO - Assigning a channel with the label half to the io key new_while_loop__half
2026-04-10 11:25:34,081 - pyiron_log - INFO - Assigning a channel with the label x_n to the io key new_while_loop__x_n
2026-04-10 11:26:33,803 - pyiron_log - INFO - Assigning a channel with the label S to the io key heron2__S
2026-04-10 11:26:33,803 - pyiron_log - INFO - Assigning a channel with the label max_diff to the io key diff__max_diff
2026-04-10 11:26:33,803 - pyiron_log - INFO - Assigning a channel with the label max_iterations to the io key new_while_loop__max_iterations
2026-04-10 11:26:33,803 - pyiron_log - INFO - Assigning a channel with the label a to the io key int_input__a
2026-04-10 11:26:33,803 - pyiron_log - INFO - Assigning a channel with the label a to the io key int_input0__a
2026-04-10 11:26:33,804 - pyiron_log - INFO - Assigning a channel with the label a to the io key float_input__a
2026-04-10 11:26:33,804 - pyiron_log - INFO - Assigning a channel with the label a to the io key int_input1__a
2026-04-10 11:26:33,804 - pyiron_log - INFO - Assigning a channel with the label a to the io key float_input0__a
2026-04-10 11:26:33,804 - pyiron_log - INFO - Assigning a channel with the label a to the io key float_input1140232710355952__a
2026-04-10 11:26:33,804 - pyiron_log - INFO - Assigning a channel with the label a to the io key int_input2140232700191104__a
2026-04-10 11:26:33,804 - pyiron_log - INFO - Assigning a channel with the label S to the io key heron2__S
2026-04-10 11:26:33,804 - pyiron_log - INFO - Assigning a channel with the label max_diff to the io key diff__max_diff
2026-04-10 11:26:33,804 - pyiron_log - INFO - Assigning a channel with the label max_iterations to the io key new_while_loop__max_iterations
2026-04-10 11:26:33,804 - pyiron_log - INFO - Assigning a channel with the label a to the io key int_input__a
2026-04-10 11:26:33,804 - pyiron_log - INFO - Assigning a channel with the label a to the io key int_input0__a
2026-04-10 11:26:33,804 - pyiron_log - INFO - Assigning a channel with the label a to the io key float_input__a
2026-04-10 11:26:33,804 - pyiron_log - INFO - Assigning a channel with the label a to the io key int_input1__a
2026-04-10 11:26:33,804 - pyiron_log - INFO - Assigning a channel with the label a to the io key float_input0__a
2026-04-10 11:26:33,804 - pyiron_log - INFO - Assigning a channel with the label a to the io key float_input1140232710355952__a
2026-04-10 11:26:33,804 - pyiron_log - INFO - Assigning a channel with the label a to the io key int_input2140232700191104__a
2026-04-10 11:26:33,804 - pyiron_log - INFO - Assigning a channel with the label S to the io key heron2__S
2026-04-10 11:26:33,804 - pyiron_log - INFO - Assigning a channel with the label max_diff to the io key diff__max_diff
2026-04-10 11:26:33,804 - pyiron_log - INFO - Assigning a channel with the label max_iterations to the io key new_while_loop__max_iterations
2026-04-10 11:26:33,804 - pyiron_log - INFO - Assigning a channel with the label a to the io key int_input__a
2026-04-10 11:26:33,804 - pyiron_log - INFO - Assigning a channel with the label a to the io key int_input0__a
2026-04-10 11:26:33,804 - pyiron_log - INFO - Assigning a channel with the label a to the io key float_input__a
2026-04-10 11:26:33,804 - pyiron_log - INFO - Assigning a channel with the label a to the io key int_input1__a
2026-04-10 11:26:33,804 - pyiron_log - INFO - Assigning a channel with the label a to the io key float_input0__a
2026-04-10 11:26:33,804 - pyiron_log - INFO - Assigning a channel with the label a to the io key float_input1140232710355952__a
2026-04-10 11:26:33,804 - pyiron_log - INFO - Assigning a channel with the label a to the io key int_input2140232700191104__a
2026-04-10 11:26:33,804 - pyiron_log - INFO - Assigning a channel with the label S to the io key heron2__S
2026-04-10 11:26:33,804 - pyiron_log - INFO - Assigning a channel with the label max_diff to the io key diff__max_diff
2026-04-10 11:26:33,804 - pyiron_log - INFO - Assigning a channel with the label max_iterations to the io key new_while_loop__max_iterations
2026-04-10 11:26:33,804 - pyiron_log - INFO - Assigning a channel with the label a to the io key int_input__a
2026-04-10 11:26:33,804 - pyiron_log - INFO - Assigning a channel with the label a to the io key int_input0__a
2026-04-10 11:26:33,804 - pyiron_log - INFO - Assigning a channel with the label a to the io key float_input__a
2026-04-10 11:26:33,804 - pyiron_log - INFO - Assigning a channel with the label a to the io key int_input1__a
2026-04-10 11:26:33,804 - pyiron_log - INFO - Assigning a channel with the label a to the io key float_input0__a
2026-04-10 11:26:33,804 - pyiron_log - INFO - Assigning a channel with the label a to the io key float_input1140232710355952__a
2026-04-10 11:26:33,804 - pyiron_log - INFO - Assigning a channel with the label a to the io key int_input2140232700191104__a
2026-04-10 11:26:33,804 - pyiron_log - INFO - Assigning a channel with the label half to the io key heron2__half
2026-04-10 11:26:33,804 - pyiron_log - INFO - Assigning a channel with the label x_n to the io key heron2__x_n
2026-04-10 11:26:33,805 - pyiron_log - INFO - Assigning a channel with the label diff_in_range to the io key diff__diff_in_range
2026-04-10 11:26:33,805 - pyiron_log - INFO - Assigning a channel with the label half to the io key new_while_loop__half
2026-04-10 11:26:33,805 - pyiron_log - INFO - Assigning a channel with the label x_n to the io key new_while_loop__x_n
2026-04-10 11:27:34,454 - pyiron_log - INFO - Assigning a channel with the label S to the io key heron2__S
2026-04-10 11:27:34,454 - pyiron_log - INFO - Assigning a channel with the label max_diff to the io key diff__max_diff
2026-04-10 11:27:34,454 - pyiron_log - INFO - Assigning a channel with the label max_iterations to the io key new_while_loop__max_iterations
2026-04-10 11:27:34,454 - pyiron_log - INFO - Assigning a channel with the label a to the io key int_input__a
2026-04-10 11:27:34,454 - pyiron_log - INFO - Assigning a channel with the label a to the io key int_input0__a
2026-04-10 11:27:34,454 - pyiron_log - INFO - Assigning a channel with the label a to the io key float_input__a
2026-04-10 11:27:34,454 - pyiron_log - INFO - Assigning a channel with the label a to the io key int_input1__a
2026-04-10 11:27:34,454 - pyiron_log - INFO - Assigning a channel with the label a to the io key float_input0__a
2026-04-10 11:27:34,454 - pyiron_log - INFO - Assigning a channel with the label a to the io key float_input1140232710355952__a
2026-04-10 11:27:34,454 - pyiron_log - INFO - Assigning a channel with the label a to the io key int_input2140232700191104__a
2026-04-10 11:27:34,454 - pyiron_log - INFO - Assigning a channel with the label S to the io key heron2__S
2026-04-10 11:27:34,454 - pyiron_log - INFO - Assigning a channel with the label max_diff to the io key diff__max_diff
2026-04-10 11:27:34,455 - pyiron_log - INFO - Assigning a channel with the label max_iterations to the io key new_while_loop__max_iterations
2026-04-10 11:27:34,455 - pyiron_log - INFO - Assigning a channel with the label a to the io key int_input__a
2026-04-10 11:27:34,455 - pyiron_log - INFO - Assigning a channel with the label a to the io key int_input0__a
2026-04-10 11:27:34,455 - pyiron_log - INFO - Assigning a channel with the label a to the io key float_input__a
2026-04-10 11:27:34,455 - pyiron_log - INFO - Assigning a channel with the label a to the io key int_input1__a
2026-04-10 11:27:34,455 - pyiron_log - INFO - Assigning a channel with the label a to the io key float_input0__a
2026-04-10 11:27:34,455 - pyiron_log - INFO - Assigning a channel with the label a to the io key float_input1140232710355952__a
2026-04-10 11:27:34,455 - pyiron_log - INFO - Assigning a channel with the label a to the io key int_input2140232700191104__a
2026-04-10 11:27:34,455 - pyiron_log - INFO - Assigning a channel with the label S to the io key heron2__S
2026-04-10 11:27:34,455 - pyiron_log - INFO - Assigning a channel with the label max_diff to the io key diff__max_diff
2026-04-10 11:27:34,455 - pyiron_log - INFO - Assigning a channel with the label max_iterations to the io key new_while_loop__max_iterations
2026-04-10 11:27:34,455 - pyiron_log - INFO - Assigning a channel with the label a to the io key int_input__a
2026-04-10 11:27:34,455 - pyiron_log - INFO - Assigning a channel with the label a to the io key int_input0__a
2026-04-10 11:27:34,455 - pyiron_log - INFO - Assigning a channel with the label a to the io key float_input__a
2026-04-10 11:27:34,455 - pyiron_log - INFO - Assigning a channel with the label a to the io key int_input1__a
2026-04-10 11:27:34,455 - pyiron_log - INFO - Assigning a channel with the label a to the io key float_input0__a
2026-04-10 11:27:34,455 - pyiron_log - INFO - Assigning a channel with the label a to the io key float_input1140232710355952__a
2026-04-10 11:27:34,455 - pyiron_log - INFO - Assigning a channel with the label a to the io key int_input2140232700191104__a
2026-04-10 11:27:34,455 - pyiron_log - INFO - Assigning a channel with the label S to the io key heron2__S
2026-04-10 11:27:34,455 - pyiron_log - INFO - Assigning a channel with the label max_diff to the io key diff__max_diff
2026-04-10 11:27:34,455 - pyiron_log - INFO - Assigning a channel with the label max_iterations to the io key new_while_loop__max_iterations
2026-04-10 11:27:34,455 - pyiron_log - INFO - Assigning a channel with the label a to the io key int_input__a
2026-04-10 11:27:34,455 - pyiron_log - INFO - Assigning a channel with the label a to the io key int_input0__a
2026-04-10 11:27:34,455 - pyiron_log - INFO - Assigning a channel with the label a to the io key float_input__a
2026-04-10 11:27:34,455 - pyiron_log - INFO - Assigning a channel with the label a to the io key int_input1__a
2026-04-10 11:27:34,455 - pyiron_log - INFO - Assigning a channel with the label a to the io key float_input0__a
2026-04-10 11:27:34,455 - pyiron_log - INFO - Assigning a channel with the label a to the io key float_input1140232710355952__a
2026-04-10 11:27:34,455 - pyiron_log - INFO - Assigning a channel with the label a to the io key int_input2140232700191104__a
2026-04-10 11:27:34,455 - pyiron_log - INFO - Assigning a channel with the label half to the io key heron2__half
2026-04-10 11:27:34,455 - pyiron_log - INFO - Assigning a channel with the label x_n to the io key heron2__x_n
2026-04-10 11:27:34,455 - pyiron_log - INFO - Assigning a channel with the label diff_in_range to the io key diff__diff_in_range
2026-04-10 11:27:34,455 - pyiron_log - INFO - Assigning a channel with the label half to the io key new_while_loop__half
2026-04-10 11:27:34,455 - pyiron_log - INFO - Assigning a channel with the label x_n to the io key new_while_loop__x_n
2026-04-10 11:28:08,517 - pyiron_log - INFO - float_input is already a node; appending an index to the node label instead: float_input0
2026-04-10 11:28:53,046 - pyiron_log - INFO - Assigning a channel with the label S to the io key heron2__S
2026-04-10 11:28:53,046 - pyiron_log - INFO - Assigning a channel with the label x_n to the io key heron2__x_n
2026-04-10 11:28:53,046 - pyiron_log - INFO - Assigning a channel with the label x to the io key diff__x
2026-04-10 11:28:53,046 - pyiron_log - INFO - Assigning a channel with the label y to the io key diff__y
2026-04-10 11:28:53,046 - pyiron_log - INFO - Assigning a channel with the label max_diff to the io key diff__max_diff
2026-04-10 11:28:53,046 - pyiron_log - INFO - Assigning a channel with the label a to the io key float_input140232611305072__a
2026-04-10 11:28:53,047 - pyiron_log - INFO - Assigning a channel with the label a to the io key float_input0140232605633616__a
2026-04-10 11:28:53,047 - pyiron_log - INFO - Assigning a channel with the label S to the io key heron2__S
2026-04-10 11:28:53,047 - pyiron_log - INFO - Assigning a channel with the label x_n to the io key heron2__x_n
2026-04-10 11:28:53,047 - pyiron_log - INFO - Assigning a channel with the label x to the io key diff__x
2026-04-10 11:28:53,047 - pyiron_log - INFO - Assigning a channel with the label y to the io key diff__y
2026-04-10 11:28:53,047 - pyiron_log - INFO - Assigning a channel with the label max_diff to the io key diff__max_diff
2026-04-10 11:28:53,047 - pyiron_log - INFO - Assigning a channel with the label a to the io key float_input140232611305072__a
2026-04-10 11:28:53,047 - pyiron_log - INFO - Assigning a channel with the label a to the io key float_input0140232605633616__a
2026-04-10 11:28:53,047 - pyiron_log - INFO - Assigning a channel with the label S to the io key heron2__S
2026-04-10 11:28:53,047 - pyiron_log - INFO - Assigning a channel with the label x_n to the io key heron2__x_n
2026-04-10 11:28:53,047 - pyiron_log - INFO - Assigning a channel with the label x to the io key diff__x
2026-04-10 11:28:53,047 - pyiron_log - INFO - Assigning a channel with the label y to the io key diff__y
2026-04-10 11:28:53,047 - pyiron_log - INFO - Assigning a channel with the label max_diff to the io key diff__max_diff
2026-04-10 11:28:53,047 - pyiron_log - INFO - Assigning a channel with the label a to the io key float_input140232611305072__a
2026-04-10 11:28:53,047 - pyiron_log - INFO - Assigning a channel with the label a to the io key float_input0140232605633616__a
2026-04-10 11:28:53,047 - pyiron_log - INFO - Assigning a channel with the label S to the io key heron2__S
2026-04-10 11:28:53,047 - pyiron_log - INFO - Assigning a channel with the label x_n to the io key heron2__x_n
2026-04-10 11:28:53,047 - pyiron_log - INFO - Assigning a channel with the label x to the io key diff__x
2026-04-10 11:28:53,047 - pyiron_log - INFO - Assigning a channel with the label y to the io key diff__y
2026-04-10 11:28:53,047 - pyiron_log - INFO - Assigning a channel with the label max_diff to the io key diff__max_diff
2026-04-10 11:28:53,047 - pyiron_log - INFO - Assigning a channel with the label a to the io key float_input140232611305072__a
2026-04-10 11:28:53,047 - pyiron_log - INFO - Assigning a channel with the label a to the io key float_input0140232605633616__a
2026-04-10 11:28:53,047 - pyiron_log - INFO - Assigning a channel with the label S to the io key heron2__S
2026-04-10 11:28:53,047 - pyiron_log - INFO - Assigning a channel with the label x_n to the io key heron2__x_n
2026-04-10 11:28:53,047 - pyiron_log - INFO - Assigning a channel with the label x to the io key diff__x
2026-04-10 11:28:53,047 - pyiron_log - INFO - Assigning a channel with the label y to the io key diff__y
2026-04-10 11:28:53,047 - pyiron_log - INFO - Assigning a channel with the label max_diff to the io key diff__max_diff
2026-04-10 11:28:53,047 - pyiron_log - INFO - Assigning a channel with the label a to the io key float_input140232611305072__a
2026-04-10 11:28:53,047 - pyiron_log - INFO - Assigning a channel with the label a to the io key float_input0140232605633616__a
2026-04-10 11:28:53,047 - pyiron_log - INFO - Assigning a channel with the label S to the io key heron2__S
2026-04-10 11:28:53,047 - pyiron_log - INFO - Assigning a channel with the label x_n to the io key heron2__x_n
2026-04-10 11:28:53,047 - pyiron_log - INFO - Assigning a channel with the label x to the io key diff__x
2026-04-10 11:28:53,047 - pyiron_log - INFO - Assigning a channel with the label y to the io key diff__y
2026-04-10 11:28:53,047 - pyiron_log - INFO - Assigning a channel with the label max_diff to the io key diff__max_diff
2026-04-10 11:28:53,047 - pyiron_log - INFO - Assigning a channel with the label a to the io key float_input140232611305072__a
2026-04-10 11:28:53,047 - pyiron_log - INFO - Assigning a channel with the label a to the io key float_input0140232605633616__a
2026-04-10 11:28:53,048 - pyiron_log - INFO - Assigning a channel with the label half to the io key heron140232700177552__half
2026-04-10 11:28:53,048 - pyiron_log - INFO - Assigning a channel with the label x_n to the io key heron140232700177552__x_n
2026-04-10 11:28:53,048 - pyiron_log - INFO - Assigning a channel with the label half to the io key heron2__half
2026-04-10 11:28:53,048 - pyiron_log - INFO - Assigning a channel with the label x_n to the io key heron2__x_n
2026-04-10 11:28:53,048 - pyiron_log - INFO - Assigning a channel with the label diff_in_range to the io key diff__diff_in_range
2026-04-10 11:29:04,871 - pyiron_log - INFO - Assigning a channel with the label S to the io key heron2__S
2026-04-10 11:29:04,871 - pyiron_log - INFO - Assigning a channel with the label x_n to the io key heron2__x_n
2026-04-10 11:29:04,871 - pyiron_log - INFO - Assigning a channel with the label x to the io key diff__x
2026-04-10 11:29:04,872 - pyiron_log - INFO - Assigning a channel with the label y to the io key diff__y
2026-04-10 11:29:04,872 - pyiron_log - INFO - Assigning a channel with the label max_diff to the io key diff__max_diff
2026-04-10 11:29:04,872 - pyiron_log - INFO - Assigning a channel with the label a to the io key float_input140232611305072__a
2026-04-10 11:29:04,872 - pyiron_log - INFO - Assigning a channel with the label a to the io key float_input0140232605633616__a
2026-04-10 11:29:04,872 - pyiron_log - INFO - Assigning a channel with the label S to the io key heron2__S
2026-04-10 11:29:04,872 - pyiron_log - INFO - Assigning a channel with the label x_n to the io key heron2__x_n
2026-04-10 11:29:04,872 - pyiron_log - INFO - Assigning a channel with the label x to the io key diff__x
2026-04-10 11:29:04,872 - pyiron_log - INFO - Assigning a channel with the label y to the io key diff__y
2026-04-10 11:29:04,872 - pyiron_log - INFO - Assigning a channel with the label max_diff to the io key diff__max_diff
2026-04-10 11:29:04,872 - pyiron_log - INFO - Assigning a channel with the label a to the io key float_input140232611305072__a
2026-04-10 11:29:04,872 - pyiron_log - INFO - Assigning a channel with the label a to the io key float_input0140232605633616__a
2026-04-10 11:29:04,872 - pyiron_log - INFO - Assigning a channel with the label S to the io key heron2__S
2026-04-10 11:29:04,872 - pyiron_log - INFO - Assigning a channel with the label x_n to the io key heron2__x_n
2026-04-10 11:29:04,872 - pyiron_log - INFO - Assigning a channel with the label x to the io key diff__x
2026-04-10 11:29:04,872 - pyiron_log - INFO - Assigning a channel with the label y to the io key diff__y
2026-04-10 11:29:04,872 - pyiron_log - INFO - Assigning a channel with the label max_diff to the io key diff__max_diff
2026-04-10 11:29:04,872 - pyiron_log - INFO - Assigning a channel with the label a to the io key float_input140232611305072__a
2026-04-10 11:29:04,872 - pyiron_log - INFO - Assigning a channel with the label a to the io key float_input0140232605633616__a
2026-04-10 11:29:04,872 - pyiron_log - INFO - Assigning a channel with the label S to the io key heron2__S
2026-04-10 11:29:04,872 - pyiron_log - INFO - Assigning a channel with the label x_n to the io key heron2__x_n
2026-04-10 11:29:04,872 - pyiron_log - INFO - Assigning a channel with the label x to the io key diff__x
2026-04-10 11:29:04,872 - pyiron_log - INFO - Assigning a channel with the label y to the io key diff__y
2026-04-10 11:29:04,872 - pyiron_log - INFO - Assigning a channel with the label max_diff to the io key diff__max_diff
2026-04-10 11:29:04,872 - pyiron_log - INFO - Assigning a channel with the label a to the io key float_input140232611305072__a
2026-04-10 11:29:04,872 - pyiron_log - INFO - Assigning a channel with the label a to the io key float_input0140232605633616__a
2026-04-10 11:29:04,872 - pyiron_log - INFO - Assigning a channel with the label half to the io key heron140232700177552__half
2026-04-10 11:29:04,872 - pyiron_log - INFO - Assigning a channel with the label x_n to the io key heron140232700177552__x_n
2026-04-10 11:29:04,872 - pyiron_log - INFO - Assigning a channel with the label half to the io key heron2__half
2026-04-10 11:29:04,872 - pyiron_log - INFO - Assigning a channel with the label x_n to the io key heron2__x_n
2026-04-10 11:29:04,872 - pyiron_log - INFO - Assigning a channel with the label diff_in_range to the io key diff__diff_in_range
2026-04-10 11:30:09,121 - pyiron_log - INFO - Assigning a channel with the label a to the io key int_input140232602529968__a
2026-04-10 11:30:09,121 - pyiron_log - INFO - Assigning a channel with the label a to the io key int_input140232602529968__a
2026-04-10 11:30:09,121 - pyiron_log - INFO - Assigning a channel with the label a to the io key int_input140232602529968__a
2026-04-10 11:30:09,121 - pyiron_log - INFO - Assigning a channel with the label a to the io key int_input140232602529968__a
2026-04-10 11:30:09,121 - pyiron_log - INFO - Assigning a channel with the label a to the io key int_input140232602529968__a
2026-04-10 11:30:09,121 - pyiron_log - INFO - Assigning a channel with the label a to the io key int_input140232602529968__a
2026-04-10 11:30:09,122 - pyiron_log - INFO - Assigning a channel with the label x_halfed to the io key half140232604727296__x_halfed
2026-04-10 11:31:15,490 - pyiron_log - INFO - Assigning a channel with the label a to the io key int_input140232604083040__a
2026-04-10 11:31:15,490 - pyiron_log - INFO - Assigning a channel with the label a to the io key float_input140232604266144__a
2026-04-10 11:31:15,490 - pyiron_log - INFO - Assigning a channel with the label a to the io key int_input140232604083040__a
2026-04-10 11:31:15,490 - pyiron_log - INFO - Assigning a channel with the label a to the io key float_input140232604266144__a
2026-04-10 11:31:15,491 - pyiron_log - INFO - Assigning a channel with the label a to the io key int_input140232604083040__a
2026-04-10 11:31:15,491 - pyiron_log - INFO - Assigning a channel with the label a to the io key float_input140232604266144__a
2026-04-10 11:31:15,491 - pyiron_log - INFO - Assigning a channel with the label a to the io key int_input140232604083040__a
2026-04-10 11:31:15,491 - pyiron_log - INFO - Assigning a channel with the label a to the io key float_input140232604266144__a
2026-04-10 11:31:15,491 - pyiron_log - INFO - Assigning a channel with the label a to the io key int_input140232604083040__a
2026-04-10 11:31:15,491 - pyiron_log - INFO - Assigning a channel with the label a to the io key float_input140232604266144__a
2026-04-10 11:31:15,491 - pyiron_log - INFO - Assigning a channel with the label a to the io key int_input140232604083040__a
2026-04-10 11:31:15,491 - pyiron_log - INFO - Assigning a channel with the label a to the io key float_input140232604266144__a
2026-04-10 11:31:15,491 - pyiron_log - INFO - Assigning a channel with the label half to the io key heron140232604262016__half
2026-04-10 11:31:15,491 - pyiron_log - INFO - Assigning a channel with the label x_n to the io key heron140232604262016__x_n
2026-04-10 11:32:56,063 - pyiron_log - INFO - float_input is already a node; appending an index to the node label instead: float_input0
2026-04-10 11:33:26,940 - pyiron_log - INFO - Assigning a channel with the label a to the io key int_input140232601153904__a
2026-04-10 11:33:26,940 - pyiron_log - INFO - Assigning a channel with the label a to the io key float_input140232603353552__a
2026-04-10 11:33:26,940 - pyiron_log - INFO - Assigning a channel with the label a to the io key float_input0__a
2026-04-10 11:33:26,940 - pyiron_log - INFO - Assigning a channel with the label a to the io key int_input140232601153904__a
2026-04-10 11:33:26,940 - pyiron_log - INFO - Assigning a channel with the label a to the io key float_input140232603353552__a
2026-04-10 11:33:26,940 - pyiron_log - INFO - Assigning a channel with the label a to the io key float_input0__a
2026-04-10 11:33:26,940 - pyiron_log - INFO - Assigning a channel with the label a to the io key int_input140232601153904__a
2026-04-10 11:33:26,940 - pyiron_log - INFO - Assigning a channel with the label a to the io key float_input140232603353552__a
2026-04-10 11:33:26,940 - pyiron_log - INFO - Assigning a channel with the label a to the io key float_input0__a
2026-04-10 11:33:26,940 - pyiron_log - INFO - Assigning a channel with the label a to the io key int_input140232601153904__a
2026-04-10 11:33:26,940 - pyiron_log - INFO - Assigning a channel with the label a to the io key float_input140232603353552__a
2026-04-10 11:33:26,940 - pyiron_log - INFO - Assigning a channel with the label a to the io key float_input0__a
2026-04-10 11:33:26,940 - pyiron_log - INFO - Assigning a channel with the label a to the io key int_input140232601153904__a
2026-04-10 11:33:26,940 - pyiron_log - INFO - Assigning a channel with the label a to the io key float_input140232603353552__a
2026-04-10 11:33:26,940 - pyiron_log - INFO - Assigning a channel with the label a to the io key float_input0__a
2026-04-10 11:33:26,940 - pyiron_log - INFO - Assigning a channel with the label a to the io key int_input140232601153904__a
2026-04-10 11:33:26,941 - pyiron_log - INFO - Assigning a channel with the label a to the io key float_input140232603353552__a
2026-04-10 11:33:26,941 - pyiron_log - INFO - Assigning a channel with the label a to the io key float_input0__a
2026-04-10 11:33:26,941 - pyiron_log - INFO - Assigning a channel with the label diff_in_range to the io key diff__diff_in_range
2026-04-10 11:33:32,904 - pyiron_log - INFO - Assigning a channel with the label a to the io key int_input140232601153904__a
2026-04-10 11:33:32,904 - pyiron_log - INFO - Assigning a channel with the label a to the io key float_input140232603353552__a
2026-04-10 11:33:32,904 - pyiron_log - INFO - Assigning a channel with the label a to the io key float_input0140232603039600__a
2026-04-10 11:33:32,904 - pyiron_log - INFO - Assigning a channel with the label a to the io key int_input140232601153904__a
2026-04-10 11:33:32,904 - pyiron_log - INFO - Assigning a channel with the label a to the io key float_input140232603353552__a
2026-04-10 11:33:32,904 - pyiron_log - INFO - Assigning a channel with the label a to the io key float_input0140232603039600__a
2026-04-10 11:33:32,904 - pyiron_log - INFO - Assigning a channel with the label a to the io key int_input140232601153904__a
2026-04-10 11:33:32,904 - pyiron_log - INFO - Assigning a channel with the label a to the io key float_input140232603353552__a
2026-04-10 11:33:32,904 - pyiron_log - INFO - Assigning a channel with the label a to the io key float_input0140232603039600__a
2026-04-10 11:33:32,904 - pyiron_log - INFO - Assigning a channel with the label a to the io key int_input140232601153904__a
2026-04-10 11:33:32,904 - pyiron_log - INFO - Assigning a channel with the label a to the io key float_input140232603353552__a
2026-04-10 11:33:32,904 - pyiron_log - INFO - Assigning a channel with the label a to the io key float_input0140232603039600__a
2026-04-10 11:33:32,904 - pyiron_log - INFO - Assigning a channel with the label a to the io key int_input140232601153904__a
2026-04-10 11:33:32,904 - pyiron_log - INFO - Assigning a channel with the label a to the io key float_input140232603353552__a
2026-04-10 11:33:32,904 - pyiron_log - INFO - Assigning a channel with the label a to the io key float_input0140232603039600__a
2026-04-10 11:33:32,904 - pyiron_log - INFO - Assigning a channel with the label a to the io key int_input140232601153904__a
2026-04-10 11:33:32,904 - pyiron_log - INFO - Assigning a channel with the label a to the io key float_input140232603353552__a
2026-04-10 11:33:32,904 - pyiron_log - INFO - Assigning a channel with the label a to the io key float_input0140232603039600__a
2026-04-10 11:33:32,905 - pyiron_log - INFO - Assigning a channel with the label diff_in_range to the io key diff140232604077520__diff_in_range
2026-04-10 11:33:47,807 - pyiron_log - INFO - Assigning a channel with the label a to the io key int_input140232601153904__a
2026-04-10 11:33:47,807 - pyiron_log - INFO - Assigning a channel with the label a to the io key float_input140232603353552__a
2026-04-10 11:33:47,807 - pyiron_log - INFO - Assigning a channel with the label a to the io key float_input0140232603039600__a
2026-04-10 11:33:47,807 - pyiron_log - INFO - Assigning a channel with the label a to the io key int_input140232601153904__a
2026-04-10 11:33:47,807 - pyiron_log - INFO - Assigning a channel with the label a to the io key float_input140232603353552__a
2026-04-10 11:33:47,807 - pyiron_log - INFO - Assigning a channel with the label a to the io key float_input0140232603039600__a
2026-04-10 11:33:47,807 - pyiron_log - INFO - Assigning a channel with the label a to the io key int_input140232601153904__a
2026-04-10 11:33:47,807 - pyiron_log - INFO - Assigning a channel with the label a to the io key float_input140232603353552__a
2026-04-10 11:33:47,807 - pyiron_log - INFO - Assigning a channel with the label a to the io key float_input0140232603039600__a
2026-04-10 11:33:47,808 - pyiron_log - INFO - Assigning a channel with the label a to the io key int_input140232601153904__a
2026-04-10 11:33:47,808 - pyiron_log - INFO - Assigning a channel with the label a to the io key float_input140232603353552__a
2026-04-10 11:33:47,808 - pyiron_log - INFO - Assigning a channel with the label a to the io key float_input0140232603039600__a
2026-04-10 11:33:47,808 - pyiron_log - INFO - Assigning a channel with the label a to the io key int_input140232601153904__a
2026-04-10 11:33:47,808 - pyiron_log - INFO - Assigning a channel with the label a to the io key float_input140232603353552__a
2026-04-10 11:33:47,808 - pyiron_log - INFO - Assigning a channel with the label a to the io key float_input0140232603039600__a
2026-04-10 11:33:47,808 - pyiron_log - INFO - Assigning a channel with the label a to the io key int_input140232601153904__a
2026-04-10 11:33:47,808 - pyiron_log - INFO - Assigning a channel with the label a to the io key float_input140232603353552__a
2026-04-10 11:33:47,808 - pyiron_log - INFO - Assigning a channel with the label a to the io key float_input0140232603039600__a
2026-04-10 11:33:47,808 - pyiron_log - INFO - Assigning a channel with the label diff_in_range to the io key diff140232604077520__diff_in_range
2026-04-10 11:35:38,449 - pyiron_log - INFO - int_input is already a node; appending an index to the node label instead: int_input0
2026-04-10 11:35:40,488 - pyiron_log - INFO - int_input is already a node; appending an index to the node label instead: int_input1
2026-04-10 11:35:40,875 - pyiron_log - INFO - float_input is already a node; appending an index to the node label instead: float_input0
2026-04-10 11:36:33,089 - pyiron_log - INFO - Assigning a channel with the label S to the io key heron__S
2026-04-10 11:36:33,089 - pyiron_log - INFO - Assigning a channel with the label x_n to the io key heron__x_n
2026-04-10 11:36:33,090 - pyiron_log - INFO - Assigning a channel with the label S to the io key heron2__S
2026-04-10 11:36:33,090 - pyiron_log - INFO - Assigning a channel with the label max_diff to the io key diff__max_diff
2026-04-10 11:36:33,090 - pyiron_log - INFO - Assigning a channel with the label max_iterations to the io key new_while_loop140232603110768__max_iterations
2026-04-10 11:36:33,090 - pyiron_log - INFO - Assigning a channel with the label a to the io key int_input140232601526032__a
2026-04-10 11:36:33,090 - pyiron_log - INFO - Assigning a channel with the label a to the io key int_input0140232601581328__a
2026-04-10 11:36:33,090 - pyiron_log - INFO - Assigning a channel with the label a to the io key float_input140232715945024__a
2026-04-10 11:36:33,090 - pyiron_log - INFO - Assigning a channel with the label a to the io key int_input1140232601145744__a
2026-04-10 11:36:33,090 - pyiron_log - INFO - Assigning a channel with the label a to the io key float_input0140232601155440__a
2026-04-10 11:36:33,090 - pyiron_log - INFO - Assigning a channel with the label S to the io key heron__S
2026-04-10 11:36:33,090 - pyiron_log - INFO - Assigning a channel with the label x_n to the io key heron__x_n
2026-04-10 11:36:33,090 - pyiron_log - INFO - Assigning a channel with the label S to the io key heron2__S
2026-04-10 11:36:33,090 - pyiron_log - INFO - Assigning a channel with the label max_diff to the io key diff__max_diff
2026-04-10 11:36:33,090 - pyiron_log - INFO - Assigning a channel with the label max_iterations to the io key new_while_loop140232603110768__max_iterations
2026-04-10 11:36:33,090 - pyiron_log - INFO - Assigning a channel with the label a to the io key int_input140232601526032__a
2026-04-10 11:36:33,090 - pyiron_log - INFO - Assigning a channel with the label a to the io key int_input0140232601581328__a
2026-04-10 11:36:33,090 - pyiron_log - INFO - Assigning a channel with the label a to the io key float_input140232715945024__a
2026-04-10 11:36:33,090 - pyiron_log - INFO - Assigning a channel with the label a to the io key int_input1140232601145744__a
2026-04-10 11:36:33,090 - pyiron_log - INFO - Assigning a channel with the label a to the io key float_input0140232601155440__a
2026-04-10 11:36:33,090 - pyiron_log - INFO - Assigning a channel with the label S to the io key heron__S
2026-04-10 11:36:33,090 - pyiron_log - INFO - Assigning a channel with the label x_n to the io key heron__x_n
2026-04-10 11:36:33,090 - pyiron_log - INFO - Assigning a channel with the label S to the io key heron2__S
2026-04-10 11:36:33,090 - pyiron_log - INFO - Assigning a channel with the label max_diff to the io key diff__max_diff
2026-04-10 11:36:33,090 - pyiron_log - INFO - Assigning a channel with the label max_iterations to the io key new_while_loop140232603110768__max_iterations
2026-04-10 11:36:33,090 - pyiron_log - INFO - Assigning a channel with the label a to the io key int_input140232601526032__a
2026-04-10 11:36:33,090 - pyiron_log - INFO - Assigning a channel with the label a to the io key int_input0140232601581328__a
2026-04-10 11:36:33,090 - pyiron_log - INFO - Assigning a channel with the label a to the io key float_input140232715945024__a
2026-04-10 11:36:33,090 - pyiron_log - INFO - Assigning a channel with the label a to the io key int_input1140232601145744__a
2026-04-10 11:36:33,090 - pyiron_log - INFO - Assigning a channel with the label a to the io key float_input0140232601155440__a
2026-04-10 11:36:33,090 - pyiron_log - INFO - Assigning a channel with the label S to the io key heron__S
2026-04-10 11:36:33,090 - pyiron_log - INFO - Assigning a channel with the label x_n to the io key heron__x_n
2026-04-10 11:36:33,091 - pyiron_log - INFO - Assigning a channel with the label S to the io key heron2__S
2026-04-10 11:36:33,091 - pyiron_log - INFO - Assigning a channel with the label max_diff to the io key diff__max_diff
2026-04-10 11:36:33,091 - pyiron_log - INFO - Assigning a channel with the label max_iterations to the io key new_while_loop140232603110768__max_iterations
2026-04-10 11:36:33,091 - pyiron_log - INFO - Assigning a channel with the label a to the io key int_input140232601526032__a
2026-04-10 11:36:33,091 - pyiron_log - INFO - Assigning a channel with the label a to the io key int_input0140232601581328__a
2026-04-10 11:36:33,091 - pyiron_log - INFO - Assigning a channel with the label a to the io key float_input140232715945024__a
2026-04-10 11:36:33,091 - pyiron_log - INFO - Assigning a channel with the label a to the io key int_input1140232601145744__a
2026-04-10 11:36:33,091 - pyiron_log - INFO - Assigning a channel with the label a to the io key float_input0140232601155440__a
2026-04-10 11:36:33,091 - pyiron_log - INFO - Assigning a channel with the label S to the io key heron__S
2026-04-10 11:36:33,091 - pyiron_log - INFO - Assigning a channel with the label x_n to the io key heron__x_n
2026-04-10 11:36:33,091 - pyiron_log - INFO - Assigning a channel with the label S to the io key heron2__S
2026-04-10 11:36:33,091 - pyiron_log - INFO - Assigning a channel with the label max_diff to the io key diff__max_diff
2026-04-10 11:36:33,091 - pyiron_log - INFO - Assigning a channel with the label max_iterations to the io key new_while_loop140232603110768__max_iterations
2026-04-10 11:36:33,091 - pyiron_log - INFO - Assigning a channel with the label a to the io key int_input140232601526032__a
2026-04-10 11:36:33,091 - pyiron_log - INFO - Assigning a channel with the label a to the io key int_input0140232601581328__a
2026-04-10 11:36:33,091 - pyiron_log - INFO - Assigning a channel with the label a to the io key float_input140232715945024__a
2026-04-10 11:36:33,091 - pyiron_log - INFO - Assigning a channel with the label a to the io key int_input1140232601145744__a
2026-04-10 11:36:33,091 - pyiron_log - INFO - Assigning a channel with the label a to the io key float_input0140232601155440__a
2026-04-10 11:36:33,091 - pyiron_log - INFO - Assigning a channel with the label S to the io key heron__S
2026-04-10 11:36:33,091 - pyiron_log - INFO - Assigning a channel with the label x_n to the io key heron__x_n
2026-04-10 11:36:33,091 - pyiron_log - INFO - Assigning a channel with the label S to the io key heron2__S
2026-04-10 11:36:33,091 - pyiron_log - INFO - Assigning a channel with the label max_diff to the io key diff__max_diff
2026-04-10 11:36:33,091 - pyiron_log - INFO - Assigning a channel with the label max_iterations to the io key new_while_loop140232603110768__max_iterations
2026-04-10 11:36:33,091 - pyiron_log - INFO - Assigning a channel with the label a to the io key int_input140232601526032__a
2026-04-10 11:36:33,091 - pyiron_log - INFO - Assigning a channel with the label a to the io key int_input0140232601581328__a
2026-04-10 11:36:33,091 - pyiron_log - INFO - Assigning a channel with the label a to the io key float_input140232715945024__a
2026-04-10 11:36:33,091 - pyiron_log - INFO - Assigning a channel with the label a to the io key int_input1140232601145744__a
2026-04-10 11:36:33,091 - pyiron_log - INFO - Assigning a channel with the label a to the io key float_input0140232601155440__a
2026-04-10 11:36:33,091 - pyiron_log - INFO - Assigning a channel with the label half to the io key heron2__half
2026-04-10 11:36:33,091 - pyiron_log - INFO - Assigning a channel with the label x_n to the io key heron2__x_n
2026-04-10 11:36:33,091 - pyiron_log - INFO - Assigning a channel with the label diff_in_range to the io key diff__diff_in_range
2026-04-10 11:36:33,091 - pyiron_log - INFO - Assigning a channel with the label half to the io key new_while_loop140232603110768__half
2026-04-10 11:36:33,092 - pyiron_log - INFO - Assigning a channel with the label x_n to the io key new_while_loop140232603110768__x_n
2026-04-10 11:38:01,892 - pyiron_log - INFO - Assigning a channel with the label x to the io key diff__x
2026-04-10 11:38:01,892 - pyiron_log - INFO - Assigning a channel with the label y to the io key diff__y
2026-04-10 11:38:01,892 - pyiron_log - INFO - Assigning a channel with the label max_diff to the io key diff__max_diff
2026-04-10 11:38:01,892 - pyiron_log - INFO - Assigning a channel with the label a to the io key int_input140232601796336__a
2026-04-10 11:38:01,893 - pyiron_log - INFO - Assigning a channel with the label a to the io key float_input140232601582528__a
2026-04-10 11:38:01,893 - pyiron_log - INFO - Assigning a channel with the label x to the io key diff__x
2026-04-10 11:38:01,893 - pyiron_log - INFO - Assigning a channel with the label y to the io key diff__y
2026-04-10 11:38:01,893 - pyiron_log - INFO - Assigning a channel with the label max_diff to the io key diff__max_diff
2026-04-10 11:38:01,893 - pyiron_log - INFO - Assigning a channel with the label a to the io key int_input140232601796336__a
2026-04-10 11:38:01,893 - pyiron_log - INFO - Assigning a channel with the label a to the io key float_input140232601582528__a
2026-04-10 11:38:01,893 - pyiron_log - INFO - Assigning a channel with the label x to the io key diff__x
2026-04-10 11:38:01,893 - pyiron_log - INFO - Assigning a channel with the label y to the io key diff__y
2026-04-10 11:38:01,893 - pyiron_log - INFO - Assigning a channel with the label max_diff to the io key diff__max_diff
2026-04-10 11:38:01,893 - pyiron_log - INFO - Assigning a channel with the label a to the io key int_input140232601796336__a
2026-04-10 11:38:01,893 - pyiron_log - INFO - Assigning a channel with the label a to the io key float_input140232601582528__a
2026-04-10 11:38:01,893 - pyiron_log - INFO - Assigning a channel with the label x to the io key diff__x
2026-04-10 11:38:01,893 - pyiron_log - INFO - Assigning a channel with the label y to the io key diff__y
2026-04-10 11:38:01,893 - pyiron_log - INFO - Assigning a channel with the label max_diff to the io key diff__max_diff
2026-04-10 11:38:01,893 - pyiron_log - INFO - Assigning a channel with the label a to the io key int_input140232601796336__a
2026-04-10 11:38:01,893 - pyiron_log - INFO - Assigning a channel with the label a to the io key float_input140232601582528__a
2026-04-10 11:38:01,893 - pyiron_log - INFO - Assigning a channel with the label x to the io key diff__x
2026-04-10 11:38:01,893 - pyiron_log - INFO - Assigning a channel with the label y to the io key diff__y
2026-04-10 11:38:01,893 - pyiron_log - INFO - Assigning a channel with the label max_diff to the io key diff__max_diff
2026-04-10 11:38:01,893 - pyiron_log - INFO - Assigning a channel with the label a to the io key int_input140232601796336__a
2026-04-10 11:38:01,893 - pyiron_log - INFO - Assigning a channel with the label a to the io key float_input140232601582528__a
2026-04-10 11:38:01,893 - pyiron_log - INFO - Assigning a channel with the label x to the io key diff__x
2026-04-10 11:38:01,893 - pyiron_log - INFO - Assigning a channel with the label y to the io key diff__y
2026-04-10 11:38:01,893 - pyiron_log - INFO - Assigning a channel with the label max_diff to the io key diff__max_diff
2026-04-10 11:38:01,893 - pyiron_log - INFO - Assigning a channel with the label a to the io key int_input140232601796336__a
2026-04-10 11:38:01,893 - pyiron_log - INFO - Assigning a channel with the label a to the io key float_input140232601582528__a
2026-04-10 11:38:01,893 - pyiron_log - INFO - Assigning a channel with the label half to the io key heron__half
2026-04-10 11:38:01,893 - pyiron_log - INFO - Assigning a channel with the label x_n to the io key heron__x_n
2026-04-10 11:38:01,894 - pyiron_log - INFO - Assigning a channel with the label x_n to the io key heron2140232601649808__x_n
2026-04-10 11:38:01,894 - pyiron_log - INFO - Assigning a channel with the label diff_in_range to the io key diff__diff_in_range
2026-04-10 11:38:04,577 - pyiron_log - INFO - Assigning a channel with the label x to the io key diff__x
2026-04-10 11:38:04,577 - pyiron_log - INFO - Assigning a channel with the label y to the io key diff__y
2026-04-10 11:38:04,577 - pyiron_log - INFO - Assigning a channel with the label max_diff to the io key diff__max_diff
2026-04-10 11:38:04,577 - pyiron_log - INFO - Assigning a channel with the label a to the io key int_input140232601796336__a
2026-04-10 11:38:04,577 - pyiron_log - INFO - Assigning a channel with the label a to the io key float_input140232601582528__a
2026-04-10 11:38:04,577 - pyiron_log - INFO - Assigning a channel with the label x to the io key diff__x
2026-04-10 11:38:04,577 - pyiron_log - INFO - Assigning a channel with the label y to the io key diff__y
2026-04-10 11:38:04,577 - pyiron_log - INFO - Assigning a channel with the label max_diff to the io key diff__max_diff
2026-04-10 11:38:04,577 - pyiron_log - INFO - Assigning a channel with the label a to the io key int_input140232601796336__a
2026-04-10 11:38:04,577 - pyiron_log - INFO - Assigning a channel with the label a to the io key float_input140232601582528__a
2026-04-10 11:38:04,577 - pyiron_log - INFO - Assigning a channel with the label x to the io key diff__x
2026-04-10 11:38:04,577 - pyiron_log - INFO - Assigning a channel with the label y to the io key diff__y
2026-04-10 11:38:04,577 - pyiron_log - INFO - Assigning a channel with the label max_diff to the io key diff__max_diff
2026-04-10 11:38:04,577 - pyiron_log - INFO - Assigning a channel with the label a to the io key int_input140232601796336__a
2026-04-10 11:38:04,577 - pyiron_log - INFO - Assigning a channel with the label a to the io key float_input140232601582528__a
2026-04-10 11:38:04,577 - pyiron_log - INFO - Assigning a channel with the label x to the io key diff__x
2026-04-10 11:38:04,577 - pyiron_log - INFO - Assigning a channel with the label y to the io key diff__y
2026-04-10 11:38:04,577 - pyiron_log - INFO - Assigning a channel with the label max_diff to the io key diff__max_diff
2026-04-10 11:38:04,577 - pyiron_log - INFO - Assigning a channel with the label a to the io key int_input140232601796336__a
2026-04-10 11:38:04,577 - pyiron_log - INFO - Assigning a channel with the label a to the io key float_input140232601582528__a
2026-04-10 11:38:04,577 - pyiron_log - INFO - Assigning a channel with the label half to the io key heron140232710346688__half
2026-04-10 11:38:04,577 - pyiron_log - INFO - Assigning a channel with the label x_n to the io key heron140232710346688__x_n
2026-04-10 11:38:04,578 - pyiron_log - INFO - Assigning a channel with the label x_n to the io key heron2140232601649808__x_n
2026-04-10 11:38:04,578 - pyiron_log - INFO - Assigning a channel with the label diff_in_range to the io key diff__diff_in_range
2026-04-10 11:39:45,150 - pyiron_log - INFO - int_input is already a node; appending an index to the node label instead: int_input0
2026-04-10 11:39:46,977 - pyiron_log - INFO - int_input is already a node; appending an index to the node label instead: int_input1
2026-04-10 11:39:47,348 - pyiron_log - INFO - float_input is already a node; appending an index to the node label instead: float_input0
2026-04-10 11:40:43,979 - pyiron_log - INFO - Assigning a channel with the label max_iterations to the io key new_while_loop140232601790768__max_iterations
2026-04-10 11:40:43,979 - pyiron_log - INFO - Assigning a channel with the label a to the io key int_input140232601652016__a
2026-04-10 11:40:43,979 - pyiron_log - INFO - Assigning a channel with the label a to the io key int_input0140232602102496__a
2026-04-10 11:40:43,979 - pyiron_log - INFO - Assigning a channel with the label a to the io key float_input140232601570000__a
2026-04-10 11:40:43,979 - pyiron_log - INFO - Assigning a channel with the label a to the io key int_input1140232601575472__a
2026-04-10 11:40:43,979 - pyiron_log - INFO - Assigning a channel with the label a to the io key float_input0140232601663152__a
2026-04-10 11:40:43,979 - pyiron_log - INFO - Assigning a channel with the label max_iterations to the io key new_while_loop140232601790768__max_iterations
2026-04-10 11:40:43,979 - pyiron_log - INFO - Assigning a channel with the label a to the io key int_input140232601652016__a
2026-04-10 11:40:43,979 - pyiron_log - INFO - Assigning a channel with the label a to the io key int_input0140232602102496__a
2026-04-10 11:40:43,979 - pyiron_log - INFO - Assigning a channel with the label a to the io key float_input140232601570000__a
2026-04-10 11:40:43,979 - pyiron_log - INFO - Assigning a channel with the label a to the io key int_input1140232601575472__a
2026-04-10 11:40:43,980 - pyiron_log - INFO - Assigning a channel with the label a to the io key float_input0140232601663152__a
2026-04-10 11:40:43,980 - pyiron_log - INFO - Assigning a channel with the label max_iterations to the io key new_while_loop140232601790768__max_iterations
2026-04-10 11:40:43,980 - pyiron_log - INFO - Assigning a channel with the label a to the io key int_input140232601652016__a
2026-04-10 11:40:43,980 - pyiron_log - INFO - Assigning a channel with the label a to the io key int_input0140232602102496__a
2026-04-10 11:40:43,980 - pyiron_log - INFO - Assigning a channel with the label a to the io key float_input140232601570000__a
2026-04-10 11:40:43,980 - pyiron_log - INFO - Assigning a channel with the label a to the io key int_input1140232601575472__a
2026-04-10 11:40:43,980 - pyiron_log - INFO - Assigning a channel with the label a to the io key float_input0140232601663152__a
2026-04-10 11:40:43,980 - pyiron_log - INFO - Assigning a channel with the label max_iterations to the io key new_while_loop140232601790768__max_iterations
2026-04-10 11:40:43,980 - pyiron_log - INFO - Assigning a channel with the label a to the io key int_input140232601652016__a
2026-04-10 11:40:43,980 - pyiron_log - INFO - Assigning a channel with the label a to the io key int_input0140232602102496__a
2026-04-10 11:40:43,980 - pyiron_log - INFO - Assigning a channel with the label a to the io key float_input140232601570000__a
2026-04-10 11:40:43,980 - pyiron_log - INFO - Assigning a channel with the label a to the io key int_input1140232601575472__a
2026-04-10 11:40:43,980 - pyiron_log - INFO - Assigning a channel with the label a to the io key float_input0140232601663152__a
2026-04-10 11:40:43,980 - pyiron_log - INFO - Assigning a channel with the label max_iterations to the io key new_while_loop140232601790768__max_iterations
2026-04-10 11:40:43,980 - pyiron_log - INFO - Assigning a channel with the label a to the io key int_input140232601652016__a
2026-04-10 11:40:43,980 - pyiron_log - INFO - Assigning a channel with the label a to the io key int_input0140232602102496__a
2026-04-10 11:40:43,980 - pyiron_log - INFO - Assigning a channel with the label a to the io key float_input140232601570000__a
2026-04-10 11:40:43,980 - pyiron_log - INFO - Assigning a channel with the label a to the io key int_input1140232601575472__a
2026-04-10 11:40:43,980 - pyiron_log - INFO - Assigning a channel with the label a to the io key float_input0140232601663152__a
2026-04-10 11:40:43,980 - pyiron_log - INFO - Assigning a channel with the label max_iterations to the io key new_while_loop140232601790768__max_iterations
2026-04-10 11:40:43,980 - pyiron_log - INFO - Assigning a channel with the label a to the io key int_input140232601652016__a
2026-04-10 11:40:43,980 - pyiron_log - INFO - Assigning a channel with the label a to the io key int_input0140232602102496__a
2026-04-10 11:40:43,980 - pyiron_log - INFO - Assigning a channel with the label a to the io key float_input140232601570000__a
2026-04-10 11:40:43,980 - pyiron_log - INFO - Assigning a channel with the label a to the io key int_input1140232601575472__a
2026-04-10 11:40:43,980 - pyiron_log - INFO - Assigning a channel with the label a to the io key float_input0140232601663152__a
2026-04-10 11:40:43,980 - pyiron_log - INFO - Assigning a channel with the label half to the io key new_while_loop140232601790768__half
2026-04-10 11:40:43,980 - pyiron_log - INFO - Assigning a channel with the label x_n to the io key new_while_loop140232601790768__x_n
2026-04-10 11:41:47,811 - pyiron_log - INFO - int_input is already a node; appending an index to the node label instead: int_input0
2026-04-10 11:41:49,008 - pyiron_log - INFO - int_input is already a node; appending an index to the node label instead: int_input1
2026-04-10 11:41:49,365 - pyiron_log - INFO - float_input is already a node; appending an index to the node label instead: float_input0
2026-04-10 11:42:49,184 - pyiron_log - INFO - Assigning a channel with the label max_iterations to the io key new_while_loop140232601579792__max_iterations
2026-04-10 11:42:49,184 - pyiron_log - INFO - Assigning a channel with the label a to the io key int_input140232598886672__a
2026-04-10 11:42:49,184 - pyiron_log - INFO - Assigning a channel with the label a to the io key int_input0140232601157552__a
2026-04-10 11:42:49,184 - pyiron_log - INFO - Assigning a channel with the label a to the io key float_input140232598889312__a
2026-04-10 11:42:49,184 - pyiron_log - INFO - Assigning a channel with the label a to the io key int_input1140232600808688__a
2026-04-10 11:42:49,184 - pyiron_log - INFO - Assigning a channel with the label a to the io key float_input0140232598891760__a
2026-04-10 11:42:49,184 - pyiron_log - INFO - Assigning a channel with the label max_iterations to the io key new_while_loop140232601579792__max_iterations
2026-04-10 11:42:49,184 - pyiron_log - INFO - Assigning a channel with the label a to the io key int_input140232598886672__a
2026-04-10 11:42:49,184 - pyiron_log - INFO - Assigning a channel with the label a to the io key int_input0140232601157552__a
2026-04-10 11:42:49,185 - pyiron_log - INFO - Assigning a channel with the label a to the io key float_input140232598889312__a
2026-04-10 11:42:49,185 - pyiron_log - INFO - Assigning a channel with the label a to the io key int_input1140232600808688__a
2026-04-10 11:42:49,185 - pyiron_log - INFO - Assigning a channel with the label a to the io key float_input0140232598891760__a
2026-04-10 11:42:49,185 - pyiron_log - INFO - Assigning a channel with the label max_iterations to the io key new_while_loop140232601579792__max_iterations
2026-04-10 11:42:49,185 - pyiron_log - INFO - Assigning a channel with the label a to the io key int_input140232598886672__a
2026-04-10 11:42:49,185 - pyiron_log - INFO - Assigning a channel with the label a to the io key int_input0140232601157552__a
2026-04-10 11:42:49,185 - pyiron_log - INFO - Assigning a channel with the label a to the io key float_input140232598889312__a
2026-04-10 11:42:49,185 - pyiron_log - INFO - Assigning a channel with the label a to the io key int_input1140232600808688__a
2026-04-10 11:42:49,185 - pyiron_log - INFO - Assigning a channel with the label a to the io key float_input0140232598891760__a
2026-04-10 11:42:49,185 - pyiron_log - INFO - Assigning a channel with the label max_iterations to the io key new_while_loop140232601579792__max_iterations
2026-04-10 11:42:49,185 - pyiron_log - INFO - Assigning a channel with the label a to the io key int_input140232598886672__a
2026-04-10 11:42:49,185 - pyiron_log - INFO - Assigning a channel with the label a to the io key int_input0140232601157552__a
2026-04-10 11:42:49,185 - pyiron_log - INFO - Assigning a channel with the label a to the io key float_input140232598889312__a
2026-04-10 11:42:49,185 - pyiron_log - INFO - Assigning a channel with the label a to the io key int_input1140232600808688__a
2026-04-10 11:42:49,185 - pyiron_log - INFO - Assigning a channel with the label a to the io key float_input0140232598891760__a
2026-04-10 11:42:49,185 - pyiron_log - INFO - Assigning a channel with the label max_iterations to the io key new_while_loop140232601579792__max_iterations
2026-04-10 11:42:49,185 - pyiron_log - INFO - Assigning a channel with the label a to the io key int_input140232598886672__a
2026-04-10 11:42:49,185 - pyiron_log - INFO - Assigning a channel with the label a to the io key int_input0140232601157552__a
2026-04-10 11:42:49,185 - pyiron_log - INFO - Assigning a channel with the label a to the io key float_input140232598889312__a
2026-04-10 11:42:49,185 - pyiron_log - INFO - Assigning a channel with the label a to the io key int_input1140232600808688__a
2026-04-10 11:42:49,185 - pyiron_log - INFO - Assigning a channel with the label a to the io key float_input0140232598891760__a
2026-04-10 11:42:49,185 - pyiron_log - INFO - Assigning a channel with the label max_iterations to the io key new_while_loop140232601579792__max_iterations
2026-04-10 11:42:49,185 - pyiron_log - INFO - Assigning a channel with the label a to the io key int_input140232598886672__a
2026-04-10 11:42:49,185 - pyiron_log - INFO - Assigning a channel with the label a to the io key int_input0140232601157552__a
2026-04-10 11:42:49,185 - pyiron_log - INFO - Assigning a channel with the label a to the io key float_input140232598889312__a
2026-04-10 11:42:49,185 - pyiron_log - INFO - Assigning a channel with the label a to the io key int_input1140232600808688__a
2026-04-10 11:42:49,185 - pyiron_log - INFO - Assigning a channel with the label a to the io key float_input0140232598891760__a
2026-04-10 11:42:49,185 - pyiron_log - INFO - Assigning a channel with the label half to the io key new_while_loop140232601579792__half
2026-04-10 11:42:49,185 - pyiron_log - INFO - Assigning a channel with the label x_n to the io key new_while_loop140232601579792__x_n
2026-04-10 11:43:54,105 - pyiron_log - INFO - float_input is already a node; appending an index to the node label instead: float_input0
2026-04-10 11:44:23,489 - pyiron_log - INFO - Assigning a channel with the label S to the io key heron2__S
2026-04-10 11:44:23,489 - pyiron_log - INFO - Assigning a channel with the label x_n to the io key heron2__x_n
2026-04-10 11:44:23,489 - pyiron_log - INFO - Assigning a channel with the label a to the io key int_input140232598887440__a
2026-04-10 11:44:23,489 - pyiron_log - INFO - Assigning a channel with the label a to the io key float_input140232602011120__a
2026-04-10 11:44:23,489 - pyiron_log - INFO - Assigning a channel with the label a to the io key float_input0__a
2026-04-10 11:44:23,489 - pyiron_log - INFO - Assigning a channel with the label S to the io key heron2__S
2026-04-10 11:44:23,489 - pyiron_log - INFO - Assigning a channel with the label x_n to the io key heron2__x_n
2026-04-10 11:44:23,490 - pyiron_log - INFO - Assigning a channel with the label a to the io key int_input140232598887440__a
2026-04-10 11:44:23,490 - pyiron_log - INFO - Assigning a channel with the label a to the io key float_input140232602011120__a
2026-04-10 11:44:23,490 - pyiron_log - INFO - Assigning a channel with the label a to the io key float_input0__a
2026-04-10 11:44:23,490 - pyiron_log - INFO - Assigning a channel with the label S to the io key heron2__S
2026-04-10 11:44:23,490 - pyiron_log - INFO - Assigning a channel with the label x_n to the io key heron2__x_n
2026-04-10 11:44:23,490 - pyiron_log - INFO - Assigning a channel with the label a to the io key int_input140232598887440__a
2026-04-10 11:44:23,490 - pyiron_log - INFO - Assigning a channel with the label a to the io key float_input140232602011120__a
2026-04-10 11:44:23,490 - pyiron_log - INFO - Assigning a channel with the label a to the io key float_input0__a
2026-04-10 11:44:23,490 - pyiron_log - INFO - Assigning a channel with the label S to the io key heron2__S
2026-04-10 11:44:23,490 - pyiron_log - INFO - Assigning a channel with the label x_n to the io key heron2__x_n
2026-04-10 11:44:23,490 - pyiron_log - INFO - Assigning a channel with the label a to the io key int_input140232598887440__a
2026-04-10 11:44:23,490 - pyiron_log - INFO - Assigning a channel with the label a to the io key float_input140232602011120__a
2026-04-10 11:44:23,490 - pyiron_log - INFO - Assigning a channel with the label a to the io key float_input0__a
2026-04-10 11:44:23,490 - pyiron_log - INFO - Assigning a channel with the label S to the io key heron2__S
2026-04-10 11:44:23,490 - pyiron_log - INFO - Assigning a channel with the label x_n to the io key heron2__x_n
2026-04-10 11:44:23,490 - pyiron_log - INFO - Assigning a channel with the label a to the io key int_input140232598887440__a
2026-04-10 11:44:23,490 - pyiron_log - INFO - Assigning a channel with the label a to the io key float_input140232602011120__a
2026-04-10 11:44:23,490 - pyiron_log - INFO - Assigning a channel with the label a to the io key float_input0__a
2026-04-10 11:44:23,490 - pyiron_log - INFO - Assigning a channel with the label S to the io key heron2__S
2026-04-10 11:44:23,490 - pyiron_log - INFO - Assigning a channel with the label x_n to the io key heron2__x_n
2026-04-10 11:44:23,490 - pyiron_log - INFO - Assigning a channel with the label a to the io key int_input140232598887440__a
2026-04-10 11:44:23,490 - pyiron_log - INFO - Assigning a channel with the label a to the io key float_input140232602011120__a
2026-04-10 11:44:23,490 - pyiron_log - INFO - Assigning a channel with the label a to the io key float_input0__a
2026-04-10 11:44:23,490 - pyiron_log - INFO - Assigning a channel with the label half to the io key heron2__half
2026-04-10 11:44:23,490 - pyiron_log - INFO - Assigning a channel with the label x_n to the io key heron2__x_n
2026-04-10 11:44:23,490 - pyiron_log - INFO - Assigning a channel with the label diff_in_range to the io key diff__diff_in_range
2026-04-10 11:44:26,484 - pyiron_log - INFO - Assigning a channel with the label S to the io key heron2__S
2026-04-10 11:44:26,484 - pyiron_log - INFO - Assigning a channel with the label x_n to the io key heron2__x_n
2026-04-10 11:44:26,484 - pyiron_log - INFO - Assigning a channel with the label a to the io key int_input140232598887440__a
2026-04-10 11:44:26,484 - pyiron_log - INFO - Assigning a channel with the label a to the io key float_input140232602011120__a
2026-04-10 11:44:26,485 - pyiron_log - INFO - Assigning a channel with the label a to the io key float_input0140232598975936__a
2026-04-10 11:44:26,485 - pyiron_log - INFO - Assigning a channel with the label S to the io key heron2__S
2026-04-10 11:44:26,485 - pyiron_log - INFO - Assigning a channel with the label x_n to the io key heron2__x_n
2026-04-10 11:44:26,485 - pyiron_log - INFO - Assigning a channel with the label a to the io key int_input140232598887440__a
2026-04-10 11:44:26,485 - pyiron_log - INFO - Assigning a channel with the label a to the io key float_input140232602011120__a
2026-04-10 11:44:26,485 - pyiron_log - INFO - Assigning a channel with the label a to the io key float_input0140232598975936__a
2026-04-10 11:44:26,485 - pyiron_log - INFO - Assigning a channel with the label S to the io key heron2__S
2026-04-10 11:44:26,485 - pyiron_log - INFO - Assigning a channel with the label x_n to the io key heron2__x_n
2026-04-10 11:44:26,485 - pyiron_log - INFO - Assigning a channel with the label a to the io key int_input140232598887440__a
2026-04-10 11:44:26,485 - pyiron_log - INFO - Assigning a channel with the label a to the io key float_input140232602011120__a
2026-04-10 11:44:26,485 - pyiron_log - INFO - Assigning a channel with the label a to the io key float_input0140232598975936__a
2026-04-10 11:44:26,485 - pyiron_log - INFO - Assigning a channel with the label S to the io key heron2__S
2026-04-10 11:44:26,485 - pyiron_log - INFO - Assigning a channel with the label x_n to the io key heron2__x_n
2026-04-10 11:44:26,485 - pyiron_log - INFO - Assigning a channel with the label a to the io key int_input140232598887440__a
2026-04-10 11:44:26,485 - pyiron_log - INFO - Assigning a channel with the label a to the io key float_input140232602011120__a
2026-04-10 11:44:26,485 - pyiron_log - INFO - Assigning a channel with the label a to the io key float_input0140232598975936__a
2026-04-10 11:44:26,485 - pyiron_log - INFO - Assigning a channel with the label S to the io key heron2__S
2026-04-10 11:44:26,485 - pyiron_log - INFO - Assigning a channel with the label x_n to the io key heron2__x_n
2026-04-10 11:44:26,485 - pyiron_log - INFO - Assigning a channel with the label a to the io key int_input140232598887440__a
2026-04-10 11:44:26,485 - pyiron_log - INFO - Assigning a channel with the label a to the io key float_input140232602011120__a
2026-04-10 11:44:26,485 - pyiron_log - INFO - Assigning a channel with the label a to the io key float_input0140232598975936__a
2026-04-10 11:44:26,485 - pyiron_log - INFO - Assigning a channel with the label S to the io key heron2__S
2026-04-10 11:44:26,485 - pyiron_log - INFO - Assigning a channel with the label x_n to the io key heron2__x_n
2026-04-10 11:44:26,485 - pyiron_log - INFO - Assigning a channel with the label a to the io key int_input140232598887440__a
2026-04-10 11:44:26,485 - pyiron_log - INFO - Assigning a channel with the label a to the io key float_input140232602011120__a
2026-04-10 11:44:26,485 - pyiron_log - INFO - Assigning a channel with the label a to the io key float_input0140232598975936__a
2026-04-10 11:44:26,486 - pyiron_log - INFO - Assigning a channel with the label half to the io key heron2__half
2026-04-10 11:44:26,486 - pyiron_log - INFO - Assigning a channel with the label x_n to the io key heron2__x_n
2026-04-10 11:44:26,486 - pyiron_log - INFO - Assigning a channel with the label diff_in_range to the io key diff140232598892624__diff_in_range
2026-04-10 11:45:46,314 - pyiron_log - INFO - int_input is already a node; appending an index to the node label instead: int_input0
2026-04-10 11:45:47,933 - pyiron_log - INFO - int_input is already a node; appending an index to the node label instead: int_input1
2026-04-10 11:45:48,277 - pyiron_log - INFO - float_input is already a node; appending an index to the node label instead: float_input0
2026-04-10 11:46:38,873 - pyiron_log - INFO - Assigning a channel with the label max_iterations to the io key new_while_loop140232598963600__max_iterations
2026-04-10 11:46:38,873 - pyiron_log - INFO - Assigning a channel with the label a to the io key int_input140232599470400__a
2026-04-10 11:46:38,873 - pyiron_log - INFO - Assigning a channel with the label a to the io key int_input0140232600801104__a
2026-04-10 11:46:38,873 - pyiron_log - INFO - Assigning a channel with the label a to the io key float_input140232599480048__a
2026-04-10 11:46:38,873 - pyiron_log - INFO - Assigning a channel with the label a to the io key int_input1140232601651008__a
2026-04-10 11:46:38,874 - pyiron_log - INFO - Assigning a channel with the label a to the io key float_input0140232599189072__a
2026-04-10 11:46:38,874 - pyiron_log - INFO - Assigning a channel with the label max_iterations to the io key new_while_loop140232598963600__max_iterations
2026-04-10 11:46:38,874 - pyiron_log - INFO - Assigning a channel with the label a to the io key int_input140232599470400__a
2026-04-10 11:46:38,874 - pyiron_log - INFO - Assigning a channel with the label a to the io key int_input0140232600801104__a
2026-04-10 11:46:38,874 - pyiron_log - INFO - Assigning a channel with the label a to the io key float_input140232599480048__a
2026-04-10 11:46:38,874 - pyiron_log - INFO - Assigning a channel with the label a to the io key int_input1140232601651008__a
2026-04-10 11:46:38,874 - pyiron_log - INFO - Assigning a channel with the label a to the io key float_input0140232599189072__a
2026-04-10 11:46:38,874 - pyiron_log - INFO - Assigning a channel with the label max_iterations to the io key new_while_loop140232598963600__max_iterations
2026-04-10 11:46:38,874 - pyiron_log - INFO - Assigning a channel with the label a to the io key int_input140232599470400__a
2026-04-10 11:46:38,874 - pyiron_log - INFO - Assigning a channel with the label a to the io key int_input0140232600801104__a
2026-04-10 11:46:38,874 - pyiron_log - INFO - Assigning a channel with the label a to the io key float_input140232599480048__a
2026-04-10 11:46:38,874 - pyiron_log - INFO - Assigning a channel with the label a to the io key int_input1140232601651008__a
2026-04-10 11:46:38,874 - pyiron_log - INFO - Assigning a channel with the label a to the io key float_input0140232599189072__a
2026-04-10 11:46:38,874 - pyiron_log - INFO - Assigning a channel with the label max_iterations to the io key new_while_loop140232598963600__max_iterations
2026-04-10 11:46:38,874 - pyiron_log - INFO - Assigning a channel with the label a to the io key int_input140232599470400__a
2026-04-10 11:46:38,874 - pyiron_log - INFO - Assigning a channel with the label a to the io key int_input0140232600801104__a
2026-04-10 11:46:38,874 - pyiron_log - INFO - Assigning a channel with the label a to the io key float_input140232599480048__a
2026-04-10 11:46:38,874 - pyiron_log - INFO - Assigning a channel with the label a to the io key int_input1140232601651008__a
2026-04-10 11:46:38,874 - pyiron_log - INFO - Assigning a channel with the label a to the io key float_input0140232599189072__a
2026-04-10 11:46:38,874 - pyiron_log - INFO - Assigning a channel with the label max_iterations to the io key new_while_loop140232598963600__max_iterations
2026-04-10 11:46:38,874 - pyiron_log - INFO - Assigning a channel with the label a to the io key int_input140232599470400__a
2026-04-10 11:46:38,874 - pyiron_log - INFO - Assigning a channel with the label a to the io key int_input0140232600801104__a
2026-04-10 11:46:38,874 - pyiron_log - INFO - Assigning a channel with the label a to the io key float_input140232599480048__a
2026-04-10 11:46:38,874 - pyiron_log - INFO - Assigning a channel with the label a to the io key int_input1140232601651008__a
2026-04-10 11:46:38,874 - pyiron_log - INFO - Assigning a channel with the label a to the io key float_input0140232599189072__a
2026-04-10 11:46:38,874 - pyiron_log - INFO - Assigning a channel with the label max_iterations to the io key new_while_loop140232598963600__max_iterations
2026-04-10 11:46:38,874 - pyiron_log - INFO - Assigning a channel with the label a to the io key int_input140232599470400__a
2026-04-10 11:46:38,874 - pyiron_log - INFO - Assigning a channel with the label a to the io key int_input0140232600801104__a
2026-04-10 11:46:38,874 - pyiron_log - INFO - Assigning a channel with the label a to the io key float_input140232599480048__a
2026-04-10 11:46:38,874 - pyiron_log - INFO - Assigning a channel with the label a to the io key int_input1140232601651008__a
2026-04-10 11:46:38,874 - pyiron_log - INFO - Assigning a channel with the label a to the io key float_input0140232599189072__a
2026-04-10 11:46:38,875 - pyiron_log - INFO - Assigning a channel with the label half to the io key new_while_loop140232598963600__half
2026-04-10 11:46:38,875 - pyiron_log - INFO - Assigning a channel with the label x_n to the io key new_while_loop140232598963600__x_n
2026-04-10 12:21:53,140 - pyiron_log - INFO - float_input is already a node; appending an index to the node label instead: float_input0
2026-04-10 12:22:12,832 - pyiron_log - INFO - Assigning a channel with the label max_iterations to the io key new_while_loop140232599485280__max_iterations
2026-04-10 12:22:12,832 - pyiron_log - INFO - Assigning a channel with the label a to the io key float_input140232599474000__a
2026-04-10 12:22:12,832 - pyiron_log - INFO - Assigning a channel with the label a to the io key float_input0140232600800960__a
2026-04-10 12:22:12,832 - pyiron_log - INFO - Assigning a channel with the label max_iterations to the io key new_while_loop140232599485280__max_iterations
2026-04-10 12:22:12,832 - pyiron_log - INFO - Assigning a channel with the label a to the io key float_input140232599474000__a
2026-04-10 12:22:12,832 - pyiron_log - INFO - Assigning a channel with the label a to the io key float_input0140232600800960__a
2026-04-10 12:22:12,832 - pyiron_log - INFO - Assigning a channel with the label max_iterations to the io key new_while_loop140232599485280__max_iterations
2026-04-10 12:22:12,832 - pyiron_log - INFO - Assigning a channel with the label a to the io key float_input140232599474000__a
2026-04-10 12:22:12,832 - pyiron_log - INFO - Assigning a channel with the label a to the io key float_input0140232600800960__a
2026-04-10 12:22:12,832 - pyiron_log - INFO - Assigning a channel with the label max_iterations to the io key new_while_loop140232599485280__max_iterations
2026-04-10 12:22:12,832 - pyiron_log - INFO - Assigning a channel with the label a to the io key float_input140232599474000__a
2026-04-10 12:22:12,832 - pyiron_log - INFO - Assigning a channel with the label a to the io key float_input0140232600800960__a
2026-04-10 12:22:12,832 - pyiron_log - INFO - Assigning a channel with the label max_iterations to the io key new_while_loop140232599485280__max_iterations
2026-04-10 12:22:12,832 - pyiron_log - INFO - Assigning a channel with the label a to the io key float_input140232599474000__a
2026-04-10 12:22:12,833 - pyiron_log - INFO - Assigning a channel with the label a to the io key float_input0140232600800960__a
2026-04-10 12:22:12,833 - pyiron_log - INFO - Assigning a channel with the label max_iterations to the io key new_while_loop140232599485280__max_iterations
2026-04-10 12:22:12,833 - pyiron_log - INFO - Assigning a channel with the label a to the io key float_input140232599474000__a
2026-04-10 12:22:12,833 - pyiron_log - INFO - Assigning a channel with the label a to the io key float_input0140232600800960__a
2026-04-10 12:22:12,833 - pyiron_log - INFO - Assigning a channel with the label half to the io key new_while_loop140232599485280__half
2026-04-10 12:22:12,833 - pyiron_log - INFO - Assigning a channel with the label x_n to the io key new_while_loop140232599485280__x_n
2026-04-10 12:22:40,873 - pyiron_log - INFO - Assigning a channel with the label max_iterations to the io key new_while_loop140232599485280__max_iterations
2026-04-10 12:22:40,873 - pyiron_log - INFO - Assigning a channel with the label a to the io key float_input140232599474000__a
2026-04-10 12:22:40,873 - pyiron_log - INFO - Assigning a channel with the label a to the io key float_input0140232600800960__a
2026-04-10 12:22:40,873 - pyiron_log - INFO - Assigning a channel with the label max_iterations to the io key new_while_loop140232599485280__max_iterations
2026-04-10 12:22:40,873 - pyiron_log - INFO - Assigning a channel with the label a to the io key float_input140232599474000__a
2026-04-10 12:22:40,873 - pyiron_log - INFO - Assigning a channel with the label a to the io key float_input0140232600800960__a
2026-04-10 12:22:40,873 - pyiron_log - INFO - Assigning a channel with the label max_iterations to the io key new_while_loop140232599485280__max_iterations
2026-04-10 12:22:40,873 - pyiron_log - INFO - Assigning a channel with the label a to the io key float_input140232599474000__a
2026-04-10 12:22:40,873 - pyiron_log - INFO - Assigning a channel with the label a to the io key float_input0140232600800960__a
2026-04-10 12:22:40,873 - pyiron_log - INFO - Assigning a channel with the label max_iterations to the io key new_while_loop140232599485280__max_iterations
2026-04-10 12:22:40,874 - pyiron_log - INFO - Assigning a channel with the label a to the io key float_input140232599474000__a
2026-04-10 12:22:40,874 - pyiron_log - INFO - Assigning a channel with the label a to the io key float_input0140232600800960__a
2026-04-10 12:22:40,874 - pyiron_log - INFO - Assigning a channel with the label max_iterations to the io key new_while_loop140232599485280__max_iterations
2026-04-10 12:22:40,874 - pyiron_log - INFO - Assigning a channel with the label a to the io key float_input140232599474000__a
2026-04-10 12:22:40,874 - pyiron_log - INFO - Assigning a channel with the label a to the io key float_input0140232600800960__a
2026-04-10 12:22:40,874 - pyiron_log - INFO - Assigning a channel with the label max_iterations to the io key new_while_loop140232599485280__max_iterations
2026-04-10 12:22:40,874 - pyiron_log - INFO - Assigning a channel with the label a to the io key float_input140232599474000__a
2026-04-10 12:22:40,874 - pyiron_log - INFO - Assigning a channel with the label a to the io key float_input0140232600800960__a
2026-04-10 12:22:40,874 - pyiron_log - INFO - Assigning a channel with the label half to the io key new_while_loop140232599485280__half
2026-04-10 12:22:40,874 - pyiron_log - INFO - Assigning a channel with the label x_n to the io key new_while_loop140232599485280__x_n
2026-04-10 12:34:32,237 - pyiron_log - INFO - Assigning a channel with the label max_iterations to the io key heron_loop140232714648608__max_iterations
2026-04-10 12:34:32,237 - pyiron_log - INFO - Assigning a channel with the label a to the io key int_input140232600201808__a
2026-04-10 12:34:32,237 - pyiron_log - INFO - Assigning a channel with the label a to the io key float_input140232601389872__a
2026-04-10 12:34:32,237 - pyiron_log - INFO - Assigning a channel with the label max_iterations to the io key heron_loop140232714648608__max_iterations
2026-04-10 12:34:32,237 - pyiron_log - INFO - Assigning a channel with the label a to the io key int_input140232600201808__a
2026-04-10 12:34:32,237 - pyiron_log - INFO - Assigning a channel with the label a to the io key float_input140232601389872__a
2026-04-10 12:34:32,237 - pyiron_log - INFO - Assigning a channel with the label max_iterations to the io key heron_loop140232714648608__max_iterations
2026-04-10 12:34:32,237 - pyiron_log - INFO - Assigning a channel with the label a to the io key int_input140232600201808__a
2026-04-10 12:34:32,237 - pyiron_log - INFO - Assigning a channel with the label a to the io key float_input140232601389872__a
2026-04-10 12:34:32,237 - pyiron_log - INFO - Assigning a channel with the label max_iterations to the io key heron_loop140232714648608__max_iterations
2026-04-10 12:34:32,237 - pyiron_log - INFO - Assigning a channel with the label a to the io key int_input140232600201808__a
2026-04-10 12:34:32,237 - pyiron_log - INFO - Assigning a channel with the label a to the io key float_input140232601389872__a
2026-04-10 12:34:32,238 - pyiron_log - INFO - Assigning a channel with the label max_iterations to the io key heron_loop140232714648608__max_iterations
2026-04-10 12:34:32,238 - pyiron_log - INFO - Assigning a channel with the label a to the io key int_input140232600201808__a
2026-04-10 12:34:32,238 - pyiron_log - INFO - Assigning a channel with the label a to the io key float_input140232601389872__a
2026-04-10 12:34:32,238 - pyiron_log - INFO - Assigning a channel with the label max_iterations to the io key heron_loop140232714648608__max_iterations
2026-04-10 12:34:32,238 - pyiron_log - INFO - Assigning a channel with the label a to the io key int_input140232600201808__a
2026-04-10 12:34:32,238 - pyiron_log - INFO - Assigning a channel with the label a to the io key float_input140232601389872__a
2026-04-10 12:34:32,238 - pyiron_log - INFO - Assigning a channel with the label half to the io key heron_loop140232714648608__half
2026-04-10 12:34:32,238 - pyiron_log - INFO - Assigning a channel with the label x_n to the io key heron_loop140232714648608__x_n
2026-04-10 12:35:58,959 - pyiron_log - INFO - float_input is already a node; appending an index to the node label instead: float_input0
2026-04-10 12:36:25,161 - pyiron_log - INFO - Assigning a channel with the label max_iterations to the io key heron_loop140728798917648__max_iterations
2026-04-10 12:36:25,162 - pyiron_log - INFO - Assigning a channel with the label a to the io key float_input140731723138928__a
2026-04-10 12:36:25,162 - pyiron_log - INFO - Assigning a channel with the label a to the io key float_input0140728798989728__a
2026-04-10 12:36:25,162 - pyiron_log - INFO - Assigning a channel with the label max_iterations to the io key heron_loop140728798917648__max_iterations
2026-04-10 12:36:25,162 - pyiron_log - INFO - Assigning a channel with the label a to the io key float_input140731723138928__a
2026-04-10 12:36:25,162 - pyiron_log - INFO - Assigning a channel with the label a to the io key float_input0140728798989728__a
2026-04-10 12:36:25,162 - pyiron_log - INFO - Assigning a channel with the label max_iterations to the io key heron_loop140728798917648__max_iterations
2026-04-10 12:36:25,162 - pyiron_log - INFO - Assigning a channel with the label a to the io key float_input140731723138928__a
2026-04-10 12:36:25,162 - pyiron_log - INFO - Assigning a channel with the label a to the io key float_input0140728798989728__a
2026-04-10 12:36:25,162 - pyiron_log - INFO - Assigning a channel with the label max_iterations to the io key heron_loop140728798917648__max_iterations
2026-04-10 12:36:25,162 - pyiron_log - INFO - Assigning a channel with the label a to the io key float_input140731723138928__a
2026-04-10 12:36:25,162 - pyiron_log - INFO - Assigning a channel with the label a to the io key float_input0140728798989728__a
2026-04-10 12:36:25,162 - pyiron_log - INFO - Assigning a channel with the label max_iterations to the io key heron_loop140728798917648__max_iterations
2026-04-10 12:36:25,162 - pyiron_log - INFO - Assigning a channel with the label a to the io key float_input140731723138928__a
2026-04-10 12:36:25,162 - pyiron_log - INFO - Assigning a channel with the label a to the io key float_input0140728798989728__a
2026-04-10 12:36:25,162 - pyiron_log - INFO - Assigning a channel with the label max_iterations to the io key heron_loop140728798917648__max_iterations
2026-04-10 12:36:25,162 - pyiron_log - INFO - Assigning a channel with the label a to the io key float_input140731723138928__a
2026-04-10 12:36:25,162 - pyiron_log - INFO - Assigning a channel with the label a to the io key float_input0140728798989728__a
2026-04-10 12:36:25,163 - pyiron_log - INFO - Assigning a channel with the label half to the io key heron_loop140728798917648__half
2026-04-10 12:36:25,163 - pyiron_log - INFO - Assigning a channel with the label x_n to the io key heron_loop140728798917648__x_n
2026-04-10 12:37:42,413 - pyiron_log - INFO - Assigning a channel with the label test_max_diff to the io key heron_loop__test_max_diff
2026-04-10 12:37:42,413 - pyiron_log - INFO - Assigning a channel with the label max_iterations to the io key heron_loop__max_iterations
2026-04-10 12:37:42,413 - pyiron_log - INFO - Assigning a channel with the label a to the io key float_input__a
2026-04-10 12:37:42,413 - pyiron_log - INFO - Assigning a channel with the label test_max_diff to the io key heron_loop__test_max_diff
2026-04-10 12:37:42,413 - pyiron_log - INFO - Assigning a channel with the label max_iterations to the io key heron_loop__max_iterations
2026-04-10 12:37:42,413 - pyiron_log - INFO - Assigning a channel with the label a to the io key float_input__a
2026-04-10 12:37:42,413 - pyiron_log - INFO - Assigning a channel with the label test_max_diff to the io key heron_loop__test_max_diff
2026-04-10 12:37:42,413 - pyiron_log - INFO - Assigning a channel with the label max_iterations to the io key heron_loop__max_iterations
2026-04-10 12:37:42,413 - pyiron_log - INFO - Assigning a channel with the label a to the io key float_input__a
2026-04-10 12:37:42,413 - pyiron_log - INFO - Assigning a channel with the label test_max_diff to the io key heron_loop__test_max_diff
2026-04-10 12:37:42,413 - pyiron_log - INFO - Assigning a channel with the label max_iterations to the io key heron_loop__max_iterations
2026-04-10 12:37:42,413 - pyiron_log - INFO - Assigning a channel with the label a to the io key float_input__a
2026-04-10 12:37:42,413 - pyiron_log - INFO - Assigning a channel with the label test_max_diff to the io key heron_loop__test_max_diff
2026-04-10 12:37:42,413 - pyiron_log - INFO - Assigning a channel with the label max_iterations to the io key heron_loop__max_iterations
2026-04-10 12:37:42,413 - pyiron_log - INFO - Assigning a channel with the label a to the io key float_input__a
2026-04-10 12:37:42,413 - pyiron_log - INFO - Assigning a channel with the label test_max_diff to the io key heron_loop__test_max_diff
2026-04-10 12:37:42,413 - pyiron_log - INFO - Assigning a channel with the label max_iterations to the io key heron_loop__max_iterations
2026-04-10 12:37:42,413 - pyiron_log - INFO - Assigning a channel with the label a to the io key float_input__a
2026-04-10 12:37:42,414 - pyiron_log - INFO - Assigning a channel with the label test_max_diff to the io key heron_loop__test_max_diff
2026-04-10 12:37:42,414 - pyiron_log - INFO - Assigning a channel with the label max_iterations to the io key heron_loop__max_iterations
2026-04-10 12:37:42,414 - pyiron_log - INFO - Assigning a channel with the label a to the io key float_input__a
2026-04-10 12:37:42,414 - pyiron_log - INFO - Assigning a channel with the label test_max_diff to the io key heron_loop__test_max_diff
2026-04-10 12:37:42,414 - pyiron_log - INFO - Assigning a channel with the label max_iterations to the io key heron_loop__max_iterations
2026-04-10 12:37:42,414 - pyiron_log - INFO - Assigning a channel with the label a to the io key float_input__a
2026-04-10 12:37:42,415 - pyiron_log - INFO - Assigning a channel with the label test_max_diff to the io key heron_loop__test_max_diff
2026-04-10 12:37:42,415 - pyiron_log - INFO - Assigning a channel with the label max_iterations to the io key heron_loop__max_iterations
2026-04-10 12:37:42,415 - pyiron_log - INFO - Assigning a channel with the label a to the io key float_input__a
2026-04-10 12:37:42,416 - pyiron_log - INFO - Assigning a channel with the label test_max_diff to the io key heron_loop__test_max_diff
2026-04-10 12:37:42,416 - pyiron_log - INFO - Assigning a channel with the label max_iterations to the io key heron_loop__max_iterations
2026-04-10 12:37:42,416 - pyiron_log - INFO - Assigning a channel with the label a to the io key float_input__a
2026-04-10 12:37:42,416 - pyiron_log - INFO - Assigning a channel with the label test_max_diff to the io key heron_loop__test_max_diff
2026-04-10 12:37:42,416 - pyiron_log - INFO - Assigning a channel with the label max_iterations to the io key heron_loop__max_iterations
2026-04-10 12:37:42,416 - pyiron_log - INFO - Assigning a channel with the label a to the io key float_input__a
2026-04-10 12:37:42,416 - pyiron_log - INFO - Assigning a channel with the label half to the io key heron_loop__half
2026-04-10 12:37:42,416 - pyiron_log - INFO - Assigning a channel with the label x_n to the io key heron_loop__x_n
2026-04-10 12:45:03,270 - pyiron_log - INFO - Assigning a channel with the label x to the io key half__x
2026-04-10 12:45:03,271 - pyiron_log - INFO - Assigning a channel with the label test_x to the io key heron_loop__test_x
2026-04-10 12:45:03,271 - pyiron_log - INFO - Assigning a channel with the label test_y to the io key heron_loop__test_y
2026-04-10 12:45:03,271 - pyiron_log - INFO - Assigning a channel with the label test_max_diff to the io key heron_loop__test_max_diff
2026-04-10 12:45:03,271 - pyiron_log - INFO - Assigning a channel with the label body_S to the io key heron_loop__body_S
2026-04-10 12:45:03,271 - pyiron_log - INFO - Assigning a channel with the label body_x_n to the io key heron_loop__body_x_n
2026-04-10 12:45:03,271 - pyiron_log - INFO - Assigning a channel with the label max_iterations to the io key heron_loop__max_iterations
2026-04-10 12:45:03,271 - pyiron_log - INFO - Assigning a channel with the label a to the io key float_input__a
2026-04-10 12:45:03,271 - pyiron_log - INFO - Assigning a channel with the label x to the io key half__x
2026-04-10 12:45:03,271 - pyiron_log - INFO - Assigning a channel with the label test_x to the io key heron_loop__test_x
2026-04-10 12:45:03,271 - pyiron_log - INFO - Assigning a channel with the label test_y to the io key heron_loop__test_y
2026-04-10 12:45:03,271 - pyiron_log - INFO - Assigning a channel with the label test_max_diff to the io key heron_loop__test_max_diff
2026-04-10 12:45:03,271 - pyiron_log - INFO - Assigning a channel with the label body_S to the io key heron_loop__body_S
2026-04-10 12:45:03,271 - pyiron_log - INFO - Assigning a channel with the label body_x_n to the io key heron_loop__body_x_n
2026-04-10 12:45:03,271 - pyiron_log - INFO - Assigning a channel with the label max_iterations to the io key heron_loop__max_iterations
2026-04-10 12:45:03,271 - pyiron_log - INFO - Assigning a channel with the label a to the io key float_input__a
2026-04-10 12:45:03,271 - pyiron_log - INFO - Assigning a channel with the label x to the io key half__x
2026-04-10 12:45:03,271 - pyiron_log - INFO - Assigning a channel with the label test_x to the io key heron_loop__test_x
2026-04-10 12:45:03,271 - pyiron_log - INFO - Assigning a channel with the label test_y to the io key heron_loop__test_y
2026-04-10 12:45:03,271 - pyiron_log - INFO - Assigning a channel with the label test_max_diff to the io key heron_loop__test_max_diff
2026-04-10 12:45:03,271 - pyiron_log - INFO - Assigning a channel with the label body_S to the io key heron_loop__body_S
2026-04-10 12:45:03,272 - pyiron_log - INFO - Assigning a channel with the label body_x_n to the io key heron_loop__body_x_n
2026-04-10 12:45:03,272 - pyiron_log - INFO - Assigning a channel with the label max_iterations to the io key heron_loop__max_iterations
2026-04-10 12:45:03,272 - pyiron_log - INFO - Assigning a channel with the label a to the io key float_input__a
2026-04-10 12:45:03,272 - pyiron_log - INFO - Assigning a channel with the label x to the io key half__x
2026-04-10 12:45:03,272 - pyiron_log - INFO - Assigning a channel with the label test_x to the io key heron_loop__test_x
2026-04-10 12:45:03,272 - pyiron_log - INFO - Assigning a channel with the label test_y to the io key heron_loop__test_y
2026-04-10 12:45:03,272 - pyiron_log - INFO - Assigning a channel with the label test_max_diff to the io key heron_loop__test_max_diff
2026-04-10 12:45:03,272 - pyiron_log - INFO - Assigning a channel with the label body_S to the io key heron_loop__body_S
2026-04-10 12:45:03,272 - pyiron_log - INFO - Assigning a channel with the label body_x_n to the io key heron_loop__body_x_n
2026-04-10 12:45:03,272 - pyiron_log - INFO - Assigning a channel with the label max_iterations to the io key heron_loop__max_iterations
2026-04-10 12:45:03,272 - pyiron_log - INFO - Assigning a channel with the label a to the io key float_input__a
2026-04-10 12:45:03,272 - pyiron_log - INFO - Assigning a channel with the label x to the io key half__x
2026-04-10 12:45:03,272 - pyiron_log - INFO - Assigning a channel with the label test_x to the io key heron_loop__test_x
2026-04-10 12:45:03,272 - pyiron_log - INFO - Assigning a channel with the label test_y to the io key heron_loop__test_y
2026-04-10 12:45:03,272 - pyiron_log - INFO - Assigning a channel with the label test_max_diff to the io key heron_loop__test_max_diff
2026-04-10 12:45:03,272 - pyiron_log - INFO - Assigning a channel with the label body_S to the io key heron_loop__body_S
2026-04-10 12:45:03,272 - pyiron_log - INFO - Assigning a channel with the label body_x_n to the io key heron_loop__body_x_n
2026-04-10 12:45:03,272 - pyiron_log - INFO - Assigning a channel with the label max_iterations to the io key heron_loop__max_iterations
2026-04-10 12:45:03,272 - pyiron_log - INFO - Assigning a channel with the label a to the io key float_input__a
2026-04-10 12:45:03,272 - pyiron_log - INFO - Assigning a channel with the label x to the io key half__x
2026-04-10 12:45:03,272 - pyiron_log - INFO - Assigning a channel with the label test_x to the io key heron_loop__test_x
2026-04-10 12:45:03,272 - pyiron_log - INFO - Assigning a channel with the label test_y to the io key heron_loop__test_y
2026-04-10 12:45:03,272 - pyiron_log - INFO - Assigning a channel with the label test_max_diff to the io key heron_loop__test_max_diff
2026-04-10 12:45:03,272 - pyiron_log - INFO - Assigning a channel with the label body_S to the io key heron_loop__body_S
2026-04-10 12:45:03,272 - pyiron_log - INFO - Assigning a channel with the label body_x_n to the io key heron_loop__body_x_n
2026-04-10 12:45:03,272 - pyiron_log - INFO - Assigning a channel with the label max_iterations to the io key heron_loop__max_iterations
2026-04-10 12:45:03,272 - pyiron_log - INFO - Assigning a channel with the label a to the io key float_input__a
2026-04-10 12:45:03,272 - pyiron_log - INFO - Assigning a channel with the label x to the io key half__x
2026-04-10 12:45:03,272 - pyiron_log - INFO - Assigning a channel with the label test_x to the io key heron_loop__test_x
2026-04-10 12:45:03,272 - pyiron_log - INFO - Assigning a channel with the label test_y to the io key heron_loop__test_y
2026-04-10 12:45:03,272 - pyiron_log - INFO - Assigning a channel with the label test_max_diff to the io key heron_loop__test_max_diff
2026-04-10 12:45:03,272 - pyiron_log - INFO - Assigning a channel with the label body_S to the io key heron_loop__body_S
2026-04-10 12:45:03,273 - pyiron_log - INFO - Assigning a channel with the label body_x_n to the io key heron_loop__body_x_n
2026-04-10 12:45:03,273 - pyiron_log - INFO - Assigning a channel with the label max_iterations to the io key heron_loop__max_iterations
2026-04-10 12:45:03,273 - pyiron_log - INFO - Assigning a channel with the label a to the io key float_input__a
2026-04-10 12:45:03,273 - pyiron_log - INFO - Assigning a channel with the label x to the io key half__x
2026-04-10 12:45:03,273 - pyiron_log - INFO - Assigning a channel with the label test_x to the io key heron_loop__test_x
2026-04-10 12:45:03,273 - pyiron_log - INFO - Assigning a channel with the label test_y to the io key heron_loop__test_y
2026-04-10 12:45:03,273 - pyiron_log - INFO - Assigning a channel with the label test_max_diff to the io key heron_loop__test_max_diff
2026-04-10 12:45:03,273 - pyiron_log - INFO - Assigning a channel with the label body_S to the io key heron_loop__body_S
2026-04-10 12:45:03,273 - pyiron_log - INFO - Assigning a channel with the label body_x_n to the io key heron_loop__body_x_n
2026-04-10 12:45:03,273 - pyiron_log - INFO - Assigning a channel with the label max_iterations to the io key heron_loop__max_iterations
2026-04-10 12:45:03,273 - pyiron_log - INFO - Assigning a channel with the label a to the io key float_input__a
2026-04-10 12:45:03,274 - pyiron_log - INFO - Assigning a channel with the label x to the io key half__x
2026-04-10 12:45:03,274 - pyiron_log - INFO - Assigning a channel with the label test_x to the io key heron_loop__test_x
2026-04-10 12:45:03,274 - pyiron_log - INFO - Assigning a channel with the label test_y to the io key heron_loop__test_y
2026-04-10 12:45:03,274 - pyiron_log - INFO - Assigning a channel with the label test_max_diff to the io key heron_loop__test_max_diff
2026-04-10 12:45:03,274 - pyiron_log - INFO - Assigning a channel with the label body_S to the io key heron_loop__body_S
2026-04-10 12:45:03,274 - pyiron_log - INFO - Assigning a channel with the label body_x_n to the io key heron_loop__body_x_n
2026-04-10 12:45:03,274 - pyiron_log - INFO - Assigning a channel with the label max_iterations to the io key heron_loop__max_iterations
2026-04-10 12:45:03,274 - pyiron_log - INFO - Assigning a channel with the label a to the io key float_input__a
2026-04-10 12:45:03,274 - pyiron_log - INFO - Assigning a channel with the label x to the io key half__x
2026-04-10 12:45:03,274 - pyiron_log - INFO - Assigning a channel with the label test_x to the io key heron_loop__test_x
2026-04-10 12:45:03,274 - pyiron_log - INFO - Assigning a channel with the label test_y to the io key heron_loop__test_y
2026-04-10 12:45:03,274 - pyiron_log - INFO - Assigning a channel with the label test_max_diff to the io key heron_loop__test_max_diff
2026-04-10 12:45:03,274 - pyiron_log - INFO - Assigning a channel with the label body_S to the io key heron_loop__body_S
2026-04-10 12:45:03,275 - pyiron_log - INFO - Assigning a channel with the label body_x_n to the io key heron_loop__body_x_n
2026-04-10 12:45:03,275 - pyiron_log - INFO - Assigning a channel with the label max_iterations to the io key heron_loop__max_iterations
2026-04-10 12:45:03,275 - pyiron_log - INFO - Assigning a channel with the label a to the io key float_input__a
2026-04-10 12:45:03,275 - pyiron_log - INFO - Assigning a channel with the label x to the io key half__x
2026-04-10 12:45:03,275 - pyiron_log - INFO - Assigning a channel with the label test_x to the io key heron_loop__test_x
2026-04-10 12:45:03,275 - pyiron_log - INFO - Assigning a channel with the label test_y to the io key heron_loop__test_y
2026-04-10 12:45:03,275 - pyiron_log - INFO - Assigning a channel with the label test_max_diff to the io key heron_loop__test_max_diff
2026-04-10 12:45:03,275 - pyiron_log - INFO - Assigning a channel with the label body_S to the io key heron_loop__body_S
2026-04-10 12:45:03,275 - pyiron_log - INFO - Assigning a channel with the label body_x_n to the io key heron_loop__body_x_n
2026-04-10 12:45:03,275 - pyiron_log - INFO - Assigning a channel with the label max_iterations to the io key heron_loop__max_iterations
2026-04-10 12:45:03,275 - pyiron_log - INFO - Assigning a channel with the label a to the io key float_input__a
2026-04-10 12:45:03,275 - pyiron_log - INFO - Assigning a channel with the label x_halfed to the io key half__x_halfed
2026-04-10 12:45:03,275 - pyiron_log - INFO - Assigning a channel with the label half to the io key heron_loop__half
2026-04-10 12:45:03,275 - pyiron_log - INFO - Assigning a channel with the label x_n to the io key heron_loop__x_n
2026-04-10 12:45:03,275 - pyiron_log - INFO - Assigning a channel with the label a to the io key float_input__a
2026-04-10 12:47:03,123 - pyiron_log - INFO - Assigning a channel with the label x to the io key half__x
2026-04-10 12:47:03,124 - pyiron_log - INFO - Assigning a channel with the label test_x to the io key heron_loop__test_x
2026-04-10 12:47:03,124 - pyiron_log - INFO - Assigning a channel with the label test_y to the io key heron_loop__test_y
2026-04-10 12:47:03,124 - pyiron_log - INFO - Assigning a channel with the label test_max_diff to the io key heron_loop__test_max_diff
2026-04-10 12:47:03,124 - pyiron_log - INFO - Assigning a channel with the label body_S to the io key heron_loop__body_S
2026-04-10 12:47:03,124 - pyiron_log - INFO - Assigning a channel with the label body_x_n to the io key heron_loop__body_x_n
2026-04-10 12:47:03,124 - pyiron_log - INFO - Assigning a channel with the label max_iterations to the io key heron_loop__max_iterations
2026-04-10 12:47:03,124 - pyiron_log - INFO - Assigning a channel with the label a to the io key float_input__a
2026-04-10 12:47:03,124 - pyiron_log - INFO - Assigning a channel with the label x to the io key half__x
2026-04-10 12:47:03,124 - pyiron_log - INFO - Assigning a channel with the label test_x to the io key heron_loop__test_x
2026-04-10 12:47:03,124 - pyiron_log - INFO - Assigning a channel with the label test_y to the io key heron_loop__test_y
2026-04-10 12:47:03,124 - pyiron_log - INFO - Assigning a channel with the label test_max_diff to the io key heron_loop__test_max_diff
2026-04-10 12:47:03,124 - pyiron_log - INFO - Assigning a channel with the label body_S to the io key heron_loop__body_S
2026-04-10 12:47:03,124 - pyiron_log - INFO - Assigning a channel with the label body_x_n to the io key heron_loop__body_x_n
2026-04-10 12:47:03,124 - pyiron_log - INFO - Assigning a channel with the label max_iterations to the io key heron_loop__max_iterations
2026-04-10 12:47:03,124 - pyiron_log - INFO - Assigning a channel with the label a to the io key float_input__a
2026-04-10 12:47:03,124 - pyiron_log - INFO - Assigning a channel with the label x to the io key half__x
2026-04-10 12:47:03,124 - pyiron_log - INFO - Assigning a channel with the label test_x to the io key heron_loop__test_x
2026-04-10 12:47:03,124 - pyiron_log - INFO - Assigning a channel with the label test_y to the io key heron_loop__test_y
2026-04-10 12:47:03,124 - pyiron_log - INFO - Assigning a channel with the label test_max_diff to the io key heron_loop__test_max_diff
2026-04-10 12:47:03,124 - pyiron_log - INFO - Assigning a channel with the label body_S to the io key heron_loop__body_S
2026-04-10 12:47:03,124 - pyiron_log - INFO - Assigning a channel with the label body_x_n to the io key heron_loop__body_x_n
2026-04-10 12:47:03,124 - pyiron_log - INFO - Assigning a channel with the label max_iterations to the io key heron_loop__max_iterations
2026-04-10 12:47:03,124 - pyiron_log - INFO - Assigning a channel with the label a to the io key float_input__a
2026-04-10 12:47:03,124 - pyiron_log - INFO - Assigning a channel with the label x to the io key half__x
2026-04-10 12:47:03,125 - pyiron_log - INFO - Assigning a channel with the label test_x to the io key heron_loop__test_x
2026-04-10 12:47:03,125 - pyiron_log - INFO - Assigning a channel with the label test_y to the io key heron_loop__test_y
2026-04-10 12:47:03,125 - pyiron_log - INFO - Assigning a channel with the label test_max_diff to the io key heron_loop__test_max_diff
2026-04-10 12:47:03,125 - pyiron_log - INFO - Assigning a channel with the label body_S to the io key heron_loop__body_S
2026-04-10 12:47:03,125 - pyiron_log - INFO - Assigning a channel with the label body_x_n to the io key heron_loop__body_x_n
2026-04-10 12:47:03,125 - pyiron_log - INFO - Assigning a channel with the label max_iterations to the io key heron_loop__max_iterations
2026-04-10 12:47:03,125 - pyiron_log - INFO - Assigning a channel with the label a to the io key float_input__a
2026-04-10 12:47:03,125 - pyiron_log - INFO - Assigning a channel with the label x to the io key half__x
2026-04-10 12:47:03,125 - pyiron_log - INFO - Assigning a channel with the label test_x to the io key heron_loop__test_x
2026-04-10 12:47:03,125 - pyiron_log - INFO - Assigning a channel with the label test_y to the io key heron_loop__test_y
2026-04-10 12:47:03,125 - pyiron_log - INFO - Assigning a channel with the label test_max_diff to the io key heron_loop__test_max_diff
2026-04-10 12:47:03,125 - pyiron_log - INFO - Assigning a channel with the label body_S to the io key heron_loop__body_S
2026-04-10 12:47:03,125 - pyiron_log - INFO - Assigning a channel with the label body_x_n to the io key heron_loop__body_x_n
2026-04-10 12:47:03,125 - pyiron_log - INFO - Assigning a channel with the label max_iterations to the io key heron_loop__max_iterations
2026-04-10 12:47:03,125 - pyiron_log - INFO - Assigning a channel with the label a to the io key float_input__a
2026-04-10 12:47:03,125 - pyiron_log - INFO - Assigning a channel with the label x to the io key half__x
2026-04-10 12:47:03,125 - pyiron_log - INFO - Assigning a channel with the label test_x to the io key heron_loop__test_x
2026-04-10 12:47:03,125 - pyiron_log - INFO - Assigning a channel with the label test_y to the io key heron_loop__test_y
2026-04-10 12:47:03,125 - pyiron_log - INFO - Assigning a channel with the label test_max_diff to the io key heron_loop__test_max_diff
2026-04-10 12:47:03,125 - pyiron_log - INFO - Assigning a channel with the label body_S to the io key heron_loop__body_S
2026-04-10 12:47:03,125 - pyiron_log - INFO - Assigning a channel with the label body_x_n to the io key heron_loop__body_x_n
2026-04-10 12:47:03,125 - pyiron_log - INFO - Assigning a channel with the label max_iterations to the io key heron_loop__max_iterations
2026-04-10 12:47:03,125 - pyiron_log - INFO - Assigning a channel with the label a to the io key float_input__a
2026-04-10 12:47:03,125 - pyiron_log - INFO - Assigning a channel with the label x to the io key half__x
2026-04-10 12:47:03,125 - pyiron_log - INFO - Assigning a channel with the label test_x to the io key heron_loop__test_x
2026-04-10 12:47:03,125 - pyiron_log - INFO - Assigning a channel with the label test_y to the io key heron_loop__test_y
2026-04-10 12:47:03,125 - pyiron_log - INFO - Assigning a channel with the label test_max_diff to the io key heron_loop__test_max_diff
2026-04-10 12:47:03,125 - pyiron_log - INFO - Assigning a channel with the label body_S to the io key heron_loop__body_S
2026-04-10 12:47:03,125 - pyiron_log - INFO - Assigning a channel with the label body_x_n to the io key heron_loop__body_x_n
2026-04-10 12:47:03,125 - pyiron_log - INFO - Assigning a channel with the label max_iterations to the io key heron_loop__max_iterations
2026-04-10 12:47:03,125 - pyiron_log - INFO - Assigning a channel with the label a to the io key float_input__a
2026-04-10 12:47:03,126 - pyiron_log - INFO - Assigning a channel with the label x to the io key half__x
2026-04-10 12:47:03,126 - pyiron_log - INFO - Assigning a channel with the label test_x to the io key heron_loop__test_x
2026-04-10 12:47:03,126 - pyiron_log - INFO - Assigning a channel with the label test_y to the io key heron_loop__test_y
2026-04-10 12:47:03,126 - pyiron_log - INFO - Assigning a channel with the label test_max_diff to the io key heron_loop__test_max_diff
2026-04-10 12:47:03,126 - pyiron_log - INFO - Assigning a channel with the label body_S to the io key heron_loop__body_S
2026-04-10 12:47:03,126 - pyiron_log - INFO - Assigning a channel with the label body_x_n to the io key heron_loop__body_x_n
2026-04-10 12:47:03,126 - pyiron_log - INFO - Assigning a channel with the label max_iterations to the io key heron_loop__max_iterations
2026-04-10 12:47:03,126 - pyiron_log - INFO - Assigning a channel with the label a to the io key float_input__a
2026-04-10 12:47:03,127 - pyiron_log - INFO - Assigning a channel with the label x to the io key half__x
2026-04-10 12:47:03,127 - pyiron_log - INFO - Assigning a channel with the label test_x to the io key heron_loop__test_x
2026-04-10 12:47:03,127 - pyiron_log - INFO - Assigning a channel with the label test_y to the io key heron_loop__test_y
2026-04-10 12:47:03,127 - pyiron_log - INFO - Assigning a channel with the label test_max_diff to the io key heron_loop__test_max_diff
2026-04-10 12:47:03,127 - pyiron_log - INFO - Assigning a channel with the label body_S to the io key heron_loop__body_S
2026-04-10 12:47:03,127 - pyiron_log - INFO - Assigning a channel with the label body_x_n to the io key heron_loop__body_x_n
2026-04-10 12:47:03,127 - pyiron_log - INFO - Assigning a channel with the label max_iterations to the io key heron_loop__max_iterations
2026-04-10 12:47:03,127 - pyiron_log - INFO - Assigning a channel with the label a to the io key float_input__a
2026-04-10 12:47:03,127 - pyiron_log - INFO - Assigning a channel with the label x to the io key half__x
2026-04-10 12:47:03,127 - pyiron_log - INFO - Assigning a channel with the label test_x to the io key heron_loop__test_x
2026-04-10 12:47:03,127 - pyiron_log - INFO - Assigning a channel with the label test_y to the io key heron_loop__test_y
2026-04-10 12:47:03,127 - pyiron_log - INFO - Assigning a channel with the label test_max_diff to the io key heron_loop__test_max_diff
2026-04-10 12:47:03,127 - pyiron_log - INFO - Assigning a channel with the label body_S to the io key heron_loop__body_S
2026-04-10 12:47:03,127 - pyiron_log - INFO - Assigning a channel with the label body_x_n to the io key heron_loop__body_x_n
2026-04-10 12:47:03,127 - pyiron_log - INFO - Assigning a channel with the label max_iterations to the io key heron_loop__max_iterations
2026-04-10 12:47:03,127 - pyiron_log - INFO - Assigning a channel with the label a to the io key float_input__a
2026-04-10 12:47:03,128 - pyiron_log - INFO - Assigning a channel with the label x to the io key half__x
2026-04-10 12:47:03,128 - pyiron_log - INFO - Assigning a channel with the label test_x to the io key heron_loop__test_x
2026-04-10 12:47:03,128 - pyiron_log - INFO - Assigning a channel with the label test_y to the io key heron_loop__test_y
2026-04-10 12:47:03,128 - pyiron_log - INFO - Assigning a channel with the label test_max_diff to the io key heron_loop__test_max_diff
2026-04-10 12:47:03,128 - pyiron_log - INFO - Assigning a channel with the label body_S to the io key heron_loop__body_S
2026-04-10 12:47:03,128 - pyiron_log - INFO - Assigning a channel with the label body_x_n to the io key heron_loop__body_x_n
2026-04-10 12:47:03,128 - pyiron_log - INFO - Assigning a channel with the label max_iterations to the io key heron_loop__max_iterations
2026-04-10 12:47:03,128 - pyiron_log - INFO - Assigning a channel with the label a to the io key float_input__a
2026-04-10 12:47:03,128 - pyiron_log - INFO - Assigning a channel with the label x_halfed to the io key half__x_halfed
2026-04-10 12:47:03,128 - pyiron_log - INFO - Assigning a channel with the label half to the io key heron_loop__half
2026-04-10 12:47:03,128 - pyiron_log - INFO - Assigning a channel with the label x_n to the io key heron_loop__x_n
2026-04-10 12:47:03,128 - pyiron_log - INFO - Assigning a channel with the label a to the io key float_input__a
2026-04-10 13:00:24,164 - pyiron_log - INFO - Assigning a channel with the label x to the io key half__x
2026-04-10 13:00:24,165 - pyiron_log - INFO - Assigning a channel with the label test_x to the io key heron_loop__test_x
2026-04-10 13:00:24,165 - pyiron_log - INFO - Assigning a channel with the label test_y to the io key heron_loop__test_y
2026-04-10 13:00:24,165 - pyiron_log - INFO - Assigning a channel with the label test_max_diff to the io key heron_loop__test_max_diff
2026-04-10 13:00:24,165 - pyiron_log - INFO - Assigning a channel with the label body_S to the io key heron_loop__body_S
2026-04-10 13:00:24,165 - pyiron_log - INFO - Assigning a channel with the label body_x_n to the io key heron_loop__body_x_n
2026-04-10 13:00:24,165 - pyiron_log - INFO - Assigning a channel with the label max_iterations to the io key heron_loop__max_iterations
2026-04-10 13:00:24,165 - pyiron_log - INFO - Assigning a channel with the label a to the io key float_input__a
2026-04-10 13:00:24,165 - pyiron_log - INFO - Assigning a channel with the label x to the io key half__x
2026-04-10 13:00:24,165 - pyiron_log - INFO - Assigning a channel with the label test_x to the io key heron_loop__test_x
2026-04-10 13:00:24,165 - pyiron_log - INFO - Assigning a channel with the label test_y to the io key heron_loop__test_y
2026-04-10 13:00:24,165 - pyiron_log - INFO - Assigning a channel with the label test_max_diff to the io key heron_loop__test_max_diff
2026-04-10 13:00:24,165 - pyiron_log - INFO - Assigning a channel with the label body_S to the io key heron_loop__body_S
2026-04-10 13:00:24,165 - pyiron_log - INFO - Assigning a channel with the label body_x_n to the io key heron_loop__body_x_n
2026-04-10 13:00:24,165 - pyiron_log - INFO - Assigning a channel with the label max_iterations to the io key heron_loop__max_iterations
2026-04-10 13:00:24,165 - pyiron_log - INFO - Assigning a channel with the label a to the io key float_input__a
2026-04-10 13:00:24,165 - pyiron_log - INFO - Assigning a channel with the label x to the io key half__x
2026-04-10 13:00:24,165 - pyiron_log - INFO - Assigning a channel with the label test_x to the io key heron_loop__test_x
2026-04-10 13:00:24,165 - pyiron_log - INFO - Assigning a channel with the label test_y to the io key heron_loop__test_y
2026-04-10 13:00:24,166 - pyiron_log - INFO - Assigning a channel with the label test_max_diff to the io key heron_loop__test_max_diff
2026-04-10 13:00:24,166 - pyiron_log - INFO - Assigning a channel with the label body_S to the io key heron_loop__body_S
2026-04-10 13:00:24,166 - pyiron_log - INFO - Assigning a channel with the label body_x_n to the io key heron_loop__body_x_n
2026-04-10 13:00:24,166 - pyiron_log - INFO - Assigning a channel with the label max_iterations to the io key heron_loop__max_iterations
2026-04-10 13:00:24,166 - pyiron_log - INFO - Assigning a channel with the label a to the io key float_input__a
2026-04-10 13:00:24,166 - pyiron_log - INFO - Assigning a channel with the label x to the io key half__x
2026-04-10 13:00:24,166 - pyiron_log - INFO - Assigning a channel with the label test_x to the io key heron_loop__test_x
2026-04-10 13:00:24,166 - pyiron_log - INFO - Assigning a channel with the label test_y to the io key heron_loop__test_y
2026-04-10 13:00:24,166 - pyiron_log - INFO - Assigning a channel with the label test_max_diff to the io key heron_loop__test_max_diff
2026-04-10 13:00:24,166 - pyiron_log - INFO - Assigning a channel with the label body_S to the io key heron_loop__body_S
2026-04-10 13:00:24,166 - pyiron_log - INFO - Assigning a channel with the label body_x_n to the io key heron_loop__body_x_n
2026-04-10 13:00:24,166 - pyiron_log - INFO - Assigning a channel with the label max_iterations to the io key heron_loop__max_iterations
2026-04-10 13:00:24,166 - pyiron_log - INFO - Assigning a channel with the label a to the io key float_input__a
2026-04-10 13:00:24,166 - pyiron_log - INFO - Assigning a channel with the label x to the io key half__x
2026-04-10 13:00:24,166 - pyiron_log - INFO - Assigning a channel with the label test_x to the io key heron_loop__test_x
2026-04-10 13:00:24,166 - pyiron_log - INFO - Assigning a channel with the label test_y to the io key heron_loop__test_y
2026-04-10 13:00:24,166 - pyiron_log - INFO - Assigning a channel with the label test_max_diff to the io key heron_loop__test_max_diff
2026-04-10 13:00:24,166 - pyiron_log - INFO - Assigning a channel with the label body_S to the io key heron_loop__body_S
2026-04-10 13:00:24,166 - pyiron_log - INFO - Assigning a channel with the label body_x_n to the io key heron_loop__body_x_n
2026-04-10 13:00:24,166 - pyiron_log - INFO - Assigning a channel with the label max_iterations to the io key heron_loop__max_iterations
2026-04-10 13:00:24,166 - pyiron_log - INFO - Assigning a channel with the label a to the io key float_input__a
2026-04-10 13:00:24,166 - pyiron_log - INFO - Assigning a channel with the label x to the io key half__x
2026-04-10 13:00:24,166 - pyiron_log - INFO - Assigning a channel with the label test_x to the io key heron_loop__test_x
2026-04-10 13:00:24,166 - pyiron_log - INFO - Assigning a channel with the label test_y to the io key heron_loop__test_y
2026-04-10 13:00:24,166 - pyiron_log - INFO - Assigning a channel with the label test_max_diff to the io key heron_loop__test_max_diff
2026-04-10 13:00:24,166 - pyiron_log - INFO - Assigning a channel with the label body_S to the io key heron_loop__body_S
2026-04-10 13:00:24,166 - pyiron_log - INFO - Assigning a channel with the label body_x_n to the io key heron_loop__body_x_n
2026-04-10 13:00:24,166 - pyiron_log - INFO - Assigning a channel with the label max_iterations to the io key heron_loop__max_iterations
2026-04-10 13:00:24,166 - pyiron_log - INFO - Assigning a channel with the label a to the io key float_input__a
2026-04-10 13:00:24,166 - pyiron_log - INFO - Assigning a channel with the label x to the io key half__x
2026-04-10 13:00:24,167 - pyiron_log - INFO - Assigning a channel with the label test_x to the io key heron_loop__test_x
2026-04-10 13:00:24,167 - pyiron_log - INFO - Assigning a channel with the label test_y to the io key heron_loop__test_y
2026-04-10 13:00:24,167 - pyiron_log - INFO - Assigning a channel with the label test_max_diff to the io key heron_loop__test_max_diff
2026-04-10 13:00:24,167 - pyiron_log - INFO - Assigning a channel with the label body_S to the io key heron_loop__body_S
2026-04-10 13:00:24,167 - pyiron_log - INFO - Assigning a channel with the label body_x_n to the io key heron_loop__body_x_n
2026-04-10 13:00:24,167 - pyiron_log - INFO - Assigning a channel with the label max_iterations to the io key heron_loop__max_iterations
2026-04-10 13:00:24,167 - pyiron_log - INFO - Assigning a channel with the label a to the io key float_input__a
2026-04-10 13:00:24,167 - pyiron_log - INFO - Assigning a channel with the label x to the io key half__x
2026-04-10 13:00:24,167 - pyiron_log - INFO - Assigning a channel with the label test_x to the io key heron_loop__test_x
2026-04-10 13:00:24,167 - pyiron_log - INFO - Assigning a channel with the label test_y to the io key heron_loop__test_y
2026-04-10 13:00:24,167 - pyiron_log - INFO - Assigning a channel with the label test_max_diff to the io key heron_loop__test_max_diff
2026-04-10 13:00:24,167 - pyiron_log - INFO - Assigning a channel with the label body_S to the io key heron_loop__body_S
2026-04-10 13:00:24,167 - pyiron_log - INFO - Assigning a channel with the label body_x_n to the io key heron_loop__body_x_n
2026-04-10 13:00:24,167 - pyiron_log - INFO - Assigning a channel with the label max_iterations to the io key heron_loop__max_iterations
2026-04-10 13:00:24,167 - pyiron_log - INFO - Assigning a channel with the label a to the io key float_input__a
2026-04-10 13:00:24,168 - pyiron_log - INFO - Assigning a channel with the label x to the io key half__x
2026-04-10 13:00:24,168 - pyiron_log - INFO - Assigning a channel with the label test_x to the io key heron_loop__test_x
2026-04-10 13:00:24,168 - pyiron_log - INFO - Assigning a channel with the label test_y to the io key heron_loop__test_y
2026-04-10 13:00:24,168 - pyiron_log - INFO - Assigning a channel with the label test_max_diff to the io key heron_loop__test_max_diff
2026-04-10 13:00:24,168 - pyiron_log - INFO - Assigning a channel with the label body_S to the io key heron_loop__body_S
2026-04-10 13:00:24,168 - pyiron_log - INFO - Assigning a channel with the label body_x_n to the io key heron_loop__body_x_n
2026-04-10 13:00:24,168 - pyiron_log - INFO - Assigning a channel with the label max_iterations to the io key heron_loop__max_iterations
2026-04-10 13:00:24,168 - pyiron_log - INFO - Assigning a channel with the label a to the io key float_input__a
2026-04-10 13:00:24,168 - pyiron_log - INFO - Assigning a channel with the label x to the io key half__x
2026-04-10 13:00:24,168 - pyiron_log - INFO - Assigning a channel with the label test_x to the io key heron_loop__test_x
2026-04-10 13:00:24,168 - pyiron_log - INFO - Assigning a channel with the label test_y to the io key heron_loop__test_y
2026-04-10 13:00:24,169 - pyiron_log - INFO - Assigning a channel with the label test_max_diff to the io key heron_loop__test_max_diff
2026-04-10 13:00:24,169 - pyiron_log - INFO - Assigning a channel with the label body_S to the io key heron_loop__body_S
2026-04-10 13:00:24,169 - pyiron_log - INFO - Assigning a channel with the label body_x_n to the io key heron_loop__body_x_n
2026-04-10 13:00:24,169 - pyiron_log - INFO - Assigning a channel with the label max_iterations to the io key heron_loop__max_iterations
2026-04-10 13:00:24,169 - pyiron_log - INFO - Assigning a channel with the label a to the io key float_input__a
2026-04-10 13:00:24,169 - pyiron_log - INFO - Assigning a channel with the label x to the io key half__x
2026-04-10 13:00:24,169 - pyiron_log - INFO - Assigning a channel with the label test_x to the io key heron_loop__test_x
2026-04-10 13:00:24,169 - pyiron_log - INFO - Assigning a channel with the label test_y to the io key heron_loop__test_y
2026-04-10 13:00:24,169 - pyiron_log - INFO - Assigning a channel with the label test_max_diff to the io key heron_loop__test_max_diff
2026-04-10 13:00:24,169 - pyiron_log - INFO - Assigning a channel with the label body_S to the io key heron_loop__body_S
2026-04-10 13:00:24,169 - pyiron_log - INFO - Assigning a channel with the label body_x_n to the io key heron_loop__body_x_n
2026-04-10 13:00:24,169 - pyiron_log - INFO - Assigning a channel with the label max_iterations to the io key heron_loop__max_iterations
2026-04-10 13:00:24,169 - pyiron_log - INFO - Assigning a channel with the label a to the io key float_input__a
2026-04-10 13:00:24,169 - pyiron_log - INFO - Assigning a channel with the label x_halfed to the io key half__x_halfed
2026-04-10 13:00:24,169 - pyiron_log - INFO - Assigning a channel with the label half to the io key heron_loop__half
2026-04-10 13:00:24,169 - pyiron_log - INFO - Assigning a channel with the label x_n to the io key heron_loop__x_n
2026-04-10 13:00:24,169 - pyiron_log - INFO - Assigning a channel with the label a to the io key float_input__a
2026-04-10 13:00:41,127 - pyiron_log - INFO - Assigning a channel with the label x to the io key half__x
2026-04-10 13:00:41,127 - pyiron_log - INFO - Assigning a channel with the label test_x to the io key heron_loop__test_x
2026-04-10 13:00:41,127 - pyiron_log - INFO - Assigning a channel with the label test_y to the io key heron_loop__test_y
2026-04-10 13:00:41,127 - pyiron_log - INFO - Assigning a channel with the label test_max_diff to the io key heron_loop__test_max_diff
2026-04-10 13:00:41,127 - pyiron_log - INFO - Assigning a channel with the label body_S to the io key heron_loop__body_S
2026-04-10 13:00:41,128 - pyiron_log - INFO - Assigning a channel with the label body_x_n to the io key heron_loop__body_x_n
2026-04-10 13:00:41,128 - pyiron_log - INFO - Assigning a channel with the label max_iterations to the io key heron_loop__max_iterations
2026-04-10 13:00:41,128 - pyiron_log - INFO - Assigning a channel with the label a to the io key float_input__a
2026-04-10 13:00:57,673 - pyiron_log - INFO - Assigning a channel with the label x to the io key half__x
2026-04-10 13:00:57,673 - pyiron_log - INFO - Assigning a channel with the label test_x to the io key heron_loop__test_x
2026-04-10 13:00:57,674 - pyiron_log - INFO - Assigning a channel with the label test_y to the io key heron_loop__test_y
2026-04-10 13:00:57,674 - pyiron_log - INFO - Assigning a channel with the label test_max_diff to the io key heron_loop__test_max_diff
2026-04-10 13:00:57,674 - pyiron_log - INFO - Assigning a channel with the label body_S to the io key heron_loop__body_S
2026-04-10 13:00:57,674 - pyiron_log - INFO - Assigning a channel with the label body_x_n to the io key heron_loop__body_x_n
2026-04-10 13:00:57,674 - pyiron_log - INFO - Assigning a channel with the label max_iterations to the io key heron_loop__max_iterations
2026-04-10 13:00:57,674 - pyiron_log - INFO - Assigning a channel with the label a to the io key float_input__a
2026-04-10 13:01:42,080 - pyiron_log - INFO - Assigning a channel with the label x to the io key half__x
2026-04-10 13:01:42,080 - pyiron_log - INFO - Assigning a channel with the label test_x to the io key heron_loop__test_x
2026-04-10 13:01:42,080 - pyiron_log - INFO - Assigning a channel with the label test_y to the io key heron_loop__test_y
2026-04-10 13:01:42,080 - pyiron_log - INFO - Assigning a channel with the label test_max_diff to the io key heron_loop__test_max_diff
2026-04-10 13:01:42,080 - pyiron_log - INFO - Assigning a channel with the label body_S to the io key heron_loop__body_S
2026-04-10 13:01:42,081 - pyiron_log - INFO - Assigning a channel with the label body_x_n to the io key heron_loop__body_x_n
2026-04-10 13:01:42,081 - pyiron_log - INFO - Assigning a channel with the label max_iterations to the io key heron_loop__max_iterations
2026-04-10 13:01:42,081 - pyiron_log - INFO - Assigning a channel with the label a to the io key float_input__a
2026-04-10 13:04:07,882 - pyiron_log - INFO - Assigning a channel with the label test_max_diff to the io key heron_loop139923211966832__test_max_diff
2026-04-10 13:04:07,883 - pyiron_log - INFO - Assigning a channel with the label max_iterations to the io key heron_loop139923211966832__max_iterations
2026-04-10 13:04:07,883 - pyiron_log - INFO - Assigning a channel with the label a to the io key float_input139926211584144__a
2026-04-10 13:04:07,883 - pyiron_log - INFO - Assigning a channel with the label test_max_diff to the io key heron_loop139923211966832__test_max_diff
2026-04-10 13:04:07,883 - pyiron_log - INFO - Assigning a channel with the label max_iterations to the io key heron_loop139923211966832__max_iterations
2026-04-10 13:04:07,883 - pyiron_log - INFO - Assigning a channel with the label a to the io key float_input139926211584144__a
2026-04-10 13:04:07,883 - pyiron_log - INFO - Assigning a channel with the label test_max_diff to the io key heron_loop139923211966832__test_max_diff
2026-04-10 13:04:07,883 - pyiron_log - INFO - Assigning a channel with the label max_iterations to the io key heron_loop139923211966832__max_iterations
2026-04-10 13:04:07,883 - pyiron_log - INFO - Assigning a channel with the label a to the io key float_input139926211584144__a
2026-04-10 13:04:07,883 - pyiron_log - INFO - Assigning a channel with the label test_max_diff to the io key heron_loop139923211966832__test_max_diff
2026-04-10 13:04:07,883 - pyiron_log - INFO - Assigning a channel with the label max_iterations to the io key heron_loop139923211966832__max_iterations
2026-04-10 13:04:07,883 - pyiron_log - INFO - Assigning a channel with the label a to the io key float_input139926211584144__a
2026-04-10 13:04:07,883 - pyiron_log - INFO - Assigning a channel with the label test_max_diff to the io key heron_loop139923211966832__test_max_diff
2026-04-10 13:04:07,883 - pyiron_log - INFO - Assigning a channel with the label max_iterations to the io key heron_loop139923211966832__max_iterations
2026-04-10 13:04:07,883 - pyiron_log - INFO - Assigning a channel with the label a to the io key float_input139926211584144__a
2026-04-10 13:04:07,883 - pyiron_log - INFO - Assigning a channel with the label test_max_diff to the io key heron_loop139923211966832__test_max_diff
2026-04-10 13:04:07,883 - pyiron_log - INFO - Assigning a channel with the label max_iterations to the io key heron_loop139923211966832__max_iterations
2026-04-10 13:04:07,883 - pyiron_log - INFO - Assigning a channel with the label a to the io key float_input139926211584144__a
2026-04-10 13:04:07,883 - pyiron_log - INFO - Assigning a channel with the label half to the io key heron_loop139923211966832__half
2026-04-10 13:04:07,883 - pyiron_log - INFO - Assigning a channel with the label x_n to the io key heron_loop139923211966832__x_n
2026-04-10 13:04:34,111 - pyiron_log - INFO - Assigning a channel with the label test_max_diff to the io key heron_loop__test_max_diff
2026-04-10 13:04:34,111 - pyiron_log - INFO - Assigning a channel with the label max_iterations to the io key heron_loop__max_iterations
2026-04-10 13:04:34,111 - pyiron_log - INFO - Assigning a channel with the label a to the io key float_input__a
2026-04-10 13:07:25,101 - pyiron_log - INFO - Assigning a channel with the label test_max_diff to the io key heron_loop__test_max_diff
2026-04-10 13:07:25,101 - pyiron_log - INFO - Assigning a channel with the label max_iterations to the io key heron_loop__max_iterations
2026-04-10 13:07:25,101 - pyiron_log - INFO - Assigning a channel with the label a to the io key float_input__a
2026-04-10 13:08:16,494 - pyiron_log - INFO - Assigning a channel with the label x to the io key half__x
2026-04-10 13:08:16,494 - pyiron_log - INFO - Assigning a channel with the label test_x to the io key heron_loop__test_x
2026-04-10 13:08:16,494 - pyiron_log - INFO - Assigning a channel with the label test_y to the io key heron_loop__test_y
2026-04-10 13:08:16,494 - pyiron_log - INFO - Assigning a channel with the label test_max_diff to the io key heron_loop__test_max_diff
2026-04-10 13:08:16,494 - pyiron_log - INFO - Assigning a channel with the label body_S to the io key heron_loop__body_S
2026-04-10 13:08:16,494 - pyiron_log - INFO - Assigning a channel with the label body_x_n to the io key heron_loop__body_x_n
2026-04-10 13:08:16,494 - pyiron_log - INFO - Assigning a channel with the label max_iterations to the io key heron_loop__max_iterations
2026-04-10 13:08:16,495 - pyiron_log - INFO - Assigning a channel with the label a to the io key float_input__a
2026-04-10 13:08:19,438 - pyiron_log - INFO - Assigning a channel with the label test_max_diff to the io key heron_loop__test_max_diff
2026-04-10 13:08:19,438 - pyiron_log - INFO - Assigning a channel with the label max_iterations to the io key heron_loop__max_iterations
2026-04-10 13:08:19,438 - pyiron_log - INFO - Assigning a channel with the label a to the io key float_input__a
2026-04-10 13:14:02,690 - pyiron_log - INFO - Assigning a channel with the label test_max_diff to the io key heron_loop__test_max_diff
2026-04-10 13:14:02,691 - pyiron_log - INFO - Assigning a channel with the label max_iterations to the io key heron_loop__max_iterations
2026-04-10 13:14:02,691 - pyiron_log - INFO - Assigning a channel with the label a to the io key float_input__a
2026-04-10 13:14:02,691 - pyiron_log - INFO - Assigning a channel with the label test_max_diff to the io key heron_loop__test_max_diff
2026-04-10 13:14:02,691 - pyiron_log - INFO - Assigning a channel with the label max_iterations to the io key heron_loop__max_iterations
2026-04-10 13:14:02,691 - pyiron_log - INFO - Assigning a channel with the label a to the io key float_input__a
2026-04-10 13:14:02,691 - pyiron_log - INFO - Assigning a channel with the label test_max_diff to the io key heron_loop__test_max_diff
2026-04-10 13:14:02,691 - pyiron_log - INFO - Assigning a channel with the label max_iterations to the io key heron_loop__max_iterations
2026-04-10 13:14:02,691 - pyiron_log - INFO - Assigning a channel with the label a to the io key float_input__a
2026-04-10 13:14:02,691 - pyiron_log - INFO - Assigning a channel with the label test_max_diff to the io key heron_loop__test_max_diff
2026-04-10 13:14:02,691 - pyiron_log - INFO - Assigning a channel with the label max_iterations to the io key heron_loop__max_iterations
2026-04-10 13:14:02,691 - pyiron_log - INFO - Assigning a channel with the label a to the io key float_input__a
2026-04-10 13:14:02,691 - pyiron_log - INFO - Assigning a channel with the label test_max_diff to the io key heron_loop__test_max_diff
2026-04-10 13:14:02,692 - pyiron_log - INFO - Assigning a channel with the label max_iterations to the io key heron_loop__max_iterations
2026-04-10 13:14:02,692 - pyiron_log - INFO - Assigning a channel with the label a to the io key float_input__a
2026-04-10 13:14:02,692 - pyiron_log - INFO - Assigning a channel with the label test_max_diff to the io key heron_loop__test_max_diff
2026-04-10 13:14:02,692 - pyiron_log - INFO - Assigning a channel with the label max_iterations to the io key heron_loop__max_iterations
2026-04-10 13:14:02,692 - pyiron_log - INFO - Assigning a channel with the label a to the io key float_input__a
2026-04-10 13:14:02,692 - pyiron_log - INFO - Assigning a channel with the label test_max_diff to the io key heron_loop__test_max_diff
2026-04-10 13:14:02,692 - pyiron_log - INFO - Assigning a channel with the label max_iterations to the io key heron_loop__max_iterations
2026-04-10 13:14:02,692 - pyiron_log - INFO - Assigning a channel with the label a to the io key float_input__a
2026-04-10 13:14:02,692 - pyiron_log - INFO - Assigning a channel with the label test_max_diff to the io key heron_loop__test_max_diff
2026-04-10 13:14:02,692 - pyiron_log - INFO - Assigning a channel with the label max_iterations to the io key heron_loop__max_iterations
2026-04-10 13:14:02,692 - pyiron_log - INFO - Assigning a channel with the label a to the io key float_input__a
2026-04-10 13:14:02,693 - pyiron_log - INFO - Assigning a channel with the label test_max_diff to the io key heron_loop__test_max_diff
2026-04-10 13:14:02,693 - pyiron_log - INFO - Assigning a channel with the label max_iterations to the io key heron_loop__max_iterations
2026-04-10 13:14:02,693 - pyiron_log - INFO - Assigning a channel with the label a to the io key float_input__a
2026-04-10 13:14:02,693 - pyiron_log - INFO - Assigning a channel with the label test_max_diff to the io key heron_loop__test_max_diff
2026-04-10 13:14:02,693 - pyiron_log - INFO - Assigning a channel with the label max_iterations to the io key heron_loop__max_iterations
2026-04-10 13:14:02,693 - pyiron_log - INFO - Assigning a channel with the label a to the io key float_input__a
2026-04-10 13:14:02,694 - pyiron_log - INFO - Assigning a channel with the label test_max_diff to the io key heron_loop__test_max_diff
2026-04-10 13:14:02,694 - pyiron_log - INFO - Assigning a channel with the label max_iterations to the io key heron_loop__max_iterations
2026-04-10 13:14:02,694 - pyiron_log - INFO - Assigning a channel with the label a to the io key float_input__a
2026-04-10 13:14:02,694 - pyiron_log - INFO - Assigning a channel with the label half to the io key heron_loop__half
2026-04-10 13:14:02,694 - pyiron_log - INFO - Assigning a channel with the label x_n to the io key heron_loop__x_n
2026-04-10 13:16:49,640 - pyiron_log - INFO - Assigning a channel with the label half to the io key heron_loop__half
2026-04-10 13:16:49,640 - pyiron_log - INFO - Assigning a channel with the label x_n to the io key heron_loop__x_n
2026-04-10 13:17:10,550 - pyiron_log - INFO - Assigning a channel with the label half to the io key heron_loop__half
2026-04-10 13:17:10,550 - pyiron_log - INFO - Assigning a channel with the label x_n to the io key heron_loop__x_n
2026-04-10 13:18:26,343 - pyiron_log - INFO - Assigning a channel with the label half to the io key heron_loop__half
2026-04-10 13:18:26,343 - pyiron_log - INFO - Assigning a channel with the label x_n to the io key heron_loop__x_n
2026-04-10 13:23:29,431 - pyiron_log - INFO - Assigning a channel with the label half to the io key heron_loop__half
2026-04-10 13:23:29,431 - pyiron_log - INFO - Assigning a channel with the label x_n to the io key heron_loop__x_n
2026-04-10 13:23:31,596 - pyiron_log - INFO - Assigning a channel with the label test_max_diff to the io key heron_loop__test_max_diff
2026-04-10 13:23:31,596 - pyiron_log - INFO - Assigning a channel with the label max_iterations to the io key heron_loop__max_iterations
2026-04-10 13:23:31,596 - pyiron_log - INFO - Assigning a channel with the label a to the io key float_input__a
2026-04-10 13:23:31,596 - pyiron_log - INFO - Assigning a channel with the label test_max_diff to the io key heron_loop__test_max_diff
2026-04-10 13:23:31,597 - pyiron_log - INFO - Assigning a channel with the label max_iterations to the io key heron_loop__max_iterations
2026-04-10 13:23:31,597 - pyiron_log - INFO - Assigning a channel with the label a to the io key float_input__a
2026-04-10 13:23:31,597 - pyiron_log - INFO - Assigning a channel with the label test_max_diff to the io key heron_loop__test_max_diff
2026-04-10 13:23:31,597 - pyiron_log - INFO - Assigning a channel with the label max_iterations to the io key heron_loop__max_iterations
2026-04-10 13:23:31,597 - pyiron_log - INFO - Assigning a channel with the label a to the io key float_input__a
2026-04-10 13:23:31,597 - pyiron_log - INFO - Assigning a channel with the label test_max_diff to the io key heron_loop__test_max_diff
2026-04-10 13:23:31,597 - pyiron_log - INFO - Assigning a channel with the label max_iterations to the io key heron_loop__max_iterations
2026-04-10 13:23:31,597 - pyiron_log - INFO - Assigning a channel with the label a to the io key float_input__a
2026-04-10 13:23:31,597 - pyiron_log - INFO - Assigning a channel with the label test_max_diff to the io key heron_loop__test_max_diff
2026-04-10 13:23:31,597 - pyiron_log - INFO - Assigning a channel with the label max_iterations to the io key heron_loop__max_iterations
2026-04-10 13:23:31,597 - pyiron_log - INFO - Assigning a channel with the label a to the io key float_input__a
2026-04-10 13:23:31,597 - pyiron_log - INFO - Assigning a channel with the label test_max_diff to the io key heron_loop__test_max_diff
2026-04-10 13:23:31,597 - pyiron_log - INFO - Assigning a channel with the label max_iterations to the io key heron_loop__max_iterations
2026-04-10 13:23:31,597 - pyiron_log - INFO - Assigning a channel with the label a to the io key float_input__a
2026-04-10 13:23:31,597 - pyiron_log - INFO - Assigning a channel with the label test_max_diff to the io key heron_loop__test_max_diff
2026-04-10 13:23:31,597 - pyiron_log - INFO - Assigning a channel with the label max_iterations to the io key heron_loop__max_iterations
2026-04-10 13:23:31,597 - pyiron_log - INFO - Assigning a channel with the label a to the io key float_input__a
2026-04-10 13:23:31,597 - pyiron_log - INFO - Assigning a channel with the label test_max_diff to the io key heron_loop__test_max_diff
2026-04-10 13:23:31,597 - pyiron_log - INFO - Assigning a channel with the label max_iterations to the io key heron_loop__max_iterations
2026-04-10 13:23:31,597 - pyiron_log - INFO - Assigning a channel with the label a to the io key float_input__a
2026-04-10 13:23:31,598 - pyiron_log - INFO - Assigning a channel with the label test_max_diff to the io key heron_loop__test_max_diff
2026-04-10 13:23:31,599 - pyiron_log - INFO - Assigning a channel with the label max_iterations to the io key heron_loop__max_iterations
2026-04-10 13:23:31,599 - pyiron_log - INFO - Assigning a channel with the label a to the io key float_input__a
2026-04-10 13:23:31,599 - pyiron_log - INFO - Assigning a channel with the label test_max_diff to the io key heron_loop__test_max_diff
2026-04-10 13:23:31,599 - pyiron_log - INFO - Assigning a channel with the label max_iterations to the io key heron_loop__max_iterations
2026-04-10 13:23:31,599 - pyiron_log - INFO - Assigning a channel with the label a to the io key float_input__a
2026-04-10 13:23:31,599 - pyiron_log - INFO - Assigning a channel with the label test_max_diff to the io key heron_loop__test_max_diff
2026-04-10 13:23:31,599 - pyiron_log - INFO - Assigning a channel with the label max_iterations to the io key heron_loop__max_iterations
2026-04-10 13:23:31,599 - pyiron_log - INFO - Assigning a channel with the label a to the io key float_input__a
2026-04-10 13:23:31,599 - pyiron_log - INFO - Assigning a channel with the label half to the io key heron_loop__half
2026-04-10 13:23:31,600 - pyiron_log - INFO - Assigning a channel with the label x_n to the io key heron_loop__x_n
2026-04-10 13:45:48,428 - pyiron_log - INFO - Assigning a channel with the label x to the io key divide__x
2026-04-10 13:45:48,428 - pyiron_log - INFO - Assigning a channel with the label a to the io key float_input__a
2026-04-10 13:45:48,428 - pyiron_log - INFO - Assigning a channel with the label x to the io key divide__x
2026-04-10 13:45:48,428 - pyiron_log - INFO - Assigning a channel with the label a to the io key float_input__a
2026-04-10 13:45:48,428 - pyiron_log - INFO - Assigning a channel with the label x to the io key divide__x
2026-04-10 13:45:48,428 - pyiron_log - INFO - Assigning a channel with the label a to the io key float_input__a
2026-04-10 13:45:48,428 - pyiron_log - INFO - Assigning a channel with the label x to the io key divide__x
2026-04-10 13:45:48,428 - pyiron_log - INFO - Assigning a channel with the label a to the io key float_input__a
2026-04-10 13:45:48,428 - pyiron_log - INFO - Assigning a channel with the label x to the io key divide__x
2026-04-10 13:45:48,428 - pyiron_log - INFO - Assigning a channel with the label a to the io key float_input__a
2026-04-10 13:45:48,429 - pyiron_log - INFO - Assigning a channel with the label x to the io key divide__x
2026-04-10 13:45:48,429 - pyiron_log - INFO - Assigning a channel with the label a to the io key float_input__a
2026-04-10 13:45:48,429 - pyiron_log - INFO - Assigning a channel with the label x to the io key divide__x
2026-04-10 13:45:48,429 - pyiron_log - INFO - Assigning a channel with the label a to the io key float_input__a
2026-04-10 13:45:48,430 - pyiron_log - INFO - Assigning a channel with the label x to the io key divide__x
2026-04-10 13:45:48,430 - pyiron_log - INFO - Assigning a channel with the label a to the io key float_input__a
2026-04-10 13:45:48,430 - pyiron_log - INFO - Assigning a channel with the label x to the io key divide__x
2026-04-10 13:45:48,430 - pyiron_log - INFO - Assigning a channel with the label a to the io key float_input__a
2026-04-10 13:45:48,430 - pyiron_log - INFO - Assigning a channel with the label x to the io key divide__x
2026-04-10 13:45:48,430 - pyiron_log - INFO - Assigning a channel with the label a to the io key float_input__a
2026-04-10 13:45:48,430 - pyiron_log - INFO - Assigning a channel with the label x_halfed to the io key half__x_halfed
2026-04-10 13:46:57,778 - pyiron_log - INFO - heron_step is already a node; appending an index to the node label instead: heron_step0
2026-04-10 13:47:35,994 - pyiron_log - INFO - Assigning a channel with the label a to the io key int_input139644045123440__a
2026-04-10 13:47:35,994 - pyiron_log - INFO - Assigning a channel with the label a to the io key float_input139644019085904__a
2026-04-10 13:47:35,995 - pyiron_log - INFO - Assigning a channel with the label a to the io key int_input139644045123440__a
2026-04-10 13:47:35,995 - pyiron_log - INFO - Assigning a channel with the label a to the io key float_input139644019085904__a
2026-04-10 13:47:35,995 - pyiron_log - INFO - Assigning a channel with the label a to the io key int_input139644045123440__a
2026-04-10 13:47:35,995 - pyiron_log - INFO - Assigning a channel with the label a to the io key float_input139644019085904__a
2026-04-10 13:47:35,995 - pyiron_log - INFO - Assigning a channel with the label a to the io key int_input139644045123440__a
2026-04-10 13:47:35,995 - pyiron_log - INFO - Assigning a channel with the label a to the io key float_input139644019085904__a
2026-04-10 13:47:35,995 - pyiron_log - INFO - Assigning a channel with the label a to the io key int_input139644045123440__a
2026-04-10 13:47:35,995 - pyiron_log - INFO - Assigning a channel with the label a to the io key float_input139644019085904__a
2026-04-10 13:47:35,995 - pyiron_log - INFO - Assigning a channel with the label a to the io key int_input139644045123440__a
2026-04-10 13:47:35,995 - pyiron_log - INFO - Assigning a channel with the label a to the io key float_input139644019085904__a
2026-04-10 13:47:35,995 - pyiron_log - INFO - Assigning a channel with the label half to the io key heron_step139644022110112__half
2026-04-10 13:48:51,303 - pyiron_log - INFO - float_input is already a node; appending an index to the node label instead: float_input0
2026-04-10 13:49:34,490 - pyiron_log - INFO - float_input is already a node; appending an index to the node label instead: float_input0
2026-04-10 13:50:25,403 - pyiron_log - INFO - Assigning a channel with the label x to the io key divide__x
2026-04-10 13:50:25,403 - pyiron_log - INFO - Assigning a channel with the label a to the io key float_input0__a
2026-04-10 13:50:25,404 - pyiron_log - INFO - Assigning a channel with the label x to the io key divide__x
2026-04-10 13:50:25,404 - pyiron_log - INFO - Assigning a channel with the label a to the io key float_input0__a
2026-04-10 13:50:25,404 - pyiron_log - INFO - Assigning a channel with the label x to the io key divide__x
2026-04-10 13:50:25,404 - pyiron_log - INFO - Assigning a channel with the label a to the io key float_input0__a
2026-04-10 13:50:25,404 - pyiron_log - INFO - Assigning a channel with the label x to the io key divide__x
2026-04-10 13:50:25,404 - pyiron_log - INFO - Assigning a channel with the label a to the io key float_input0__a
2026-04-10 13:50:25,404 - pyiron_log - INFO - Assigning a channel with the label x to the io key divide__x
2026-04-10 13:50:25,404 - pyiron_log - INFO - Assigning a channel with the label a to the io key float_input0__a
2026-04-10 13:50:25,404 - pyiron_log - INFO - Assigning a channel with the label x to the io key divide__x
2026-04-10 13:50:25,404 - pyiron_log - INFO - Assigning a channel with the label a to the io key float_input0__a
2026-04-10 13:50:25,405 - pyiron_log - INFO - Assigning a channel with the label x to the io key divide__x
2026-04-10 13:50:25,405 - pyiron_log - INFO - Assigning a channel with the label a to the io key float_input0__a
2026-04-10 13:50:25,406 - pyiron_log - INFO - Assigning a channel with the label x to the io key divide__x
2026-04-10 13:50:25,406 - pyiron_log - INFO - Assigning a channel with the label a to the io key float_input0__a
2026-04-10 13:50:25,406 - pyiron_log - INFO - Assigning a channel with the label x to the io key divide__x
2026-04-10 13:50:25,406 - pyiron_log - INFO - Assigning a channel with the label a to the io key float_input0__a
2026-04-10 13:50:25,406 - pyiron_log - INFO - Assigning a channel with the label x to the io key divide__x
2026-04-10 13:50:25,406 - pyiron_log - INFO - Assigning a channel with the label a to the io key float_input0__a
2026-04-10 13:50:25,406 - pyiron_log - INFO - Assigning a channel with the label x to the io key divide__x
2026-04-10 13:50:25,406 - pyiron_log - INFO - Assigning a channel with the label a to the io key float_input0__a
2026-04-10 13:50:25,407 - pyiron_log - INFO - Assigning a channel with the label x to the io key divide__x
2026-04-10 13:50:25,407 - pyiron_log - INFO - Assigning a channel with the label a to the io key float_input0__a
2026-04-10 13:50:25,407 - pyiron_log - INFO - Assigning a channel with the label x_halfed to the io key half__x_halfed
2026-04-10 13:50:25,407 - pyiron_log - INFO - Assigning a channel with the label a to the io key float_input__a
2026-04-10 13:58:02,895 - pyiron_log - INFO - int_input is already a node; appending an index to the node label instead: int_input0
2026-04-10 13:58:04,379 - pyiron_log - INFO - int_input is already a node; appending an index to the node label instead: int_input1
2026-04-10 13:58:04,936 - pyiron_log - INFO - float_input is already a node; appending an index to the node label instead: float_input0
2026-04-10 13:58:43,066 - pyiron_log - INFO - Assigning a channel with the label max_iterations to the io key new_while_loop139644021093056__max_iterations
2026-04-10 13:58:43,066 - pyiron_log - INFO - Assigning a channel with the label a to the io key int_input139643930854944__a
2026-04-10 13:58:43,066 - pyiron_log - INFO - Assigning a channel with the label a to the io key int_input0139643930862864__a
2026-04-10 13:58:43,066 - pyiron_log - INFO - Assigning a channel with the label a to the io key float_input139643930863200__a
2026-04-10 13:58:43,066 - pyiron_log - INFO - Assigning a channel with the label a to the io key int_input1139643930848064__a
2026-04-10 13:58:43,067 - pyiron_log - INFO - Assigning a channel with the label a to the io key float_input0139643930869680__a
2026-04-10 13:58:43,067 - pyiron_log - INFO - Assigning a channel with the label max_iterations to the io key new_while_loop139644021093056__max_iterations
2026-04-10 13:58:43,067 - pyiron_log - INFO - Assigning a channel with the label a to the io key int_input139643930854944__a
2026-04-10 13:58:43,067 - pyiron_log - INFO - Assigning a channel with the label a to the io key int_input0139643930862864__a
2026-04-10 13:58:43,067 - pyiron_log - INFO - Assigning a channel with the label a to the io key float_input139643930863200__a
2026-04-10 13:58:43,067 - pyiron_log - INFO - Assigning a channel with the label a to the io key int_input1139643930848064__a
2026-04-10 13:58:43,067 - pyiron_log - INFO - Assigning a channel with the label a to the io key float_input0139643930869680__a
2026-04-10 13:58:43,067 - pyiron_log - INFO - Assigning a channel with the label max_iterations to the io key new_while_loop139644021093056__max_iterations
2026-04-10 13:58:43,067 - pyiron_log - INFO - Assigning a channel with the label a to the io key int_input139643930854944__a
2026-04-10 13:58:43,067 - pyiron_log - INFO - Assigning a channel with the label a to the io key int_input0139643930862864__a
2026-04-10 13:58:43,067 - pyiron_log - INFO - Assigning a channel with the label a to the io key float_input139643930863200__a
2026-04-10 13:58:43,067 - pyiron_log - INFO - Assigning a channel with the label a to the io key int_input1139643930848064__a
2026-04-10 13:58:43,067 - pyiron_log - INFO - Assigning a channel with the label a to the io key float_input0139643930869680__a
2026-04-10 13:58:43,067 - pyiron_log - INFO - Assigning a channel with the label max_iterations to the io key new_while_loop139644021093056__max_iterations
2026-04-10 13:58:43,067 - pyiron_log - INFO - Assigning a channel with the label a to the io key int_input139643930854944__a
2026-04-10 13:58:43,067 - pyiron_log - INFO - Assigning a channel with the label a to the io key int_input0139643930862864__a
2026-04-10 13:58:43,067 - pyiron_log - INFO - Assigning a channel with the label a to the io key float_input139643930863200__a
2026-04-10 13:58:43,067 - pyiron_log - INFO - Assigning a channel with the label a to the io key int_input1139643930848064__a
2026-04-10 13:58:43,067 - pyiron_log - INFO - Assigning a channel with the label a to the io key float_input0139643930869680__a
2026-04-10 13:58:43,067 - pyiron_log - INFO - Assigning a channel with the label max_iterations to the io key new_while_loop139644021093056__max_iterations
2026-04-10 13:58:43,067 - pyiron_log - INFO - Assigning a channel with the label a to the io key int_input139643930854944__a
2026-04-10 13:58:43,067 - pyiron_log - INFO - Assigning a channel with the label a to the io key int_input0139643930862864__a
2026-04-10 13:58:43,067 - pyiron_log - INFO - Assigning a channel with the label a to the io key float_input139643930863200__a
2026-04-10 13:58:43,067 - pyiron_log - INFO - Assigning a channel with the label a to the io key int_input1139643930848064__a
2026-04-10 13:58:43,067 - pyiron_log - INFO - Assigning a channel with the label a to the io key float_input0139643930869680__a
2026-04-10 13:58:43,067 - pyiron_log - INFO - Assigning a channel with the label max_iterations to the io key new_while_loop139644021093056__max_iterations
2026-04-10 13:58:43,067 - pyiron_log - INFO - Assigning a channel with the label a to the io key int_input139643930854944__a
2026-04-10 13:58:43,067 - pyiron_log - INFO - Assigning a channel with the label a to the io key int_input0139643930862864__a
2026-04-10 13:58:43,067 - pyiron_log - INFO - Assigning a channel with the label a to the io key float_input139643930863200__a
2026-04-10 13:58:43,067 - pyiron_log - INFO - Assigning a channel with the label a to the io key int_input1139643930848064__a
2026-04-10 13:58:43,068 - pyiron_log - INFO - Assigning a channel with the label a to the io key float_input0139643930869680__a
2026-04-10 13:58:43,068 - pyiron_log - INFO - Assigning a channel with the label half to the io key new_while_loop139644021093056__half
2026-04-10 13:58:43,068 - pyiron_log - INFO - Assigning a channel with the label x_n to the io key new_while_loop139644021093056__x_n
2026-04-10 14:01:11,539 - pyiron_log - INFO - int_input is already a node; appending an index to the node label instead: int_input0
2026-04-10 14:01:12,854 - pyiron_log - INFO - int_input is already a node; appending an index to the node label instead: int_input1
2026-04-10 14:01:13,192 - pyiron_log - INFO - float_input is already a node; appending an index to the node label instead: float_input0
2026-04-10 14:01:49,232 - pyiron_log - INFO - Assigning a channel with the label S to the io key heron__S
2026-04-10 14:01:49,232 - pyiron_log - INFO - Assigning a channel with the label x_n to the io key heron__x_n
2026-04-10 14:01:49,232 - pyiron_log - INFO - Assigning a channel with the label S to the io key heron2__S
2026-04-10 14:01:49,232 - pyiron_log - INFO - Assigning a channel with the label max_diff to the io key diff__max_diff
2026-04-10 14:01:49,232 - pyiron_log - INFO - Assigning a channel with the label body_x_n to the io key new_while_loop140277323036096__body_x_n
2026-04-10 14:01:49,232 - pyiron_log - INFO - Assigning a channel with the label a to the io key int_input140277322164576__a
2026-04-10 14:01:49,232 - pyiron_log - INFO - Assigning a channel with the label a to the io key int_input0140277322169568__a
2026-04-10 14:01:49,232 - pyiron_log - INFO - Assigning a channel with the label a to the io key float_input140277322165056__a
2026-04-10 14:01:49,232 - pyiron_log - INFO - Assigning a channel with the label a to the io key int_input1140277322167408__a
2026-04-10 14:01:49,232 - pyiron_log - INFO - Assigning a channel with the label a to the io key float_input0140277321200416__a
2026-04-10 14:01:49,232 - pyiron_log - INFO - Assigning a channel with the label S to the io key heron__S
2026-04-10 14:01:49,232 - pyiron_log - INFO - Assigning a channel with the label x_n to the io key heron__x_n
2026-04-10 14:01:49,232 - pyiron_log - INFO - Assigning a channel with the label S to the io key heron2__S
2026-04-10 14:01:49,232 - pyiron_log - INFO - Assigning a channel with the label max_diff to the io key diff__max_diff
2026-04-10 14:01:49,232 - pyiron_log - INFO - Assigning a channel with the label body_x_n to the io key new_while_loop140277323036096__body_x_n
2026-04-10 14:01:49,232 - pyiron_log - INFO - Assigning a channel with the label a to the io key int_input140277322164576__a
2026-04-10 14:01:49,232 - pyiron_log - INFO - Assigning a channel with the label a to the io key int_input0140277322169568__a
2026-04-10 14:01:49,232 - pyiron_log - INFO - Assigning a channel with the label a to the io key float_input140277322165056__a
2026-04-10 14:01:49,232 - pyiron_log - INFO - Assigning a channel with the label a to the io key int_input1140277322167408__a
2026-04-10 14:01:49,232 - pyiron_log - INFO - Assigning a channel with the label a to the io key float_input0140277321200416__a
2026-04-10 14:01:49,232 - pyiron_log - INFO - Assigning a channel with the label S to the io key heron__S
2026-04-10 14:01:49,233 - pyiron_log - INFO - Assigning a channel with the label x_n to the io key heron__x_n
2026-04-10 14:01:49,233 - pyiron_log - INFO - Assigning a channel with the label S to the io key heron2__S
2026-04-10 14:01:49,233 - pyiron_log - INFO - Assigning a channel with the label max_diff to the io key diff__max_diff
2026-04-10 14:01:49,233 - pyiron_log - INFO - Assigning a channel with the label body_x_n to the io key new_while_loop140277323036096__body_x_n
2026-04-10 14:01:49,233 - pyiron_log - INFO - Assigning a channel with the label a to the io key int_input140277322164576__a
2026-04-10 14:01:49,233 - pyiron_log - INFO - Assigning a channel with the label a to the io key int_input0140277322169568__a
2026-04-10 14:01:49,233 - pyiron_log - INFO - Assigning a channel with the label a to the io key float_input140277322165056__a
2026-04-10 14:01:49,233 - pyiron_log - INFO - Assigning a channel with the label a to the io key int_input1140277322167408__a
2026-04-10 14:01:49,233 - pyiron_log - INFO - Assigning a channel with the label a to the io key float_input0140277321200416__a
2026-04-10 14:01:49,233 - pyiron_log - INFO - Assigning a channel with the label S to the io key heron__S
2026-04-10 14:01:49,233 - pyiron_log - INFO - Assigning a channel with the label x_n to the io key heron__x_n
2026-04-10 14:01:49,233 - pyiron_log - INFO - Assigning a channel with the label S to the io key heron2__S
2026-04-10 14:01:49,233 - pyiron_log - INFO - Assigning a channel with the label max_diff to the io key diff__max_diff
2026-04-10 14:01:49,233 - pyiron_log - INFO - Assigning a channel with the label body_x_n to the io key new_while_loop140277323036096__body_x_n
2026-04-10 14:01:49,233 - pyiron_log - INFO - Assigning a channel with the label a to the io key int_input140277322164576__a
2026-04-10 14:01:49,233 - pyiron_log - INFO - Assigning a channel with the label a to the io key int_input0140277322169568__a
2026-04-10 14:01:49,233 - pyiron_log - INFO - Assigning a channel with the label a to the io key float_input140277322165056__a
2026-04-10 14:01:49,233 - pyiron_log - INFO - Assigning a channel with the label a to the io key int_input1140277322167408__a
2026-04-10 14:01:49,233 - pyiron_log - INFO - Assigning a channel with the label a to the io key float_input0140277321200416__a
2026-04-10 14:01:49,233 - pyiron_log - INFO - Assigning a channel with the label S to the io key heron__S
2026-04-10 14:01:49,233 - pyiron_log - INFO - Assigning a channel with the label x_n to the io key heron__x_n
2026-04-10 14:01:49,233 - pyiron_log - INFO - Assigning a channel with the label S to the io key heron2__S
2026-04-10 14:01:49,233 - pyiron_log - INFO - Assigning a channel with the label max_diff to the io key diff__max_diff
2026-04-10 14:01:49,233 - pyiron_log - INFO - Assigning a channel with the label body_x_n to the io key new_while_loop140277323036096__body_x_n
2026-04-10 14:01:49,233 - pyiron_log - INFO - Assigning a channel with the label a to the io key int_input140277322164576__a
2026-04-10 14:01:49,233 - pyiron_log - INFO - Assigning a channel with the label a to the io key int_input0140277322169568__a
2026-04-10 14:01:49,233 - pyiron_log - INFO - Assigning a channel with the label a to the io key float_input140277322165056__a
2026-04-10 14:01:49,233 - pyiron_log - INFO - Assigning a channel with the label a to the io key int_input1140277322167408__a
2026-04-10 14:01:49,233 - pyiron_log - INFO - Assigning a channel with the label a to the io key float_input0140277321200416__a
2026-04-10 14:01:49,233 - pyiron_log - INFO - Assigning a channel with the label S to the io key heron__S
2026-04-10 14:01:49,233 - pyiron_log - INFO - Assigning a channel with the label x_n to the io key heron__x_n
2026-04-10 14:01:49,233 - pyiron_log - INFO - Assigning a channel with the label S to the io key heron2__S
2026-04-10 14:01:49,233 - pyiron_log - INFO - Assigning a channel with the label max_diff to the io key diff__max_diff
2026-04-10 14:01:49,233 - pyiron_log - INFO - Assigning a channel with the label body_x_n to the io key new_while_loop140277323036096__body_x_n
2026-04-10 14:01:49,233 - pyiron_log - INFO - Assigning a channel with the label a to the io key int_input140277322164576__a
2026-04-10 14:01:49,233 - pyiron_log - INFO - Assigning a channel with the label a to the io key int_input0140277322169568__a
2026-04-10 14:01:49,234 - pyiron_log - INFO - Assigning a channel with the label a to the io key float_input140277322165056__a
2026-04-10 14:01:49,234 - pyiron_log - INFO - Assigning a channel with the label a to the io key int_input1140277322167408__a
2026-04-10 14:01:49,234 - pyiron_log - INFO - Assigning a channel with the label a to the io key float_input0140277321200416__a
2026-04-10 14:01:49,234 - pyiron_log - INFO - Assigning a channel with the label half to the io key heron2__half
2026-04-10 14:01:49,234 - pyiron_log - INFO - Assigning a channel with the label x_n to the io key heron2__x_n
2026-04-10 14:01:49,234 - pyiron_log - INFO - Assigning a channel with the label diff_above to the io key diff__diff_above
2026-04-10 14:01:49,234 - pyiron_log - INFO - Assigning a channel with the label half to the io key new_while_loop140277323036096__half
2026-04-10 14:01:49,234 - pyiron_log - INFO - Assigning a channel with the label x_n to the io key new_while_loop140277323036096__x_n
2026-04-10 14:01:56,483 - pyiron_log - INFO - Assigning a channel with the label S to the io key heron__S
2026-04-10 14:01:56,483 - pyiron_log - INFO - Assigning a channel with the label x_n to the io key heron__x_n
2026-04-10 14:01:56,483 - pyiron_log - INFO - Assigning a channel with the label S to the io key heron2__S
2026-04-10 14:01:56,483 - pyiron_log - INFO - Assigning a channel with the label max_diff to the io key diff__max_diff
2026-04-10 14:01:56,483 - pyiron_log - INFO - Assigning a channel with the label body_x_n to the io key new_while_loop140277323036096__body_x_n
2026-04-10 14:01:56,484 - pyiron_log - INFO - Assigning a channel with the label a to the io key int_input140277322164576__a
2026-04-10 14:01:56,484 - pyiron_log - INFO - Assigning a channel with the label a to the io key int_input0140277322169568__a
2026-04-10 14:01:56,484 - pyiron_log - INFO - Assigning a channel with the label a to the io key float_input140277322165056__a
2026-04-10 14:01:56,484 - pyiron_log - INFO - Assigning a channel with the label a to the io key int_input1140277322167408__a
2026-04-10 14:01:56,484 - pyiron_log - INFO - Assigning a channel with the label a to the io key float_input0140277321200416__a
2026-04-10 14:01:56,484 - pyiron_log - INFO - Assigning a channel with the label S to the io key heron__S
2026-04-10 14:01:56,484 - pyiron_log - INFO - Assigning a channel with the label x_n to the io key heron__x_n
2026-04-10 14:01:56,484 - pyiron_log - INFO - Assigning a channel with the label S to the io key heron2__S
2026-04-10 14:01:56,484 - pyiron_log - INFO - Assigning a channel with the label max_diff to the io key diff__max_diff
2026-04-10 14:01:56,484 - pyiron_log - INFO - Assigning a channel with the label body_x_n to the io key new_while_loop140277323036096__body_x_n
2026-04-10 14:01:56,484 - pyiron_log - INFO - Assigning a channel with the label a to the io key int_input140277322164576__a
2026-04-10 14:01:56,484 - pyiron_log - INFO - Assigning a channel with the label a to the io key int_input0140277322169568__a
2026-04-10 14:01:56,484 - pyiron_log - INFO - Assigning a channel with the label a to the io key float_input140277322165056__a
2026-04-10 14:01:56,484 - pyiron_log - INFO - Assigning a channel with the label a to the io key int_input1140277322167408__a
2026-04-10 14:01:56,484 - pyiron_log - INFO - Assigning a channel with the label a to the io key float_input0140277321200416__a
2026-04-10 14:01:56,484 - pyiron_log - INFO - Assigning a channel with the label S to the io key heron__S
2026-04-10 14:01:56,484 - pyiron_log - INFO - Assigning a channel with the label x_n to the io key heron__x_n
2026-04-10 14:01:56,484 - pyiron_log - INFO - Assigning a channel with the label S to the io key heron2__S
2026-04-10 14:01:56,484 - pyiron_log - INFO - Assigning a channel with the label max_diff to the io key diff__max_diff
2026-04-10 14:01:56,484 - pyiron_log - INFO - Assigning a channel with the label body_x_n to the io key new_while_loop140277323036096__body_x_n
2026-04-10 14:01:56,484 - pyiron_log - INFO - Assigning a channel with the label a to the io key int_input140277322164576__a
2026-04-10 14:01:56,484 - pyiron_log - INFO - Assigning a channel with the label a to the io key int_input0140277322169568__a
2026-04-10 14:01:56,484 - pyiron_log - INFO - Assigning a channel with the label a to the io key float_input140277322165056__a
2026-04-10 14:01:56,484 - pyiron_log - INFO - Assigning a channel with the label a to the io key int_input1140277322167408__a
2026-04-10 14:01:56,484 - pyiron_log - INFO - Assigning a channel with the label a to the io key float_input0140277321200416__a
2026-04-10 14:01:56,484 - pyiron_log - INFO - Assigning a channel with the label S to the io key heron__S
2026-04-10 14:01:56,484 - pyiron_log - INFO - Assigning a channel with the label x_n to the io key heron__x_n
2026-04-10 14:01:56,484 - pyiron_log - INFO - Assigning a channel with the label S to the io key heron2__S
2026-04-10 14:01:56,484 - pyiron_log - INFO - Assigning a channel with the label max_diff to the io key diff__max_diff
2026-04-10 14:01:56,484 - pyiron_log - INFO - Assigning a channel with the label body_x_n to the io key new_while_loop140277323036096__body_x_n
2026-04-10 14:01:56,484 - pyiron_log - INFO - Assigning a channel with the label a to the io key int_input140277322164576__a
2026-04-10 14:01:56,484 - pyiron_log - INFO - Assigning a channel with the label a to the io key int_input0140277322169568__a
2026-04-10 14:01:56,484 - pyiron_log - INFO - Assigning a channel with the label a to the io key float_input140277322165056__a
2026-04-10 14:01:56,484 - pyiron_log - INFO - Assigning a channel with the label a to the io key int_input1140277322167408__a
2026-04-10 14:01:56,484 - pyiron_log - INFO - Assigning a channel with the label a to the io key float_input0140277321200416__a
2026-04-10 14:01:56,484 - pyiron_log - INFO - Assigning a channel with the label half to the io key heron2__half
2026-04-10 14:01:56,484 - pyiron_log - INFO - Assigning a channel with the label x_n to the io key heron2__x_n
2026-04-10 14:01:56,485 - pyiron_log - INFO - Assigning a channel with the label diff_above to the io key diff__diff_above
2026-04-10 14:01:56,485 - pyiron_log - INFO - Assigning a channel with the label half to the io key new_while_loop140277323036096__half
2026-04-10 14:01:56,485 - pyiron_log - INFO - Assigning a channel with the label x_n to the io key new_while_loop140277323036096__x_n
2026-04-10 14:02:48,231 - pyiron_log - INFO - Assigning a channel with the label S to the io key heron__S
2026-04-10 14:02:48,231 - pyiron_log - INFO - Assigning a channel with the label x_n to the io key heron__x_n
2026-04-10 14:02:48,231 - pyiron_log - INFO - Assigning a channel with the label S to the io key heron2__S
2026-04-10 14:02:48,231 - pyiron_log - INFO - Assigning a channel with the label max_diff to the io key diff__max_diff
2026-04-10 14:02:48,231 - pyiron_log - INFO - Assigning a channel with the label body_x_n to the io key new_while_loop__body_x_n
2026-04-10 14:02:48,231 - pyiron_log - INFO - Assigning a channel with the label a to the io key int_input__a
2026-04-10 14:02:48,231 - pyiron_log - INFO - Assigning a channel with the label a to the io key int_input0__a
2026-04-10 14:02:48,231 - pyiron_log - INFO - Assigning a channel with the label a to the io key float_input__a
2026-04-10 14:02:48,231 - pyiron_log - INFO - Assigning a channel with the label a to the io key int_input1__a
2026-04-10 14:02:48,231 - pyiron_log - INFO - Assigning a channel with the label a to the io key float_input0__a
2026-04-10 14:02:48,231 - pyiron_log - INFO - Assigning a channel with the label S to the io key heron__S
2026-04-10 14:02:48,231 - pyiron_log - INFO - Assigning a channel with the label x_n to the io key heron__x_n
2026-04-10 14:02:48,232 - pyiron_log - INFO - Assigning a channel with the label S to the io key heron2__S
2026-04-10 14:02:48,232 - pyiron_log - INFO - Assigning a channel with the label max_diff to the io key diff__max_diff
2026-04-10 14:02:48,232 - pyiron_log - INFO - Assigning a channel with the label body_x_n to the io key new_while_loop__body_x_n
2026-04-10 14:02:48,232 - pyiron_log - INFO - Assigning a channel with the label a to the io key int_input__a
2026-04-10 14:02:48,232 - pyiron_log - INFO - Assigning a channel with the label a to the io key int_input0__a
2026-04-10 14:02:48,232 - pyiron_log - INFO - Assigning a channel with the label a to the io key float_input__a
2026-04-10 14:02:48,232 - pyiron_log - INFO - Assigning a channel with the label a to the io key int_input1__a
2026-04-10 14:02:48,232 - pyiron_log - INFO - Assigning a channel with the label a to the io key float_input0__a
2026-04-10 14:02:48,233 - pyiron_log - INFO - Assigning a channel with the label S to the io key heron__S
2026-04-10 14:02:48,233 - pyiron_log - INFO - Assigning a channel with the label x_n to the io key heron__x_n
2026-04-10 14:02:48,233 - pyiron_log - INFO - Assigning a channel with the label S to the io key heron2__S
2026-04-10 14:02:48,233 - pyiron_log - INFO - Assigning a channel with the label max_diff to the io key diff__max_diff
2026-04-10 14:02:48,233 - pyiron_log - INFO - Assigning a channel with the label body_x_n to the io key new_while_loop__body_x_n
2026-04-10 14:02:48,233 - pyiron_log - INFO - Assigning a channel with the label a to the io key int_input__a
2026-04-10 14:02:48,233 - pyiron_log - INFO - Assigning a channel with the label a to the io key int_input0__a
2026-04-10 14:02:48,233 - pyiron_log - INFO - Assigning a channel with the label a to the io key float_input__a
2026-04-10 14:02:48,233 - pyiron_log - INFO - Assigning a channel with the label a to the io key int_input1__a
2026-04-10 14:02:48,233 - pyiron_log - INFO - Assigning a channel with the label a to the io key float_input0__a
2026-04-10 14:02:48,233 - pyiron_log - INFO - Assigning a channel with the label S to the io key heron__S
2026-04-10 14:02:48,233 - pyiron_log - INFO - Assigning a channel with the label x_n to the io key heron__x_n
2026-04-10 14:02:48,233 - pyiron_log - INFO - Assigning a channel with the label S to the io key heron2__S
2026-04-10 14:02:48,233 - pyiron_log - INFO - Assigning a channel with the label max_diff to the io key diff__max_diff
2026-04-10 14:02:48,233 - pyiron_log - INFO - Assigning a channel with the label body_x_n to the io key new_while_loop__body_x_n
2026-04-10 14:02:48,233 - pyiron_log - INFO - Assigning a channel with the label a to the io key int_input__a
2026-04-10 14:02:48,233 - pyiron_log - INFO - Assigning a channel with the label a to the io key int_input0__a
2026-04-10 14:02:48,233 - pyiron_log - INFO - Assigning a channel with the label a to the io key float_input__a
2026-04-10 14:02:48,233 - pyiron_log - INFO - Assigning a channel with the label a to the io key int_input1__a
2026-04-10 14:02:48,233 - pyiron_log - INFO - Assigning a channel with the label a to the io key float_input0__a
2026-04-10 14:02:48,233 - pyiron_log - INFO - Assigning a channel with the label S to the io key heron__S
2026-04-10 14:02:48,233 - pyiron_log - INFO - Assigning a channel with the label x_n to the io key heron__x_n
2026-04-10 14:02:48,233 - pyiron_log - INFO - Assigning a channel with the label S to the io key heron2__S
2026-04-10 14:02:48,233 - pyiron_log - INFO - Assigning a channel with the label max_diff to the io key diff__max_diff
2026-04-10 14:02:48,233 - pyiron_log - INFO - Assigning a channel with the label body_x_n to the io key new_while_loop__body_x_n
2026-04-10 14:02:48,233 - pyiron_log - INFO - Assigning a channel with the label a to the io key int_input__a
2026-04-10 14:02:48,233 - pyiron_log - INFO - Assigning a channel with the label a to the io key int_input0__a
2026-04-10 14:02:48,233 - pyiron_log - INFO - Assigning a channel with the label a to the io key float_input__a
2026-04-10 14:02:48,233 - pyiron_log - INFO - Assigning a channel with the label a to the io key int_input1__a
2026-04-10 14:02:48,234 - pyiron_log - INFO - Assigning a channel with the label a to the io key float_input0__a
2026-04-10 14:02:48,234 - pyiron_log - INFO - Assigning a channel with the label S to the io key heron__S
2026-04-10 14:02:48,234 - pyiron_log - INFO - Assigning a channel with the label x_n to the io key heron__x_n
2026-04-10 14:02:48,234 - pyiron_log - INFO - Assigning a channel with the label S to the io key heron2__S
2026-04-10 14:02:48,234 - pyiron_log - INFO - Assigning a channel with the label max_diff to the io key diff__max_diff
2026-04-10 14:02:48,234 - pyiron_log - INFO - Assigning a channel with the label body_x_n to the io key new_while_loop__body_x_n
2026-04-10 14:02:48,234 - pyiron_log - INFO - Assigning a channel with the label a to the io key int_input__a
2026-04-10 14:02:48,234 - pyiron_log - INFO - Assigning a channel with the label a to the io key int_input0__a
2026-04-10 14:02:48,234 - pyiron_log - INFO - Assigning a channel with the label a to the io key float_input__a
2026-04-10 14:02:48,234 - pyiron_log - INFO - Assigning a channel with the label a to the io key int_input1__a
2026-04-10 14:02:48,234 - pyiron_log - INFO - Assigning a channel with the label a to the io key float_input0__a
2026-04-10 14:02:48,234 - pyiron_log - INFO - Assigning a channel with the label S to the io key heron__S
2026-04-10 14:02:48,234 - pyiron_log - INFO - Assigning a channel with the label x_n to the io key heron__x_n
2026-04-10 14:02:48,234 - pyiron_log - INFO - Assigning a channel with the label S to the io key heron2__S
2026-04-10 14:02:48,234 - pyiron_log - INFO - Assigning a channel with the label max_diff to the io key diff__max_diff
2026-04-10 14:02:48,234 - pyiron_log - INFO - Assigning a channel with the label body_x_n to the io key new_while_loop__body_x_n
2026-04-10 14:02:48,234 - pyiron_log - INFO - Assigning a channel with the label a to the io key int_input__a
2026-04-10 14:02:48,234 - pyiron_log - INFO - Assigning a channel with the label a to the io key int_input0__a
2026-04-10 14:02:48,234 - pyiron_log - INFO - Assigning a channel with the label a to the io key float_input__a
2026-04-10 14:02:48,234 - pyiron_log - INFO - Assigning a channel with the label a to the io key int_input1__a
2026-04-10 14:02:48,234 - pyiron_log - INFO - Assigning a channel with the label a to the io key float_input0__a
2026-04-10 14:02:48,235 - pyiron_log - INFO - Assigning a channel with the label S to the io key heron__S
2026-04-10 14:02:48,235 - pyiron_log - INFO - Assigning a channel with the label x_n to the io key heron__x_n
2026-04-10 14:02:48,235 - pyiron_log - INFO - Assigning a channel with the label S to the io key heron2__S
2026-04-10 14:02:48,235 - pyiron_log - INFO - Assigning a channel with the label max_diff to the io key diff__max_diff
2026-04-10 14:02:48,235 - pyiron_log - INFO - Assigning a channel with the label body_x_n to the io key new_while_loop__body_x_n
2026-04-10 14:02:48,235 - pyiron_log - INFO - Assigning a channel with the label a to the io key int_input__a
2026-04-10 14:02:48,235 - pyiron_log - INFO - Assigning a channel with the label a to the io key int_input0__a
2026-04-10 14:02:48,235 - pyiron_log - INFO - Assigning a channel with the label a to the io key float_input__a
2026-04-10 14:02:48,235 - pyiron_log - INFO - Assigning a channel with the label a to the io key int_input1__a
2026-04-10 14:02:48,235 - pyiron_log - INFO - Assigning a channel with the label a to the io key float_input0__a
2026-04-10 14:02:48,235 - pyiron_log - INFO - Assigning a channel with the label S to the io key heron__S
2026-04-10 14:02:48,235 - pyiron_log - INFO - Assigning a channel with the label x_n to the io key heron__x_n
2026-04-10 14:02:48,235 - pyiron_log - INFO - Assigning a channel with the label S to the io key heron2__S
2026-04-10 14:02:48,235 - pyiron_log - INFO - Assigning a channel with the label max_diff to the io key diff__max_diff
2026-04-10 14:02:48,235 - pyiron_log - INFO - Assigning a channel with the label body_x_n to the io key new_while_loop__body_x_n
2026-04-10 14:02:48,235 - pyiron_log - INFO - Assigning a channel with the label a to the io key int_input__a
2026-04-10 14:02:48,235 - pyiron_log - INFO - Assigning a channel with the label a to the io key int_input0__a
2026-04-10 14:02:48,235 - pyiron_log - INFO - Assigning a channel with the label a to the io key float_input__a
2026-04-10 14:02:48,235 - pyiron_log - INFO - Assigning a channel with the label a to the io key int_input1__a
2026-04-10 14:02:48,235 - pyiron_log - INFO - Assigning a channel with the label a to the io key float_input0__a
2026-04-10 14:02:48,235 - pyiron_log - INFO - Assigning a channel with the label S to the io key heron__S
2026-04-10 14:02:48,235 - pyiron_log - INFO - Assigning a channel with the label x_n to the io key heron__x_n
2026-04-10 14:02:48,235 - pyiron_log - INFO - Assigning a channel with the label S to the io key heron2__S
2026-04-10 14:02:48,235 - pyiron_log - INFO - Assigning a channel with the label max_diff to the io key diff__max_diff
2026-04-10 14:02:48,235 - pyiron_log - INFO - Assigning a channel with the label body_x_n to the io key new_while_loop__body_x_n
2026-04-10 14:02:48,235 - pyiron_log - INFO - Assigning a channel with the label a to the io key int_input__a
2026-04-10 14:02:48,235 - pyiron_log - INFO - Assigning a channel with the label a to the io key int_input0__a
2026-04-10 14:02:48,235 - pyiron_log - INFO - Assigning a channel with the label a to the io key float_input__a
2026-04-10 14:02:48,235 - pyiron_log - INFO - Assigning a channel with the label a to the io key int_input1__a
2026-04-10 14:02:48,235 - pyiron_log - INFO - Assigning a channel with the label a to the io key float_input0__a
2026-04-10 14:02:48,235 - pyiron_log - INFO - Assigning a channel with the label S to the io key heron__S
2026-04-10 14:02:48,235 - pyiron_log - INFO - Assigning a channel with the label x_n to the io key heron__x_n
2026-04-10 14:02:48,235 - pyiron_log - INFO - Assigning a channel with the label S to the io key heron2__S
2026-04-10 14:02:48,235 - pyiron_log - INFO - Assigning a channel with the label max_diff to the io key diff__max_diff
2026-04-10 14:02:48,235 - pyiron_log - INFO - Assigning a channel with the label body_x_n to the io key new_while_loop__body_x_n
2026-04-10 14:02:48,235 - pyiron_log - INFO - Assigning a channel with the label a to the io key int_input__a
2026-04-10 14:02:48,235 - pyiron_log - INFO - Assigning a channel with the label a to the io key int_input0__a
2026-04-10 14:02:48,235 - pyiron_log - INFO - Assigning a channel with the label a to the io key float_input__a
2026-04-10 14:02:48,235 - pyiron_log - INFO - Assigning a channel with the label a to the io key int_input1__a
2026-04-10 14:02:48,235 - pyiron_log - INFO - Assigning a channel with the label a to the io key float_input0__a
2026-04-10 14:02:48,235 - pyiron_log - INFO - Assigning a channel with the label S to the io key heron__S
2026-04-10 14:02:48,236 - pyiron_log - INFO - Assigning a channel with the label x_n to the io key heron__x_n
2026-04-10 14:02:48,236 - pyiron_log - INFO - Assigning a channel with the label S to the io key heron2__S
2026-04-10 14:02:48,236 - pyiron_log - INFO - Assigning a channel with the label max_diff to the io key diff__max_diff
2026-04-10 14:02:48,236 - pyiron_log - INFO - Assigning a channel with the label body_x_n to the io key new_while_loop__body_x_n
2026-04-10 14:02:48,236 - pyiron_log - INFO - Assigning a channel with the label a to the io key int_input__a
2026-04-10 14:02:48,236 - pyiron_log - INFO - Assigning a channel with the label a to the io key int_input0__a
2026-04-10 14:02:48,236 - pyiron_log - INFO - Assigning a channel with the label a to the io key float_input__a
2026-04-10 14:02:48,236 - pyiron_log - INFO - Assigning a channel with the label a to the io key int_input1__a
2026-04-10 14:02:48,236 - pyiron_log - INFO - Assigning a channel with the label a to the io key float_input0__a
2026-04-10 14:02:48,236 - pyiron_log - INFO - Assigning a channel with the label S to the io key heron__S
2026-04-10 14:02:48,236 - pyiron_log - INFO - Assigning a channel with the label x_n to the io key heron__x_n
2026-04-10 14:02:48,236 - pyiron_log - INFO - Assigning a channel with the label S to the io key heron2__S
2026-04-10 14:02:48,236 - pyiron_log - INFO - Assigning a channel with the label max_diff to the io key diff__max_diff
2026-04-10 14:02:48,236 - pyiron_log - INFO - Assigning a channel with the label body_x_n to the io key new_while_loop__body_x_n
2026-04-10 14:02:48,236 - pyiron_log - INFO - Assigning a channel with the label a to the io key int_input__a
2026-04-10 14:02:48,236 - pyiron_log - INFO - Assigning a channel with the label a to the io key int_input0__a
2026-04-10 14:02:48,236 - pyiron_log - INFO - Assigning a channel with the label a to the io key float_input__a
2026-04-10 14:02:48,236 - pyiron_log - INFO - Assigning a channel with the label a to the io key int_input1__a
2026-04-10 14:02:48,236 - pyiron_log - INFO - Assigning a channel with the label a to the io key float_input0__a
2026-04-10 14:02:48,236 - pyiron_log - INFO - Assigning a channel with the label S to the io key heron__S
2026-04-10 14:02:48,236 - pyiron_log - INFO - Assigning a channel with the label x_n to the io key heron__x_n
2026-04-10 14:02:48,236 - pyiron_log - INFO - Assigning a channel with the label S to the io key heron2__S
2026-04-10 14:02:48,236 - pyiron_log - INFO - Assigning a channel with the label max_diff to the io key diff__max_diff
2026-04-10 14:02:48,236 - pyiron_log - INFO - Assigning a channel with the label body_x_n to the io key new_while_loop__body_x_n
2026-04-10 14:02:48,236 - pyiron_log - INFO - Assigning a channel with the label a to the io key int_input__a
2026-04-10 14:02:48,236 - pyiron_log - INFO - Assigning a channel with the label a to the io key int_input0__a
2026-04-10 14:02:48,236 - pyiron_log - INFO - Assigning a channel with the label a to the io key float_input__a
2026-04-10 14:02:48,236 - pyiron_log - INFO - Assigning a channel with the label a to the io key int_input1__a
2026-04-10 14:02:48,236 - pyiron_log - INFO - Assigning a channel with the label a to the io key float_input0__a
2026-04-10 14:02:48,237 - pyiron_log - INFO - Assigning a channel with the label S to the io key heron__S
2026-04-10 14:02:48,237 - pyiron_log - INFO - Assigning a channel with the label x_n to the io key heron__x_n
2026-04-10 14:02:48,237 - pyiron_log - INFO - Assigning a channel with the label S to the io key heron2__S
2026-04-10 14:02:48,237 - pyiron_log - INFO - Assigning a channel with the label max_diff to the io key diff__max_diff
2026-04-10 14:02:48,237 - pyiron_log - INFO - Assigning a channel with the label body_x_n to the io key new_while_loop__body_x_n
2026-04-10 14:02:48,237 - pyiron_log - INFO - Assigning a channel with the label a to the io key int_input__a
2026-04-10 14:02:48,237 - pyiron_log - INFO - Assigning a channel with the label a to the io key int_input0__a
2026-04-10 14:02:48,237 - pyiron_log - INFO - Assigning a channel with the label a to the io key float_input__a
2026-04-10 14:02:48,237 - pyiron_log - INFO - Assigning a channel with the label a to the io key int_input1__a
2026-04-10 14:02:48,237 - pyiron_log - INFO - Assigning a channel with the label a to the io key float_input0__a
2026-04-10 14:02:48,237 - pyiron_log - INFO - Assigning a channel with the label S to the io key heron__S
2026-04-10 14:02:48,237 - pyiron_log - INFO - Assigning a channel with the label x_n to the io key heron__x_n
2026-04-10 14:02:48,237 - pyiron_log - INFO - Assigning a channel with the label S to the io key heron2__S
2026-04-10 14:02:48,237 - pyiron_log - INFO - Assigning a channel with the label max_diff to the io key diff__max_diff
2026-04-10 14:02:48,237 - pyiron_log - INFO - Assigning a channel with the label body_x_n to the io key new_while_loop__body_x_n
2026-04-10 14:02:48,237 - pyiron_log - INFO - Assigning a channel with the label a to the io key int_input__a
2026-04-10 14:02:48,237 - pyiron_log - INFO - Assigning a channel with the label a to the io key int_input0__a
2026-04-10 14:02:48,237 - pyiron_log - INFO - Assigning a channel with the label a to the io key float_input__a
2026-04-10 14:02:48,237 - pyiron_log - INFO - Assigning a channel with the label a to the io key int_input1__a
2026-04-10 14:02:48,237 - pyiron_log - INFO - Assigning a channel with the label a to the io key float_input0__a
2026-04-10 14:02:48,237 - pyiron_log - INFO - Assigning a channel with the label S to the io key heron__S
2026-04-10 14:02:48,237 - pyiron_log - INFO - Assigning a channel with the label x_n to the io key heron__x_n
2026-04-10 14:02:48,238 - pyiron_log - INFO - Assigning a channel with the label S to the io key heron2__S
2026-04-10 14:02:48,238 - pyiron_log - INFO - Assigning a channel with the label max_diff to the io key diff__max_diff
2026-04-10 14:02:48,238 - pyiron_log - INFO - Assigning a channel with the label body_x_n to the io key new_while_loop__body_x_n
2026-04-10 14:02:48,238 - pyiron_log - INFO - Assigning a channel with the label a to the io key int_input__a
2026-04-10 14:02:48,238 - pyiron_log - INFO - Assigning a channel with the label a to the io key int_input0__a
2026-04-10 14:02:48,238 - pyiron_log - INFO - Assigning a channel with the label a to the io key float_input__a
2026-04-10 14:02:48,238 - pyiron_log - INFO - Assigning a channel with the label a to the io key int_input1__a
2026-04-10 14:02:48,238 - pyiron_log - INFO - Assigning a channel with the label a to the io key float_input0__a
2026-04-10 14:02:48,238 - pyiron_log - INFO - Assigning a channel with the label S to the io key heron__S
2026-04-10 14:02:48,238 - pyiron_log - INFO - Assigning a channel with the label x_n to the io key heron__x_n
2026-04-10 14:02:48,238 - pyiron_log - INFO - Assigning a channel with the label S to the io key heron2__S
2026-04-10 14:02:48,238 - pyiron_log - INFO - Assigning a channel with the label max_diff to the io key diff__max_diff
2026-04-10 14:02:48,238 - pyiron_log - INFO - Assigning a channel with the label body_x_n to the io key new_while_loop__body_x_n
2026-04-10 14:02:48,238 - pyiron_log - INFO - Assigning a channel with the label a to the io key int_input__a
2026-04-10 14:02:48,238 - pyiron_log - INFO - Assigning a channel with the label a to the io key int_input0__a
2026-04-10 14:02:48,238 - pyiron_log - INFO - Assigning a channel with the label a to the io key float_input__a
2026-04-10 14:02:48,238 - pyiron_log - INFO - Assigning a channel with the label a to the io key int_input1__a
2026-04-10 14:02:48,238 - pyiron_log - INFO - Assigning a channel with the label a to the io key float_input0__a
2026-04-10 14:02:48,241 - pyiron_log - INFO - Assigning a channel with the label S to the io key heron__S
2026-04-10 14:02:48,241 - pyiron_log - INFO - Assigning a channel with the label x_n to the io key heron__x_n
2026-04-10 14:02:48,241 - pyiron_log - INFO - Assigning a channel with the label S to the io key heron2__S
2026-04-10 14:02:48,241 - pyiron_log - INFO - Assigning a channel with the label max_diff to the io key diff__max_diff
2026-04-10 14:02:48,241 - pyiron_log - INFO - Assigning a channel with the label body_x_n to the io key new_while_loop__body_x_n
2026-04-10 14:02:48,241 - pyiron_log - INFO - Assigning a channel with the label a to the io key int_input__a
2026-04-10 14:02:48,241 - pyiron_log - INFO - Assigning a channel with the label a to the io key int_input0__a
2026-04-10 14:02:48,241 - pyiron_log - INFO - Assigning a channel with the label a to the io key float_input__a
2026-04-10 14:02:48,241 - pyiron_log - INFO - Assigning a channel with the label a to the io key int_input1__a
2026-04-10 14:02:48,241 - pyiron_log - INFO - Assigning a channel with the label a to the io key float_input0__a
2026-04-10 14:02:48,241 - pyiron_log - INFO - Assigning a channel with the label S to the io key heron__S
2026-04-10 14:02:48,241 - pyiron_log - INFO - Assigning a channel with the label x_n to the io key heron__x_n
2026-04-10 14:02:48,241 - pyiron_log - INFO - Assigning a channel with the label S to the io key heron2__S
2026-04-10 14:02:48,241 - pyiron_log - INFO - Assigning a channel with the label max_diff to the io key diff__max_diff
2026-04-10 14:02:48,241 - pyiron_log - INFO - Assigning a channel with the label body_x_n to the io key new_while_loop__body_x_n
2026-04-10 14:02:48,241 - pyiron_log - INFO - Assigning a channel with the label a to the io key int_input__a
2026-04-10 14:02:48,241 - pyiron_log - INFO - Assigning a channel with the label a to the io key int_input0__a
2026-04-10 14:02:48,241 - pyiron_log - INFO - Assigning a channel with the label a to the io key float_input__a
2026-04-10 14:02:48,241 - pyiron_log - INFO - Assigning a channel with the label a to the io key int_input1__a
2026-04-10 14:02:48,241 - pyiron_log - INFO - Assigning a channel with the label a to the io key float_input0__a
2026-04-10 14:02:48,242 - pyiron_log - INFO - Assigning a channel with the label S to the io key heron__S
2026-04-10 14:02:48,242 - pyiron_log - INFO - Assigning a channel with the label x_n to the io key heron__x_n
2026-04-10 14:02:48,242 - pyiron_log - INFO - Assigning a channel with the label S to the io key heron2__S
2026-04-10 14:02:48,242 - pyiron_log - INFO - Assigning a channel with the label max_diff to the io key diff__max_diff
2026-04-10 14:02:48,242 - pyiron_log - INFO - Assigning a channel with the label body_x_n to the io key new_while_loop__body_x_n
2026-04-10 14:02:48,242 - pyiron_log - INFO - Assigning a channel with the label a to the io key int_input__a
2026-04-10 14:02:48,242 - pyiron_log - INFO - Assigning a channel with the label a to the io key int_input0__a
2026-04-10 14:02:48,242 - pyiron_log - INFO - Assigning a channel with the label a to the io key float_input__a
2026-04-10 14:02:48,242 - pyiron_log - INFO - Assigning a channel with the label a to the io key int_input1__a
2026-04-10 14:02:48,242 - pyiron_log - INFO - Assigning a channel with the label a to the io key float_input0__a
2026-04-10 14:02:48,242 - pyiron_log - INFO - Assigning a channel with the label S to the io key heron__S
2026-04-10 14:02:48,242 - pyiron_log - INFO - Assigning a channel with the label x_n to the io key heron__x_n
2026-04-10 14:02:48,242 - pyiron_log - INFO - Assigning a channel with the label S to the io key heron2__S
2026-04-10 14:02:48,242 - pyiron_log - INFO - Assigning a channel with the label max_diff to the io key diff__max_diff
2026-04-10 14:02:48,242 - pyiron_log - INFO - Assigning a channel with the label body_x_n to the io key new_while_loop__body_x_n
2026-04-10 14:02:48,242 - pyiron_log - INFO - Assigning a channel with the label a to the io key int_input__a
2026-04-10 14:02:48,242 - pyiron_log - INFO - Assigning a channel with the label a to the io key int_input0__a
2026-04-10 14:02:48,242 - pyiron_log - INFO - Assigning a channel with the label a to the io key float_input__a
2026-04-10 14:02:48,242 - pyiron_log - INFO - Assigning a channel with the label a to the io key int_input1__a
2026-04-10 14:02:48,242 - pyiron_log - INFO - Assigning a channel with the label a to the io key float_input0__a
2026-04-10 14:02:48,243 - pyiron_log - INFO - Assigning a channel with the label S to the io key heron__S
2026-04-10 14:02:48,243 - pyiron_log - INFO - Assigning a channel with the label x_n to the io key heron__x_n
2026-04-10 14:02:48,243 - pyiron_log - INFO - Assigning a channel with the label S to the io key heron2__S
2026-04-10 14:02:48,243 - pyiron_log - INFO - Assigning a channel with the label max_diff to the io key diff__max_diff
2026-04-10 14:02:48,243 - pyiron_log - INFO - Assigning a channel with the label body_x_n to the io key new_while_loop__body_x_n
2026-04-10 14:02:48,243 - pyiron_log - INFO - Assigning a channel with the label a to the io key int_input__a
2026-04-10 14:02:48,243 - pyiron_log - INFO - Assigning a channel with the label a to the io key int_input0__a
2026-04-10 14:02:48,243 - pyiron_log - INFO - Assigning a channel with the label a to the io key float_input__a
2026-04-10 14:02:48,243 - pyiron_log - INFO - Assigning a channel with the label a to the io key int_input1__a
2026-04-10 14:02:48,243 - pyiron_log - INFO - Assigning a channel with the label a to the io key float_input0__a
2026-04-10 14:02:48,243 - pyiron_log - INFO - Assigning a channel with the label S to the io key heron__S
2026-04-10 14:02:48,243 - pyiron_log - INFO - Assigning a channel with the label x_n to the io key heron__x_n
2026-04-10 14:02:48,243 - pyiron_log - INFO - Assigning a channel with the label S to the io key heron2__S
2026-04-10 14:02:48,243 - pyiron_log - INFO - Assigning a channel with the label max_diff to the io key diff__max_diff
2026-04-10 14:02:48,243 - pyiron_log - INFO - Assigning a channel with the label body_x_n to the io key new_while_loop__body_x_n
2026-04-10 14:02:48,243 - pyiron_log - INFO - Assigning a channel with the label a to the io key int_input__a
2026-04-10 14:02:48,243 - pyiron_log - INFO - Assigning a channel with the label a to the io key int_input0__a
2026-04-10 14:02:48,243 - pyiron_log - INFO - Assigning a channel with the label a to the io key float_input__a
2026-04-10 14:02:48,243 - pyiron_log - INFO - Assigning a channel with the label a to the io key int_input1__a
2026-04-10 14:02:48,243 - pyiron_log - INFO - Assigning a channel with the label a to the io key float_input0__a
2026-04-10 14:02:48,243 - pyiron_log - INFO - Assigning a channel with the label S to the io key heron__S
2026-04-10 14:02:48,243 - pyiron_log - INFO - Assigning a channel with the label x_n to the io key heron__x_n
2026-04-10 14:02:48,243 - pyiron_log - INFO - Assigning a channel with the label S to the io key heron2__S
2026-04-10 14:02:48,243 - pyiron_log - INFO - Assigning a channel with the label max_diff to the io key diff__max_diff
2026-04-10 14:02:48,243 - pyiron_log - INFO - Assigning a channel with the label body_x_n to the io key new_while_loop__body_x_n
2026-04-10 14:02:48,243 - pyiron_log - INFO - Assigning a channel with the label a to the io key int_input__a
2026-04-10 14:02:48,243 - pyiron_log - INFO - Assigning a channel with the label a to the io key int_input0__a
2026-04-10 14:02:48,243 - pyiron_log - INFO - Assigning a channel with the label a to the io key float_input__a
2026-04-10 14:02:48,243 - pyiron_log - INFO - Assigning a channel with the label a to the io key int_input1__a
2026-04-10 14:02:48,243 - pyiron_log - INFO - Assigning a channel with the label a to the io key float_input0__a
2026-04-10 14:02:48,244 - pyiron_log - INFO - Assigning a channel with the label S to the io key heron__S
2026-04-10 14:02:48,244 - pyiron_log - INFO - Assigning a channel with the label x_n to the io key heron__x_n
2026-04-10 14:02:48,244 - pyiron_log - INFO - Assigning a channel with the label S to the io key heron2__S
2026-04-10 14:02:48,244 - pyiron_log - INFO - Assigning a channel with the label max_diff to the io key diff__max_diff
2026-04-10 14:02:48,244 - pyiron_log - INFO - Assigning a channel with the label body_x_n to the io key new_while_loop__body_x_n
2026-04-10 14:02:48,244 - pyiron_log - INFO - Assigning a channel with the label a to the io key int_input__a
2026-04-10 14:02:48,244 - pyiron_log - INFO - Assigning a channel with the label a to the io key int_input0__a
2026-04-10 14:02:48,244 - pyiron_log - INFO - Assigning a channel with the label a to the io key float_input__a
2026-04-10 14:02:48,244 - pyiron_log - INFO - Assigning a channel with the label a to the io key int_input1__a
2026-04-10 14:02:48,244 - pyiron_log - INFO - Assigning a channel with the label a to the io key float_input0__a
2026-04-10 14:02:48,244 - pyiron_log - INFO - Assigning a channel with the label S to the io key heron__S
2026-04-10 14:02:48,244 - pyiron_log - INFO - Assigning a channel with the label x_n to the io key heron__x_n
2026-04-10 14:02:48,244 - pyiron_log - INFO - Assigning a channel with the label S to the io key heron2__S
2026-04-10 14:02:48,244 - pyiron_log - INFO - Assigning a channel with the label max_diff to the io key diff__max_diff
2026-04-10 14:02:48,244 - pyiron_log - INFO - Assigning a channel with the label body_x_n to the io key new_while_loop__body_x_n
2026-04-10 14:02:48,244 - pyiron_log - INFO - Assigning a channel with the label a to the io key int_input__a
2026-04-10 14:02:48,244 - pyiron_log - INFO - Assigning a channel with the label a to the io key int_input0__a
2026-04-10 14:02:48,244 - pyiron_log - INFO - Assigning a channel with the label a to the io key float_input__a
2026-04-10 14:02:48,244 - pyiron_log - INFO - Assigning a channel with the label a to the io key int_input1__a
2026-04-10 14:02:48,244 - pyiron_log - INFO - Assigning a channel with the label a to the io key float_input0__a
2026-04-10 14:02:48,244 - pyiron_log - INFO - Assigning a channel with the label half to the io key heron2__half
2026-04-10 14:02:48,244 - pyiron_log - INFO - Assigning a channel with the label x_n to the io key heron2__x_n
2026-04-10 14:02:48,244 - pyiron_log - INFO - Assigning a channel with the label diff_above to the io key diff__diff_above
2026-04-10 14:02:48,245 - pyiron_log - INFO - Assigning a channel with the label half to the io key new_while_loop__half
2026-04-10 14:02:48,245 - pyiron_log - INFO - Assigning a channel with the label x_n to the io key new_while_loop__x_n
2026-04-10 14:04:46,149 - pyiron_log - INFO - Assigning a channel with the label S to the io key heron__S
2026-04-10 14:04:46,149 - pyiron_log - INFO - Assigning a channel with the label x_n to the io key heron__x_n
2026-04-10 14:04:46,149 - pyiron_log - INFO - Assigning a channel with the label S to the io key heron2__S
2026-04-10 14:04:46,149 - pyiron_log - INFO - Assigning a channel with the label max_diff to the io key diff__max_diff
2026-04-10 14:04:46,150 - pyiron_log - INFO - Assigning a channel with the label max_iterations to the io key new_while_loop__max_iterations
2026-04-10 14:04:46,150 - pyiron_log - INFO - Assigning a channel with the label a to the io key int_input139652024976880__a
2026-04-10 14:04:46,150 - pyiron_log - INFO - Assigning a channel with the label a to the io key float_input__a
2026-04-10 14:04:46,150 - pyiron_log - INFO - Assigning a channel with the label S to the io key heron__S
2026-04-10 14:04:46,150 - pyiron_log - INFO - Assigning a channel with the label x_n to the io key heron__x_n
2026-04-10 14:04:46,150 - pyiron_log - INFO - Assigning a channel with the label S to the io key heron2__S
2026-04-10 14:04:46,150 - pyiron_log - INFO - Assigning a channel with the label max_diff to the io key diff__max_diff
2026-04-10 14:04:46,150 - pyiron_log - INFO - Assigning a channel with the label max_iterations to the io key new_while_loop__max_iterations
2026-04-10 14:04:46,150 - pyiron_log - INFO - Assigning a channel with the label a to the io key int_input139652024976880__a
2026-04-10 14:04:46,150 - pyiron_log - INFO - Assigning a channel with the label a to the io key float_input__a
2026-04-10 14:04:46,150 - pyiron_log - INFO - Assigning a channel with the label S to the io key heron__S
2026-04-10 14:04:46,150 - pyiron_log - INFO - Assigning a channel with the label x_n to the io key heron__x_n
2026-04-10 14:04:46,150 - pyiron_log - INFO - Assigning a channel with the label S to the io key heron2__S
2026-04-10 14:04:46,150 - pyiron_log - INFO - Assigning a channel with the label max_diff to the io key diff__max_diff
2026-04-10 14:04:46,150 - pyiron_log - INFO - Assigning a channel with the label max_iterations to the io key new_while_loop__max_iterations
2026-04-10 14:04:46,150 - pyiron_log - INFO - Assigning a channel with the label a to the io key int_input139652024976880__a
2026-04-10 14:04:46,150 - pyiron_log - INFO - Assigning a channel with the label a to the io key float_input__a
2026-04-10 14:04:46,150 - pyiron_log - INFO - Assigning a channel with the label S to the io key heron__S
2026-04-10 14:04:46,150 - pyiron_log - INFO - Assigning a channel with the label x_n to the io key heron__x_n
2026-04-10 14:04:46,150 - pyiron_log - INFO - Assigning a channel with the label S to the io key heron2__S
2026-04-10 14:04:46,150 - pyiron_log - INFO - Assigning a channel with the label max_diff to the io key diff__max_diff
2026-04-10 14:04:46,150 - pyiron_log - INFO - Assigning a channel with the label max_iterations to the io key new_while_loop__max_iterations
2026-04-10 14:04:46,150 - pyiron_log - INFO - Assigning a channel with the label a to the io key int_input139652024976880__a
2026-04-10 14:04:46,150 - pyiron_log - INFO - Assigning a channel with the label a to the io key float_input__a
2026-04-10 14:04:46,150 - pyiron_log - INFO - Assigning a channel with the label S to the io key heron__S
2026-04-10 14:04:46,150 - pyiron_log - INFO - Assigning a channel with the label x_n to the io key heron__x_n
2026-04-10 14:04:46,150 - pyiron_log - INFO - Assigning a channel with the label S to the io key heron2__S
2026-04-10 14:04:46,150 - pyiron_log - INFO - Assigning a channel with the label max_diff to the io key diff__max_diff
2026-04-10 14:04:46,150 - pyiron_log - INFO - Assigning a channel with the label max_iterations to the io key new_while_loop__max_iterations
2026-04-10 14:04:46,150 - pyiron_log - INFO - Assigning a channel with the label a to the io key int_input139652024976880__a
2026-04-10 14:04:46,150 - pyiron_log - INFO - Assigning a channel with the label a to the io key float_input__a
2026-04-10 14:04:46,150 - pyiron_log - INFO - Assigning a channel with the label S to the io key heron__S
2026-04-10 14:04:46,150 - pyiron_log - INFO - Assigning a channel with the label x_n to the io key heron__x_n
2026-04-10 14:04:46,150 - pyiron_log - INFO - Assigning a channel with the label S to the io key heron2__S
2026-04-10 14:04:46,150 - pyiron_log - INFO - Assigning a channel with the label max_diff to the io key diff__max_diff
2026-04-10 14:04:46,150 - pyiron_log - INFO - Assigning a channel with the label max_iterations to the io key new_while_loop__max_iterations
2026-04-10 14:04:46,151 - pyiron_log - INFO - Assigning a channel with the label a to the io key int_input139652024976880__a
2026-04-10 14:04:46,151 - pyiron_log - INFO - Assigning a channel with the label a to the io key float_input__a
2026-04-10 14:04:46,151 - pyiron_log - INFO - Assigning a channel with the label half to the io key heron2__half
2026-04-10 14:04:46,151 - pyiron_log - INFO - Assigning a channel with the label x_n to the io key heron2__x_n
2026-04-10 14:04:46,151 - pyiron_log - INFO - Assigning a channel with the label diff_above to the io key diff__diff_above
2026-04-10 14:04:46,151 - pyiron_log - INFO - Assigning a channel with the label half to the io key new_while_loop__half
2026-04-10 14:04:46,151 - pyiron_log - INFO - Assigning a channel with the label x_n to the io key new_while_loop__x_n
2026-04-10 14:04:51,348 - pyiron_log - INFO - Assigning a channel with the label S to the io key heron__S
2026-04-10 14:04:51,348 - pyiron_log - INFO - Assigning a channel with the label x_n to the io key heron__x_n
2026-04-10 14:04:51,348 - pyiron_log - INFO - Assigning a channel with the label S to the io key heron2__S
2026-04-10 14:04:51,348 - pyiron_log - INFO - Assigning a channel with the label max_diff to the io key diff__max_diff
2026-04-10 14:04:51,348 - pyiron_log - INFO - Assigning a channel with the label max_iterations to the io key new_while_loop139655024562624__max_iterations
2026-04-10 14:04:51,348 - pyiron_log - INFO - Assigning a channel with the label a to the io key int_input139652024976880__a
2026-04-10 14:04:51,349 - pyiron_log - INFO - Assigning a channel with the label a to the io key float_input139652023133552__a
2026-04-10 14:04:51,349 - pyiron_log - INFO - Assigning a channel with the label S to the io key heron__S
2026-04-10 14:04:51,349 - pyiron_log - INFO - Assigning a channel with the label x_n to the io key heron__x_n
2026-04-10 14:04:51,349 - pyiron_log - INFO - Assigning a channel with the label S to the io key heron2__S
2026-04-10 14:04:51,349 - pyiron_log - INFO - Assigning a channel with the label max_diff to the io key diff__max_diff
2026-04-10 14:04:51,349 - pyiron_log - INFO - Assigning a channel with the label max_iterations to the io key new_while_loop139655024562624__max_iterations
2026-04-10 14:04:51,349 - pyiron_log - INFO - Assigning a channel with the label a to the io key int_input139652024976880__a
2026-04-10 14:04:51,349 - pyiron_log - INFO - Assigning a channel with the label a to the io key float_input139652023133552__a
2026-04-10 14:04:51,349 - pyiron_log - INFO - Assigning a channel with the label S to the io key heron__S
2026-04-10 14:04:51,349 - pyiron_log - INFO - Assigning a channel with the label x_n to the io key heron__x_n
2026-04-10 14:04:51,349 - pyiron_log - INFO - Assigning a channel with the label S to the io key heron2__S
2026-04-10 14:04:51,349 - pyiron_log - INFO - Assigning a channel with the label max_diff to the io key diff__max_diff
2026-04-10 14:04:51,349 - pyiron_log - INFO - Assigning a channel with the label max_iterations to the io key new_while_loop139655024562624__max_iterations
2026-04-10 14:04:51,349 - pyiron_log - INFO - Assigning a channel with the label a to the io key int_input139652024976880__a
2026-04-10 14:04:51,349 - pyiron_log - INFO - Assigning a channel with the label a to the io key float_input139652023133552__a
2026-04-10 14:04:51,349 - pyiron_log - INFO - Assigning a channel with the label S to the io key heron__S
2026-04-10 14:04:51,349 - pyiron_log - INFO - Assigning a channel with the label x_n to the io key heron__x_n
2026-04-10 14:04:51,349 - pyiron_log - INFO - Assigning a channel with the label S to the io key heron2__S
2026-04-10 14:04:51,349 - pyiron_log - INFO - Assigning a channel with the label max_diff to the io key diff__max_diff
2026-04-10 14:04:51,349 - pyiron_log - INFO - Assigning a channel with the label max_iterations to the io key new_while_loop139655024562624__max_iterations
2026-04-10 14:04:51,349 - pyiron_log - INFO - Assigning a channel with the label a to the io key int_input139652024976880__a
2026-04-10 14:04:51,349 - pyiron_log - INFO - Assigning a channel with the label a to the io key float_input139652023133552__a
2026-04-10 14:04:51,349 - pyiron_log - INFO - Assigning a channel with the label S to the io key heron__S
2026-04-10 14:04:51,349 - pyiron_log - INFO - Assigning a channel with the label x_n to the io key heron__x_n
2026-04-10 14:04:51,349 - pyiron_log - INFO - Assigning a channel with the label S to the io key heron2__S
2026-04-10 14:04:51,349 - pyiron_log - INFO - Assigning a channel with the label max_diff to the io key diff__max_diff
2026-04-10 14:04:51,349 - pyiron_log - INFO - Assigning a channel with the label max_iterations to the io key new_while_loop139655024562624__max_iterations
2026-04-10 14:04:51,349 - pyiron_log - INFO - Assigning a channel with the label a to the io key int_input139652024976880__a
2026-04-10 14:04:51,349 - pyiron_log - INFO - Assigning a channel with the label a to the io key float_input139652023133552__a
2026-04-10 14:04:51,349 - pyiron_log - INFO - Assigning a channel with the label S to the io key heron__S
2026-04-10 14:04:51,349 - pyiron_log - INFO - Assigning a channel with the label x_n to the io key heron__x_n
2026-04-10 14:04:51,349 - pyiron_log - INFO - Assigning a channel with the label S to the io key heron2__S
2026-04-10 14:04:51,349 - pyiron_log - INFO - Assigning a channel with the label max_diff to the io key diff__max_diff
2026-04-10 14:04:51,349 - pyiron_log - INFO - Assigning a channel with the label max_iterations to the io key new_while_loop139655024562624__max_iterations
2026-04-10 14:04:51,349 - pyiron_log - INFO - Assigning a channel with the label a to the io key int_input139652024976880__a
2026-04-10 14:04:51,349 - pyiron_log - INFO - Assigning a channel with the label a to the io key float_input139652023133552__a
2026-04-10 14:04:51,350 - pyiron_log - INFO - Assigning a channel with the label half to the io key heron2__half
2026-04-10 14:04:51,350 - pyiron_log - INFO - Assigning a channel with the label x_n to the io key heron2__x_n
2026-04-10 14:04:51,350 - pyiron_log - INFO - Assigning a channel with the label diff_above to the io key diff__diff_above
2026-04-10 14:04:51,350 - pyiron_log - INFO - Assigning a channel with the label half to the io key new_while_loop139655024562624__half
2026-04-10 14:04:51,350 - pyiron_log - INFO - Assigning a channel with the label x_n to the io key new_while_loop139655024562624__x_n
2026-04-10 14:05:14,739 - pyiron_log - INFO - float_input is already a node; appending an index to the node label instead: float_input0
2026-04-10 14:05:30,385 - pyiron_log - INFO - Assigning a channel with the label S to the io key heron__S
2026-04-10 14:05:30,386 - pyiron_log - INFO - Assigning a channel with the label x_n to the io key heron__x_n
2026-04-10 14:05:30,386 - pyiron_log - INFO - Assigning a channel with the label S to the io key heron2__S
2026-04-10 14:05:30,386 - pyiron_log - INFO - Assigning a channel with the label max_diff to the io key diff__max_diff
2026-04-10 14:05:30,386 - pyiron_log - INFO - Assigning a channel with the label max_iterations to the io key new_while_loop139655024562624__max_iterations
2026-04-10 14:05:30,386 - pyiron_log - INFO - Assigning a channel with the label a to the io key int_input139652024976880__a
2026-04-10 14:05:30,386 - pyiron_log - INFO - Assigning a channel with the label a to the io key float_input139652023133552__a
2026-04-10 14:05:30,386 - pyiron_log - INFO - Assigning a channel with the label a to the io key float_input0139652023133072__a
2026-04-10 14:05:30,386 - pyiron_log - INFO - Assigning a channel with the label S to the io key heron__S
2026-04-10 14:05:30,386 - pyiron_log - INFO - Assigning a channel with the label x_n to the io key heron__x_n
2026-04-10 14:05:30,386 - pyiron_log - INFO - Assigning a channel with the label S to the io key heron2__S
2026-04-10 14:05:30,386 - pyiron_log - INFO - Assigning a channel with the label max_diff to the io key diff__max_diff
2026-04-10 14:05:30,386 - pyiron_log - INFO - Assigning a channel with the label max_iterations to the io key new_while_loop139655024562624__max_iterations
2026-04-10 14:05:30,386 - pyiron_log - INFO - Assigning a channel with the label a to the io key int_input139652024976880__a
2026-04-10 14:05:30,386 - pyiron_log - INFO - Assigning a channel with the label a to the io key float_input139652023133552__a
2026-04-10 14:05:30,386 - pyiron_log - INFO - Assigning a channel with the label a to the io key float_input0139652023133072__a
2026-04-10 14:05:30,386 - pyiron_log - INFO - Assigning a channel with the label S to the io key heron__S
2026-04-10 14:05:30,386 - pyiron_log - INFO - Assigning a channel with the label x_n to the io key heron__x_n
2026-04-10 14:05:30,386 - pyiron_log - INFO - Assigning a channel with the label S to the io key heron2__S
2026-04-10 14:05:30,386 - pyiron_log - INFO - Assigning a channel with the label max_diff to the io key diff__max_diff
2026-04-10 14:05:30,386 - pyiron_log - INFO - Assigning a channel with the label max_iterations to the io key new_while_loop139655024562624__max_iterations
2026-04-10 14:05:30,386 - pyiron_log - INFO - Assigning a channel with the label a to the io key int_input139652024976880__a
2026-04-10 14:05:30,386 - pyiron_log - INFO - Assigning a channel with the label a to the io key float_input139652023133552__a
2026-04-10 14:05:30,386 - pyiron_log - INFO - Assigning a channel with the label a to the io key float_input0139652023133072__a
2026-04-10 14:05:30,386 - pyiron_log - INFO - Assigning a channel with the label S to the io key heron__S
2026-04-10 14:05:30,386 - pyiron_log - INFO - Assigning a channel with the label x_n to the io key heron__x_n
2026-04-10 14:05:30,386 - pyiron_log - INFO - Assigning a channel with the label S to the io key heron2__S
2026-04-10 14:05:30,386 - pyiron_log - INFO - Assigning a channel with the label max_diff to the io key diff__max_diff
2026-04-10 14:05:30,387 - pyiron_log - INFO - Assigning a channel with the label max_iterations to the io key new_while_loop139655024562624__max_iterations
2026-04-10 14:05:30,387 - pyiron_log - INFO - Assigning a channel with the label a to the io key int_input139652024976880__a
2026-04-10 14:05:30,387 - pyiron_log - INFO - Assigning a channel with the label a to the io key float_input139652023133552__a
2026-04-10 14:05:30,387 - pyiron_log - INFO - Assigning a channel with the label a to the io key float_input0139652023133072__a
2026-04-10 14:05:30,387 - pyiron_log - INFO - Assigning a channel with the label S to the io key heron__S
2026-04-10 14:05:30,387 - pyiron_log - INFO - Assigning a channel with the label x_n to the io key heron__x_n
2026-04-10 14:05:30,387 - pyiron_log - INFO - Assigning a channel with the label S to the io key heron2__S
2026-04-10 14:05:30,387 - pyiron_log - INFO - Assigning a channel with the label max_diff to the io key diff__max_diff
2026-04-10 14:05:30,387 - pyiron_log - INFO - Assigning a channel with the label max_iterations to the io key new_while_loop139655024562624__max_iterations
2026-04-10 14:05:30,387 - pyiron_log - INFO - Assigning a channel with the label a to the io key int_input139652024976880__a
2026-04-10 14:05:30,387 - pyiron_log - INFO - Assigning a channel with the label a to the io key float_input139652023133552__a
2026-04-10 14:05:30,387 - pyiron_log - INFO - Assigning a channel with the label a to the io key float_input0139652023133072__a
2026-04-10 14:05:30,387 - pyiron_log - INFO - Assigning a channel with the label S to the io key heron__S
2026-04-10 14:05:30,387 - pyiron_log - INFO - Assigning a channel with the label x_n to the io key heron__x_n
2026-04-10 14:05:30,387 - pyiron_log - INFO - Assigning a channel with the label S to the io key heron2__S
2026-04-10 14:05:30,387 - pyiron_log - INFO - Assigning a channel with the label max_diff to the io key diff__max_diff
2026-04-10 14:05:30,387 - pyiron_log - INFO - Assigning a channel with the label max_iterations to the io key new_while_loop139655024562624__max_iterations
2026-04-10 14:05:30,387 - pyiron_log - INFO - Assigning a channel with the label a to the io key int_input139652024976880__a
2026-04-10 14:05:30,387 - pyiron_log - INFO - Assigning a channel with the label a to the io key float_input139652023133552__a
2026-04-10 14:05:30,387 - pyiron_log - INFO - Assigning a channel with the label a to the io key float_input0139652023133072__a
2026-04-10 14:05:30,387 - pyiron_log - INFO - Assigning a channel with the label half to the io key heron2__half
2026-04-10 14:05:30,387 - pyiron_log - INFO - Assigning a channel with the label x_n to the io key heron2__x_n
2026-04-10 14:05:30,387 - pyiron_log - INFO - Assigning a channel with the label diff_above to the io key diff__diff_above
2026-04-10 14:05:30,387 - pyiron_log - INFO - Assigning a channel with the label half to the io key new_while_loop139655024562624__half
2026-04-10 14:05:30,387 - pyiron_log - INFO - Assigning a channel with the label x_n to the io key new_while_loop139655024562624__x_n
2026-04-10 14:17:38,806 - pyiron_log - INFO - Assigning a channel with the label n to the io key sub_loop__n
2026-04-10 14:17:38,806 - pyiron_log - INFO - Assigning a channel with the label n to the io key sub_loop__n
2026-04-10 14:17:38,806 - pyiron_log - INFO - Assigning a channel with the label n to the io key sub_loop__n
2026-04-10 14:17:38,806 - pyiron_log - INFO - Assigning a channel with the label n to the io key sub_loop__n
2026-04-10 14:17:38,806 - pyiron_log - INFO - Assigning a channel with the label n to the io key sub_loop__n
2026-04-10 14:17:38,806 - pyiron_log - INFO - Assigning a channel with the label n to the io key sub_loop__n
2026-04-10 14:17:38,826 - pyiron_log - INFO - Assigning a channel with the label max to the io key sub_loop__max
2026-04-10 14:29:11,985 - pyiron_log - INFO - Assigning a channel with the label test_obj to the io key loop__test_obj
2026-04-10 14:29:11,985 - pyiron_log - INFO - Assigning a channel with the label test_other to the io key loop__test_other
2026-04-10 14:29:11,985 - pyiron_log - INFO - Assigning a channel with the label body_n to the io key loop__body_n
2026-04-10 14:29:11,985 - pyiron_log - INFO - Assigning a channel with the label max_iterations to the io key loop__max_iterations
2026-04-10 14:29:11,985 - pyiron_log - INFO - Assigning a channel with the label test_obj to the io key loop__test_obj
2026-04-10 14:29:11,985 - pyiron_log - INFO - Assigning a channel with the label test_other to the io key loop__test_other
2026-04-10 14:29:11,985 - pyiron_log - INFO - Assigning a channel with the label body_n to the io key loop__body_n
2026-04-10 14:29:11,985 - pyiron_log - INFO - Assigning a channel with the label max_iterations to the io key loop__max_iterations
2026-04-10 14:29:11,985 - pyiron_log - INFO - Assigning a channel with the label test_obj to the io key loop__test_obj
2026-04-10 14:29:11,985 - pyiron_log - INFO - Assigning a channel with the label test_other to the io key loop__test_other
2026-04-10 14:29:11,985 - pyiron_log - INFO - Assigning a channel with the label body_n to the io key loop__body_n
2026-04-10 14:29:11,985 - pyiron_log - INFO - Assigning a channel with the label max_iterations to the io key loop__max_iterations
2026-04-10 14:29:11,985 - pyiron_log - INFO - Assigning a channel with the label test_obj to the io key loop__test_obj
2026-04-10 14:29:11,985 - pyiron_log - INFO - Assigning a channel with the label test_other to the io key loop__test_other
2026-04-10 14:29:11,986 - pyiron_log - INFO - Assigning a channel with the label body_n to the io key loop__body_n
2026-04-10 14:29:11,986 - pyiron_log - INFO - Assigning a channel with the label max_iterations to the io key loop__max_iterations
2026-04-10 14:29:11,986 - pyiron_log - INFO - Assigning a channel with the label test_obj to the io key loop__test_obj
2026-04-10 14:29:11,986 - pyiron_log - INFO - Assigning a channel with the label test_other to the io key loop__test_other
2026-04-10 14:29:11,986 - pyiron_log - INFO - Assigning a channel with the label body_n to the io key loop__body_n
2026-04-10 14:29:11,986 - pyiron_log - INFO - Assigning a channel with the label max_iterations to the io key loop__max_iterations
2026-04-10 14:29:11,986 - pyiron_log - INFO - Assigning a channel with the label test_obj to the io key loop__test_obj
2026-04-10 14:29:11,986 - pyiron_log - INFO - Assigning a channel with the label test_other to the io key loop__test_other
2026-04-10 14:29:11,986 - pyiron_log - INFO - Assigning a channel with the label body_n to the io key loop__body_n
2026-04-10 14:29:11,986 - pyiron_log - INFO - Assigning a channel with the label max_iterations to the io key loop__max_iterations
2026-04-10 14:29:12,098 - pyiron_log - INFO - Assigning a channel with the label max to the io key loop__max
2026-04-10 14:31:31,869 - pyiron_log - INFO - Assigning a channel with the label test_obj to the io key loop__test_obj
2026-04-10 14:31:31,869 - pyiron_log - INFO - Assigning a channel with the label test_other to the io key loop__test_other
2026-04-10 14:31:31,869 - pyiron_log - INFO - Assigning a channel with the label body_n to the io key loop__body_n
2026-04-10 14:31:31,869 - pyiron_log - INFO - Assigning a channel with the label max_iterations to the io key loop__max_iterations
2026-04-10 14:31:31,869 - pyiron_log - INFO - Assigning a channel with the label test_obj to the io key loop__test_obj
2026-04-10 14:31:31,869 - pyiron_log - INFO - Assigning a channel with the label test_other to the io key loop__test_other
2026-04-10 14:31:31,869 - pyiron_log - INFO - Assigning a channel with the label body_n to the io key loop__body_n
2026-04-10 14:31:31,869 - pyiron_log - INFO - Assigning a channel with the label max_iterations to the io key loop__max_iterations
2026-04-10 14:31:31,869 - pyiron_log - INFO - Assigning a channel with the label test_obj to the io key loop__test_obj
2026-04-10 14:31:31,869 - pyiron_log - INFO - Assigning a channel with the label test_other to the io key loop__test_other
2026-04-10 14:31:31,869 - pyiron_log - INFO - Assigning a channel with the label body_n to the io key loop__body_n
2026-04-10 14:31:31,869 - pyiron_log - INFO - Assigning a channel with the label max_iterations to the io key loop__max_iterations
2026-04-10 14:31:31,870 - pyiron_log - INFO - Assigning a channel with the label test_obj to the io key loop__test_obj
2026-04-10 14:31:31,870 - pyiron_log - INFO - Assigning a channel with the label test_other to the io key loop__test_other
2026-04-10 14:31:31,870 - pyiron_log - INFO - Assigning a channel with the label body_n to the io key loop__body_n
2026-04-10 14:31:31,870 - pyiron_log - INFO - Assigning a channel with the label max_iterations to the io key loop__max_iterations
2026-04-10 14:31:31,870 - pyiron_log - INFO - Assigning a channel with the label test_obj to the io key loop__test_obj
2026-04-10 14:31:31,870 - pyiron_log - INFO - Assigning a channel with the label test_other to the io key loop__test_other
2026-04-10 14:31:31,870 - pyiron_log - INFO - Assigning a channel with the label body_n to the io key loop__body_n
2026-04-10 14:31:31,870 - pyiron_log - INFO - Assigning a channel with the label max_iterations to the io key loop__max_iterations
2026-04-10 14:31:31,870 - pyiron_log - INFO - Assigning a channel with the label test_obj to the io key loop__test_obj
2026-04-10 14:31:31,870 - pyiron_log - INFO - Assigning a channel with the label test_other to the io key loop__test_other
2026-04-10 14:31:31,870 - pyiron_log - INFO - Assigning a channel with the label body_n to the io key loop__body_n
2026-04-10 14:31:31,870 - pyiron_log - INFO - Assigning a channel with the label max_iterations to the io key loop__max_iterations
2026-04-10 14:31:31,973 - pyiron_log - INFO - Assigning a channel with the label max to the io key loop__max
2026-04-20 11:26:35,755 - pyiron_log - INFO - Assigning a channel with the label n to the io key new_for_loop139764954350992__n
2026-04-20 11:26:35,756 - pyiron_log - INFO - Assigning a channel with the label square to the io key new_for_loop139764954350992__square
2026-04-20 11:26:46,856 - pyiron_log - INFO - Assigning a channel with the label n to the io key new_for_loop139764954350992__n
2026-04-20 11:26:46,856 - pyiron_log - INFO - Assigning a channel with the label square to the io key new_for_loop139764954350992__square
2026-04-20 11:33:17,924 - pyiron_log - INFO - Assigning a channel with the label a_list to the io key list_input140119149379456__a_list
2026-04-20 11:33:17,925 - pyiron_log - INFO - Assigning a channel with the label a_list to the io key list_input140119149379456__a_list
2026-04-20 11:33:17,925 - pyiron_log - INFO - Assigning a channel with the label a_list to the io key list_input140119149379456__a_list
2026-04-20 11:33:17,925 - pyiron_log - INFO - Assigning a channel with the label a_list to the io key list_input140119149379456__a_list
2026-04-20 11:33:17,925 - pyiron_log - INFO - Assigning a channel with the label a_list to the io key list_input140119149379456__a_list
2026-04-20 11:33:17,925 - pyiron_log - INFO - Assigning a channel with the label a_list to the io key list_input140119149379456__a_list
2026-04-20 11:33:17,925 - pyiron_log - INFO - Assigning a channel with the label df to the io key lower_loop140119196713664__df
2026-04-20 11:34:13,512 - pyiron_log - INFO - Assigning a channel with the label a to the io key float_input140119178360736__a
2026-04-20 11:34:13,512 - pyiron_log - INFO - Assigning a channel with the label a to the io key float_input140119178360736__a
2026-04-20 11:34:13,512 - pyiron_log - INFO - Assigning a channel with the label a to the io key float_input140119178360736__a
2026-04-20 11:34:13,512 - pyiron_log - INFO - Assigning a channel with the label a to the io key float_input140119178360736__a
2026-04-20 11:34:13,512 - pyiron_log - INFO - Assigning a channel with the label a to the io key float_input140119178360736__a
2026-04-20 11:34:13,512 - pyiron_log - INFO - Assigning a channel with the label a to the io key float_input140119178360736__a
2026-04-20 11:34:13,512 - pyiron_log - INFO - Assigning a channel with the label df to the io key lower_loop140119196713664__df
2026-04-20 11:47:59,745 - pyiron_log - INFO - int_input is already a node; appending an index to the node label instead: int_input0
2026-04-20 11:52:07,016 - pyiron_log - INFO - int_input is already a node; appending an index to the node label instead: int_input1
2026-04-20 12:06:32,755 - pyiron_log - INFO - Assigning a channel with the label n to the io key ans_macro__n
2026-04-20 12:06:32,755 - pyiron_log - INFO - Assigning a channel with the label n to the io key ans_macro__n
2026-04-20 12:06:32,755 - pyiron_log - INFO - Assigning a channel with the label n to the io key ans_macro__n
2026-04-20 12:06:32,756 - pyiron_log - INFO - Assigning a channel with the label n to the io key ans_macro__n
2026-04-20 12:06:32,756 - pyiron_log - INFO - Assigning a channel with the label n to the io key ans_macro__n
2026-04-20 12:06:32,756 - pyiron_log - INFO - Assigning a channel with the label n to the io key ans_macro__n
2026-04-20 12:06:32,756 - pyiron_log - INFO - Assigning a channel with the label n to the io key ans_macro__n
2026-04-20 12:06:32,756 - pyiron_log - INFO - Assigning a channel with the label n to the io key ans_macro__n
2026-04-20 12:06:32,756 - pyiron_log - INFO - Assigning a channel with the label n to the io key ans_macro__n
2026-04-20 12:06:32,756 - pyiron_log - INFO - Assigning a channel with the label n to the io key ans_macro__n
2026-04-20 12:06:40,719 - pyiron_log - INFO - Assigning a channel with the label n to the io key new_for_loop140542354405376__n
2026-04-20 12:06:40,719 - pyiron_log - INFO - Assigning a channel with the label square to the io key new_for_loop140542354405376__square
2026-04-20 12:33:12,293 - pyiron_log - INFO - float_input is already a node; appending an index to the node label instead: float_input0
2026-04-20 12:33:22,818 - pyiron_log - INFO - Assigning a channel with the label S to the io key heron_step__S
2026-04-20 12:33:22,818 - pyiron_log - INFO - Assigning a channel with the label x_n to the io key heron_step__x_n
2026-04-20 12:33:22,818 - pyiron_log - INFO - Assigning a channel with the label a to the io key int_input140349227741984__a
2026-04-20 12:33:22,818 - pyiron_log - INFO - Assigning a channel with the label a to the io key float_input__a
2026-04-20 12:33:22,818 - pyiron_log - INFO - Assigning a channel with the label a to the io key float_input0__a
2026-04-20 12:33:22,818 - pyiron_log - INFO - Assigning a channel with the label S to the io key heron_step__S
2026-04-20 12:33:22,819 - pyiron_log - INFO - Assigning a channel with the label x_n to the io key heron_step__x_n
2026-04-20 12:33:22,819 - pyiron_log - INFO - Assigning a channel with the label a to the io key int_input140349227741984__a
2026-04-20 12:33:22,819 - pyiron_log - INFO - Assigning a channel with the label a to the io key float_input__a
2026-04-20 12:33:22,819 - pyiron_log - INFO - Assigning a channel with the label a to the io key float_input0__a
2026-04-20 12:33:22,819 - pyiron_log - INFO - Assigning a channel with the label S to the io key heron_step__S
2026-04-20 12:33:22,819 - pyiron_log - INFO - Assigning a channel with the label x_n to the io key heron_step__x_n
2026-04-20 12:33:22,819 - pyiron_log - INFO - Assigning a channel with the label a to the io key int_input140349227741984__a
2026-04-20 12:33:22,819 - pyiron_log - INFO - Assigning a channel with the label a to the io key float_input__a
2026-04-20 12:33:22,819 - pyiron_log - INFO - Assigning a channel with the label a to the io key float_input0__a
2026-04-20 12:33:22,819 - pyiron_log - INFO - Assigning a channel with the label S to the io key heron_step__S
2026-04-20 12:33:22,819 - pyiron_log - INFO - Assigning a channel with the label x_n to the io key heron_step__x_n
2026-04-20 12:33:22,819 - pyiron_log - INFO - Assigning a channel with the label a to the io key int_input140349227741984__a
2026-04-20 12:33:22,819 - pyiron_log - INFO - Assigning a channel with the label a to the io key float_input__a
2026-04-20 12:33:22,819 - pyiron_log - INFO - Assigning a channel with the label a to the io key float_input0__a
2026-04-20 12:33:22,819 - pyiron_log - INFO - Assigning a channel with the label S to the io key heron_step__S
2026-04-20 12:33:22,819 - pyiron_log - INFO - Assigning a channel with the label x_n to the io key heron_step__x_n
2026-04-20 12:33:22,819 - pyiron_log - INFO - Assigning a channel with the label a to the io key int_input140349227741984__a
2026-04-20 12:33:22,819 - pyiron_log - INFO - Assigning a channel with the label a to the io key float_input__a
2026-04-20 12:33:22,819 - pyiron_log - INFO - Assigning a channel with the label a to the io key float_input0__a
2026-04-20 12:33:22,819 - pyiron_log - INFO - Assigning a channel with the label S to the io key heron_step__S
2026-04-20 12:33:22,819 - pyiron_log - INFO - Assigning a channel with the label x_n to the io key heron_step__x_n
2026-04-20 12:33:22,819 - pyiron_log - INFO - Assigning a channel with the label a to the io key int_input140349227741984__a
2026-04-20 12:33:22,819 - pyiron_log - INFO - Assigning a channel with the label a to the io key float_input__a
2026-04-20 12:33:22,819 - pyiron_log - INFO - Assigning a channel with the label a to the io key float_input0__a
2026-04-20 12:33:22,819 - pyiron_log - INFO - Assigning a channel with the label square to the io key add_and_square_macro140349126740400__square
2026-04-20 12:33:22,819 - pyiron_log - INFO - Assigning a channel with the label half to the io key heron_step__half
2026-04-20 12:33:22,820 - pyiron_log - INFO - Assigning a channel with the label x_n to the io key heron_step__x_n
2026-04-20 12:33:22,820 - pyiron_log - INFO - Assigning a channel with the label a to the io key float_input__a
2026-04-20 12:33:22,820 - pyiron_log - INFO - Assigning a channel with the label a to the io key float_input0__a
2026-04-20 12:33:52,771 - pyiron_log - INFO - Assigning a channel with the label a to the io key int_input__a
2026-04-20 12:33:52,771 - pyiron_log - INFO - Assigning a channel with the label a to the io key float_input140349126757024__a
2026-04-20 12:33:52,771 - pyiron_log - INFO - Assigning a channel with the label a to the io key float_input0140349126762064__a
2026-04-20 12:33:52,771 - pyiron_log - INFO - Assigning a channel with the label a to the io key int_input__a
2026-04-20 12:33:52,771 - pyiron_log - INFO - Assigning a channel with the label a to the io key float_input140349126757024__a
2026-04-20 12:33:52,771 - pyiron_log - INFO - Assigning a channel with the label a to the io key float_input0140349126762064__a
2026-04-20 12:33:52,771 - pyiron_log - INFO - Assigning a channel with the label a to the io key int_input__a
2026-04-20 12:33:52,771 - pyiron_log - INFO - Assigning a channel with the label a to the io key float_input140349126757024__a
2026-04-20 12:33:52,771 - pyiron_log - INFO - Assigning a channel with the label a to the io key float_input0140349126762064__a
2026-04-20 12:33:52,772 - pyiron_log - INFO - Assigning a channel with the label a to the io key int_input__a
2026-04-20 12:33:52,772 - pyiron_log - INFO - Assigning a channel with the label a to the io key float_input140349126757024__a
2026-04-20 12:33:52,772 - pyiron_log - INFO - Assigning a channel with the label a to the io key float_input0140349126762064__a
2026-04-20 12:33:52,772 - pyiron_log - INFO - Assigning a channel with the label a to the io key int_input__a
2026-04-20 12:33:52,772 - pyiron_log - INFO - Assigning a channel with the label a to the io key float_input140349126757024__a
2026-04-20 12:33:52,772 - pyiron_log - INFO - Assigning a channel with the label a to the io key float_input0140349126762064__a
2026-04-20 12:33:52,772 - pyiron_log - INFO - Assigning a channel with the label a to the io key int_input__a
2026-04-20 12:33:52,772 - pyiron_log - INFO - Assigning a channel with the label a to the io key float_input140349126757024__a
2026-04-20 12:33:52,772 - pyiron_log - INFO - Assigning a channel with the label a to the io key float_input0140349126762064__a
2026-04-20 12:33:52,772 - pyiron_log - INFO - Assigning a channel with the label square to the io key add_and_square_macro__square
2026-04-20 12:33:52,772 - pyiron_log - INFO - Assigning a channel with the label half to the io key heron_step140349126761440__half
2026-04-20 12:33:52,772 - pyiron_log - INFO - Assigning a channel with the label x_n to the io key heron_step140349126761440__x_n
2026-04-20 12:35:34,638 - pyiron_log - INFO - diff_above is already a node; appending an index to the node label instead: diff_above0
2026-04-20 12:35:43,970 - pyiron_log - INFO - heron_step is already a node; appending an index to the node label instead: heron_step0
2026-04-20 12:38:02,612 - pyiron_log - INFO - int_input is already a node; appending an index to the node label instead: int_input0
2026-04-20 12:38:06,787 - pyiron_log - INFO - int_input is already a node; appending an index to the node label instead: int_input1
2026-04-20 12:38:16,912 - pyiron_log - INFO - float_input is already a node; appending an index to the node label instead: float_input0
2026-04-20 12:39:03,669 - pyiron_log - INFO - Assigning a channel with the label max_iterations to the io key new_while_loop140349126747552__max_iterations
2026-04-20 12:39:03,669 - pyiron_log - INFO - Assigning a channel with the label a to the io key int_input140349126768640__a
2026-04-20 12:39:03,669 - pyiron_log - INFO - Assigning a channel with the label a to the io key int_input0140349126814336__a
2026-04-20 12:39:03,670 - pyiron_log - INFO - Assigning a channel with the label a to the io key float_input140349126841104__a
2026-04-20 12:39:03,671 - pyiron_log - INFO - Assigning a channel with the label a to the io key int_input1140349126744336__a
2026-04-20 12:39:03,671 - pyiron_log - INFO - Assigning a channel with the label a to the io key float_input0140349126820016__a
2026-04-20 12:39:03,671 - pyiron_log - INFO - Assigning a channel with the label max_iterations to the io key new_while_loop140349126747552__max_iterations
2026-04-20 12:39:03,671 - pyiron_log - INFO - Assigning a channel with the label a to the io key int_input140349126768640__a
2026-04-20 12:39:03,671 - pyiron_log - INFO - Assigning a channel with the label a to the io key int_input0140349126814336__a
2026-04-20 12:39:03,671 - pyiron_log - INFO - Assigning a channel with the label a to the io key float_input140349126841104__a
2026-04-20 12:39:03,671 - pyiron_log - INFO - Assigning a channel with the label a to the io key int_input1140349126744336__a
2026-04-20 12:39:03,671 - pyiron_log - INFO - Assigning a channel with the label a to the io key float_input0140349126820016__a
2026-04-20 12:39:03,671 - pyiron_log - INFO - Assigning a channel with the label max_iterations to the io key new_while_loop140349126747552__max_iterations
2026-04-20 12:39:03,671 - pyiron_log - INFO - Assigning a channel with the label a to the io key int_input140349126768640__a
2026-04-20 12:39:03,671 - pyiron_log - INFO - Assigning a channel with the label a to the io key int_input0140349126814336__a
2026-04-20 12:39:03,671 - pyiron_log - INFO - Assigning a channel with the label a to the io key float_input140349126841104__a
2026-04-20 12:39:03,671 - pyiron_log - INFO - Assigning a channel with the label a to the io key int_input1140349126744336__a
2026-04-20 12:39:03,671 - pyiron_log - INFO - Assigning a channel with the label a to the io key float_input0140349126820016__a
2026-04-20 12:39:03,671 - pyiron_log - INFO - Assigning a channel with the label max_iterations to the io key new_while_loop140349126747552__max_iterations
2026-04-20 12:39:03,671 - pyiron_log - INFO - Assigning a channel with the label a to the io key int_input140349126768640__a
2026-04-20 12:39:03,671 - pyiron_log - INFO - Assigning a channel with the label a to the io key int_input0140349126814336__a
2026-04-20 12:39:03,671 - pyiron_log - INFO - Assigning a channel with the label a to the io key float_input140349126841104__a
2026-04-20 12:39:03,671 - pyiron_log - INFO - Assigning a channel with the label a to the io key int_input1140349126744336__a
2026-04-20 12:39:03,671 - pyiron_log - INFO - Assigning a channel with the label a to the io key float_input0140349126820016__a
2026-04-20 12:39:03,671 - pyiron_log - INFO - Assigning a channel with the label max_iterations to the io key new_while_loop140349126747552__max_iterations
2026-04-20 12:39:03,671 - pyiron_log - INFO - Assigning a channel with the label a to the io key int_input140349126768640__a
2026-04-20 12:39:03,671 - pyiron_log - INFO - Assigning a channel with the label a to the io key int_input0140349126814336__a
2026-04-20 12:39:03,671 - pyiron_log - INFO - Assigning a channel with the label a to the io key float_input140349126841104__a
2026-04-20 12:39:03,671 - pyiron_log - INFO - Assigning a channel with the label a to the io key int_input1140349126744336__a
2026-04-20 12:39:03,671 - pyiron_log - INFO - Assigning a channel with the label a to the io key float_input0140349126820016__a
2026-04-20 12:39:03,671 - pyiron_log - INFO - Assigning a channel with the label max_iterations to the io key new_while_loop140349126747552__max_iterations
2026-04-20 12:39:03,671 - pyiron_log - INFO - Assigning a channel with the label a to the io key int_input140349126768640__a
2026-04-20 12:39:03,671 - pyiron_log - INFO - Assigning a channel with the label a to the io key int_input0140349126814336__a
2026-04-20 12:39:03,671 - pyiron_log - INFO - Assigning a channel with the label a to the io key float_input140349126841104__a
2026-04-20 12:39:03,671 - pyiron_log - INFO - Assigning a channel with the label a to the io key int_input1140349126744336__a
2026-04-20 12:39:03,671 - pyiron_log - INFO - Assigning a channel with the label a to the io key float_input0140349126820016__a
2026-04-20 12:39:03,672 - pyiron_log - INFO - Assigning a channel with the label half to the io key new_while_loop140349126747552__half
2026-04-20 12:39:03,672 - pyiron_log - INFO - Assigning a channel with the label x_n to the io key new_while_loop140349126747552__x_n
2026-04-20 12:47:08,921 - pyiron_log - INFO - Assigning a channel with the label n to the io key ans_macro__n
2026-04-20 12:47:08,921 - pyiron_log - INFO - Assigning a channel with the label n to the io key ans_macro__n
2026-04-20 12:47:08,921 - pyiron_log - INFO - Assigning a channel with the label n to the io key ans_macro__n
2026-04-20 12:47:08,922 - pyiron_log - INFO - Assigning a channel with the label n to the io key ans_macro__n
2026-04-20 12:47:08,922 - pyiron_log - INFO - Assigning a channel with the label n to the io key ans_macro__n
2026-04-20 12:47:08,922 - pyiron_log - INFO - Assigning a channel with the label n to the io key ans_macro__n
2026-04-20 12:47:08,922 - pyiron_log - INFO - Assigning a channel with the label n to the io key ans_macro__n
2026-04-20 12:47:08,922 - pyiron_log - INFO - Assigning a channel with the label n to the io key ans_macro__n
2026-04-20 12:47:08,922 - pyiron_log - INFO - Assigning a channel with the label n to the io key ans_macro__n
2026-04-20 12:47:08,922 - pyiron_log - INFO - Assigning a channel with the label n to the io key ans_macro__n
2026-04-20 12:47:13,929 - pyiron_log - INFO - Assigning a channel with the label n to the io key new_for_loop140515586883952__n
2026-04-20 12:47:13,930 - pyiron_log - INFO - Assigning a channel with the label square to the io key new_for_loop140515586883952__square
2026-04-20 13:12:56,444 - pyiron_log - INFO - heron_step is already a node; appending an index to the node label instead: heron_step0
2026-04-20 13:13:18,293 - pyiron_log - INFO - heron_step is already a node; appending an index to the node label instead: heron_step1
2026-04-20 13:16:05,461 - pyiron_log - INFO - int_input is already a node; appending an index to the node label instead: int_input0
2026-04-20 13:16:21,900 - pyiron_log - INFO - int_input is already a node; appending an index to the node label instead: int_input1
2026-04-20 13:16:22,769 - pyiron_log - INFO - int_input is already a node; appending an index to the node label instead: int_input2
2026-04-20 13:17:37,791 - pyiron_log - INFO - Assigning a channel with the label max_iterations to the io key new_while_loop140515561487680__max_iterations
2026-04-20 13:17:37,791 - pyiron_log - INFO - Assigning a channel with the label a to the io key int_input140515560140544__a
2026-04-20 13:17:37,791 - pyiron_log - INFO - Assigning a channel with the label a to the io key float_input140515559977760__a
2026-04-20 13:17:37,791 - pyiron_log - INFO - Assigning a channel with the label a to the io key int_input0140515561500608__a
2026-04-20 13:17:37,791 - pyiron_log - INFO - Assigning a channel with the label a to the io key int_input1140515560069488__a
2026-04-20 13:17:37,791 - pyiron_log - INFO - Assigning a channel with the label a to the io key int_input2140515585453248__a
2026-04-20 13:17:37,791 - pyiron_log - INFO - Assigning a channel with the label max_iterations to the io key new_while_loop140515561487680__max_iterations
2026-04-20 13:17:37,791 - pyiron_log - INFO - Assigning a channel with the label a to the io key int_input140515560140544__a
2026-04-20 13:17:37,791 - pyiron_log - INFO - Assigning a channel with the label a to the io key float_input140515559977760__a
2026-04-20 13:17:37,791 - pyiron_log - INFO - Assigning a channel with the label a to the io key int_input0140515561500608__a
2026-04-20 13:17:37,792 - pyiron_log - INFO - Assigning a channel with the label a to the io key int_input1140515560069488__a
2026-04-20 13:17:37,792 - pyiron_log - INFO - Assigning a channel with the label a to the io key int_input2140515585453248__a
2026-04-20 13:17:37,792 - pyiron_log - INFO - Assigning a channel with the label max_iterations to the io key new_while_loop140515561487680__max_iterations
2026-04-20 13:17:37,792 - pyiron_log - INFO - Assigning a channel with the label a to the io key int_input140515560140544__a
2026-04-20 13:17:37,792 - pyiron_log - INFO - Assigning a channel with the label a to the io key float_input140515559977760__a
2026-04-20 13:17:37,792 - pyiron_log - INFO - Assigning a channel with the label a to the io key int_input0140515561500608__a
2026-04-20 13:17:37,792 - pyiron_log - INFO - Assigning a channel with the label a to the io key int_input1140515560069488__a
2026-04-20 13:17:37,792 - pyiron_log - INFO - Assigning a channel with the label a to the io key int_input2140515585453248__a
2026-04-20 13:17:37,792 - pyiron_log - INFO - Assigning a channel with the label max_iterations to the io key new_while_loop140515561487680__max_iterations
2026-04-20 13:17:37,792 - pyiron_log - INFO - Assigning a channel with the label a to the io key int_input140515560140544__a
2026-04-20 13:17:37,792 - pyiron_log - INFO - Assigning a channel with the label a to the io key float_input140515559977760__a
2026-04-20 13:17:37,792 - pyiron_log - INFO - Assigning a channel with the label a to the io key int_input0140515561500608__a
2026-04-20 13:17:37,792 - pyiron_log - INFO - Assigning a channel with the label a to the io key int_input1140515560069488__a
2026-04-20 13:17:37,792 - pyiron_log - INFO - Assigning a channel with the label a to the io key int_input2140515585453248__a
2026-04-20 13:17:37,792 - pyiron_log - INFO - Assigning a channel with the label max_iterations to the io key new_while_loop140515561487680__max_iterations
2026-04-20 13:17:37,792 - pyiron_log - INFO - Assigning a channel with the label a to the io key int_input140515560140544__a
2026-04-20 13:17:37,792 - pyiron_log - INFO - Assigning a channel with the label a to the io key float_input140515559977760__a
2026-04-20 13:17:37,792 - pyiron_log - INFO - Assigning a channel with the label a to the io key int_input0140515561500608__a
2026-04-20 13:17:37,792 - pyiron_log - INFO - Assigning a channel with the label a to the io key int_input1140515560069488__a
2026-04-20 13:17:37,792 - pyiron_log - INFO - Assigning a channel with the label a to the io key int_input2140515585453248__a
2026-04-20 13:17:37,792 - pyiron_log - INFO - Assigning a channel with the label max_iterations to the io key new_while_loop140515561487680__max_iterations
2026-04-20 13:17:37,792 - pyiron_log - INFO - Assigning a channel with the label a to the io key int_input140515560140544__a
2026-04-20 13:17:37,792 - pyiron_log - INFO - Assigning a channel with the label a to the io key float_input140515559977760__a
2026-04-20 13:17:37,792 - pyiron_log - INFO - Assigning a channel with the label a to the io key int_input0140515561500608__a
2026-04-20 13:17:37,792 - pyiron_log - INFO - Assigning a channel with the label a to the io key int_input1140515560069488__a
2026-04-20 13:17:37,792 - pyiron_log - INFO - Assigning a channel with the label a to the io key int_input2140515585453248__a
2026-04-20 13:17:37,792 - pyiron_log - INFO - Assigning a channel with the label half to the io key new_while_loop140515561487680__half
2026-04-20 13:17:37,792 - pyiron_log - INFO - Assigning a channel with the label x_n to the io key new_while_loop140515561487680__x_n
2026-04-20 13:19:25,918 - pyiron_log - INFO - heron_step is already a node; appending an index to the node label instead: heron_step0
2026-04-20 13:20:11,294 - pyiron_log - INFO - float_input is already a node; appending an index to the node label instead: float_input0
2026-04-20 13:20:11,700 - pyiron_log - INFO - float_input is already a node; appending an index to the node label instead: float_input1
2026-04-20 13:20:12,107 - pyiron_log - INFO - float_input is already a node; appending an index to the node label instead: float_input2
2026-04-20 13:20:12,633 - pyiron_log - INFO - float_input is already a node; appending an index to the node label instead: float_input3
2026-04-20 13:20:59,296 - pyiron_log - INFO - Assigning a channel with the label S to the io key heron_step__S
2026-04-20 13:20:59,296 - pyiron_log - INFO - Assigning a channel with the label x_n to the io key heron_step__x_n
2026-04-20 13:20:59,296 - pyiron_log - INFO - Assigning a channel with the label S to the io key heron_step0__S
2026-04-20 13:20:59,297 - pyiron_log - INFO - Assigning a channel with the label max_diff to the io key diff_above__max_diff
2026-04-20 13:20:59,297 - pyiron_log - INFO - Assigning a channel with the label max_iterations to the io key new_while_loop140515560099088__max_iterations
2026-04-20 13:20:59,297 - pyiron_log - INFO - Assigning a channel with the label a to the io key float_input140515473080144__a
2026-04-20 13:20:59,297 - pyiron_log - INFO - Assigning a channel with the label a to the io key float_input0140515559972096__a
2026-04-20 13:20:59,297 - pyiron_log - INFO - Assigning a channel with the label a to the io key float_input1140515472761456__a
2026-04-20 13:20:59,297 - pyiron_log - INFO - Assigning a channel with the label a to the io key float_input2140515560045648__a
2026-04-20 13:20:59,297 - pyiron_log - INFO - Assigning a channel with the label a to the io key float_input3140515587132016__a
2026-04-20 13:20:59,297 - pyiron_log - INFO - Assigning a channel with the label S to the io key heron_step__S
2026-04-20 13:20:59,297 - pyiron_log - INFO - Assigning a channel with the label x_n to the io key heron_step__x_n
2026-04-20 13:20:59,297 - pyiron_log - INFO - Assigning a channel with the label S to the io key heron_step0__S
2026-04-20 13:20:59,297 - pyiron_log - INFO - Assigning a channel with the label max_diff to the io key diff_above__max_diff
2026-04-20 13:20:59,297 - pyiron_log - INFO - Assigning a channel with the label max_iterations to the io key new_while_loop140515560099088__max_iterations
2026-04-20 13:20:59,297 - pyiron_log - INFO - Assigning a channel with the label a to the io key float_input140515473080144__a
2026-04-20 13:20:59,297 - pyiron_log - INFO - Assigning a channel with the label a to the io key float_input0140515559972096__a
2026-04-20 13:20:59,297 - pyiron_log - INFO - Assigning a channel with the label a to the io key float_input1140515472761456__a
2026-04-20 13:20:59,297 - pyiron_log - INFO - Assigning a channel with the label a to the io key float_input2140515560045648__a
2026-04-20 13:20:59,297 - pyiron_log - INFO - Assigning a channel with the label a to the io key float_input3140515587132016__a
2026-04-20 13:20:59,297 - pyiron_log - INFO - Assigning a channel with the label S to the io key heron_step__S
2026-04-20 13:20:59,297 - pyiron_log - INFO - Assigning a channel with the label x_n to the io key heron_step__x_n
2026-04-20 13:20:59,297 - pyiron_log - INFO - Assigning a channel with the label S to the io key heron_step0__S
2026-04-20 13:20:59,297 - pyiron_log - INFO - Assigning a channel with the label max_diff to the io key diff_above__max_diff
2026-04-20 13:20:59,297 - pyiron_log - INFO - Assigning a channel with the label max_iterations to the io key new_while_loop140515560099088__max_iterations
2026-04-20 13:20:59,297 - pyiron_log - INFO - Assigning a channel with the label a to the io key float_input140515473080144__a
2026-04-20 13:20:59,297 - pyiron_log - INFO - Assigning a channel with the label a to the io key float_input0140515559972096__a
2026-04-20 13:20:59,297 - pyiron_log - INFO - Assigning a channel with the label a to the io key float_input1140515472761456__a
2026-04-20 13:20:59,297 - pyiron_log - INFO - Assigning a channel with the label a to the io key float_input2140515560045648__a
2026-04-20 13:20:59,297 - pyiron_log - INFO - Assigning a channel with the label a to the io key float_input3140515587132016__a
2026-04-20 13:20:59,297 - pyiron_log - INFO - Assigning a channel with the label S to the io key heron_step__S
2026-04-20 13:20:59,297 - pyiron_log - INFO - Assigning a channel with the label x_n to the io key heron_step__x_n
2026-04-20 13:20:59,297 - pyiron_log - INFO - Assigning a channel with the label S to the io key heron_step0__S
2026-04-20 13:20:59,297 - pyiron_log - INFO - Assigning a channel with the label max_diff to the io key diff_above__max_diff
2026-04-20 13:20:59,298 - pyiron_log - INFO - Assigning a channel with the label max_iterations to the io key new_while_loop140515560099088__max_iterations
2026-04-20 13:20:59,298 - pyiron_log - INFO - Assigning a channel with the label a to the io key float_input140515473080144__a
2026-04-20 13:20:59,298 - pyiron_log - INFO - Assigning a channel with the label a to the io key float_input0140515559972096__a
2026-04-20 13:20:59,298 - pyiron_log - INFO - Assigning a channel with the label a to the io key float_input1140515472761456__a
2026-04-20 13:20:59,298 - pyiron_log - INFO - Assigning a channel with the label a to the io key float_input2140515560045648__a
2026-04-20 13:20:59,298 - pyiron_log - INFO - Assigning a channel with the label a to the io key float_input3140515587132016__a
2026-04-20 13:20:59,298 - pyiron_log - INFO - Assigning a channel with the label S to the io key heron_step__S
2026-04-20 13:20:59,298 - pyiron_log - INFO - Assigning a channel with the label x_n to the io key heron_step__x_n
2026-04-20 13:20:59,298 - pyiron_log - INFO - Assigning a channel with the label S to the io key heron_step0__S
2026-04-20 13:20:59,298 - pyiron_log - INFO - Assigning a channel with the label max_diff to the io key diff_above__max_diff
2026-04-20 13:20:59,298 - pyiron_log - INFO - Assigning a channel with the label max_iterations to the io key new_while_loop140515560099088__max_iterations
2026-04-20 13:20:59,298 - pyiron_log - INFO - Assigning a channel with the label a to the io key float_input140515473080144__a
2026-04-20 13:20:59,298 - pyiron_log - INFO - Assigning a channel with the label a to the io key float_input0140515559972096__a
2026-04-20 13:20:59,298 - pyiron_log - INFO - Assigning a channel with the label a to the io key float_input1140515472761456__a
2026-04-20 13:20:59,298 - pyiron_log - INFO - Assigning a channel with the label a to the io key float_input2140515560045648__a
2026-04-20 13:20:59,298 - pyiron_log - INFO - Assigning a channel with the label a to the io key float_input3140515587132016__a
2026-04-20 13:20:59,298 - pyiron_log - INFO - Assigning a channel with the label S to the io key heron_step__S
2026-04-20 13:20:59,298 - pyiron_log - INFO - Assigning a channel with the label x_n to the io key heron_step__x_n
2026-04-20 13:20:59,298 - pyiron_log - INFO - Assigning a channel with the label S to the io key heron_step0__S
2026-04-20 13:20:59,298 - pyiron_log - INFO - Assigning a channel with the label max_diff to the io key diff_above__max_diff
2026-04-20 13:20:59,298 - pyiron_log - INFO - Assigning a channel with the label max_iterations to the io key new_while_loop140515560099088__max_iterations
2026-04-20 13:20:59,298 - pyiron_log - INFO - Assigning a channel with the label a to the io key float_input140515473080144__a
2026-04-20 13:20:59,298 - pyiron_log - INFO - Assigning a channel with the label a to the io key float_input0140515559972096__a
2026-04-20 13:20:59,298 - pyiron_log - INFO - Assigning a channel with the label a to the io key float_input1140515472761456__a
2026-04-20 13:20:59,298 - pyiron_log - INFO - Assigning a channel with the label a to the io key float_input2140515560045648__a
2026-04-20 13:20:59,298 - pyiron_log - INFO - Assigning a channel with the label a to the io key float_input3140515587132016__a
2026-04-20 13:20:59,298 - pyiron_log - INFO - Assigning a channel with the label half to the io key heron_step0__half
2026-04-20 13:20:59,298 - pyiron_log - INFO - Assigning a channel with the label x_n to the io key heron_step0__x_n
2026-04-20 13:20:59,299 - pyiron_log - INFO - Assigning a channel with the label diff_above to the io key diff_above__diff_above
2026-04-20 13:20:59,299 - pyiron_log - INFO - Assigning a channel with the label half to the io key new_while_loop140515560099088__half
2026-04-20 13:20:59,299 - pyiron_log - INFO - Assigning a channel with the label x_n to the io key new_while_loop140515560099088__x_n
2026-04-20 13:29:58,028 - pyiron_log - INFO - Assigning a channel with the label n to the io key macro__n
2026-04-20 13:29:58,028 - pyiron_log - INFO - Assigning a channel with the label n to the io key macro__n
2026-04-20 13:29:58,028 - pyiron_log - INFO - Assigning a channel with the label n to the io key macro__n
2026-04-20 13:29:58,028 - pyiron_log - INFO - Assigning a channel with the label n to the io key macro__n
2026-04-20 13:29:58,028 - pyiron_log - INFO - Assigning a channel with the label n to the io key macro__n
2026-04-20 13:29:58,028 - pyiron_log - INFO - Assigning a channel with the label n to the io key macro__n
2026-04-20 13:29:58,028 - pyiron_log - INFO - Assigning a channel with the label n to the io key macro__n
2026-04-20 13:29:58,029 - pyiron_log - INFO - Assigning a channel with the label n to the io key macro__n
2026-04-20 13:29:58,029 - pyiron_log - INFO - Assigning a channel with the label n to the io key macro__n
2026-04-20 13:29:58,029 - pyiron_log - INFO - Assigning a channel with the label n to the io key macro__n
2026-04-20 13:30:03,002 - pyiron_log - INFO - Assigning a channel with the label n to the io key new_for_loop140515560063392__n
2026-04-20 13:30:03,002 - pyiron_log - INFO - Assigning a channel with the label square to the io key new_for_loop140515560063392__square
